time,APCP_surface,DLWRF_surface,DSWRF_surface,PRES_surface,SPFH_2maboveground,TMP_2maboveground,UGRD_10maboveground,VGRD_10maboveground,precip_rate
2017-01-01 00:00:00,0.0,282.00598,78.48468,100902.01,0.0048364783,284.76544,-0.13910905,-2.053523,0.0
2017-01-01 01:00:00,0.0,279.69934,0.0,100797.66,0.004639859,283.1434,1.0376377,-1.5992804,0.0
2017-01-01 02:00:00,0.0,277.44818,0.0,100891.89,0.0046704286,281.28308,2.211575,-1.1450777,0.0
2017-01-01 03:00:00,0.0,257.89905,0.0,101058.414,0.004473334,280.48376,3.3861184,-0.6935619,0.0
2017-01-01 04:00:00,0.0,254.3677,0.0,101015.69,0.004465874,279.4218,3.3569303,-1.4026825,0.0
2017-01-01 05:00:00,0.0,251.71954,0.0,100982.17,0.0045192577,278.54443,3.3252017,-2.106343,0.0
2017-01-01 06:00:00,0.0,247.47484,0.0,101090.93,0.004427838,277.66248,3.299244,-2.8151712,0.0
2017-01-01 07:00:00,0.0,246.7937,0.0,100952.69,0.0043766066,277.5125,3.4714804,-2.267114,0.0
2017-01-01 08:00:00,0.0,245.78409,0.0,100978.84,0.0042783814,277.32742,3.6538928,-1.7225513,0.0
2017-01-01 09:00:00,0.0,241.91454,0.0,101026.04,0.004387887,276.86926,3.8324885,-1.1768272,0.0
2017-01-01 10:00:00,0.0,247.22581,0.0,100999.12,0.004743866,277.99136,3.8935337,-1.0299937,0.0
2017-01-01 11:00:00,0.0,254.22527,0.0,100995.06,0.0050741695,279.5697,3.956224,-0.8809577,0.0
2017-01-01 12:00:00,0.0,251.11502,0.0,101034.84,0.005249907,280.03058,4.0272923,-0.73952127,0.0
2017-01-01 13:00:00,0.0,249.27039,0.0,100834.15,0.005016841,279.40997,3.9831731,-0.9219264,0.0
2017-01-01 14:00:00,0.018213874,249.78821,0.0,100837.23,0.0049906666,279.2487,3.9490387,-1.1150572,5.0594094e-06
2017-01-01 15:00:00,0.03125,251.3246,0.0,101011.26,0.0050732777,279.37604,3.911316,-1.298038,8.680556e-06
2017-01-01 16:00:00,0.015625,246.55545,77.63362,100945.2,0.00513562,279.98355,4.203425,-1.1096554,4.340278e-06
2017-01-01 17:00:00,0.0,242.7786,204.3952,100947.945,0.0051994394,280.81473,4.496603,-0.9169492,0.0
2017-01-01 18:00:00,0.0,256.10834,340.71182,101089.45,0.0052508214,282.48157,4.7842517,-0.7200025,0.0
2017-01-01 19:00:00,0.0,260.7951,423.0633,100921.836,0.005128051,284.39935,5.240528,-1.3160022,0.0
2017-01-01 20:00:00,0.0,260.8028,480.28226,100924.68,0.0051323534,284.9621,5.6994767,-1.9062961,0.0
2017-01-01 21:00:00,0.0,262.57336,477.5993,100942.35,0.005023506,285.28436,6.1582603,-2.5011292,0.0
2017-01-01 22:00:00,0.0,263.38126,401.14935,100785.2,0.0048556104,285.29736,5.6749105,-3.0364835,0.0
2017-01-01 23:00:00,0.0,262.0916,275.6511,100828.72,0.004437631,285.0302,5.1926937,-3.5690298,0.0
2017-01-02 00:00:00,0.0,247.23608,101.97595,100926.945,0.0043904493,284.16312,4.718059,-4.103468,0.0
2017-01-02 01:00:00,0.0,245.65768,0.0,100805.66,0.004542828,282.34445,4.4714346,-3.3261502,0.0
2017-01-02 02:00:00,0.0,245.46777,0.0,100840.35,0.004564917,281.03415,4.222665,-2.5472925,0.0
2017-01-02 03:00:00,0.0,255.70982,0.0,101007.35,0.0046418663,280.43478,3.9771113,-1.7678654,0.0
2017-01-02 04:00:00,0.015625,255.29027,0.0,100966.4,0.004687732,279.8152,3.529794,-1.1734266,4.340278e-06
2017-01-02 05:00:00,0.1248194,260.9239,0.0,101037.59,0.005254929,280.30273,3.0757682,-0.58138466,3.4672055e-05
2017-01-02 06:00:00,0.17439906,285.87787,0.0,101179.12,0.005367353,279.79172,2.6285684,0.007850874,4.8444184e-05
2017-01-02 07:00:00,0.16613618,287.6419,0.0,101000.49,0.00526903,279.96173,2.3149245,-0.1671634,4.6148936e-05
2017-01-02 08:00:00,0.12367286,288.85883,0.0,100999.06,0.0053016157,279.87698,2.001937,-0.34810323,3.4353572e-05
2017-01-02 09:00:00,0.14361371,271.02,0.0,101158.6,0.0052289735,279.3619,1.6897565,-0.5321239,3.9892697e-05
2017-01-02 10:00:00,0.1640625,271.9405,0.0,101120.1,0.0051828995,279.48566,1.2700655,0.22331974,4.5572917e-05
2017-01-02 11:00:00,0.23562208,270.88123,0.0,101110.8,0.0051504737,279.10324,0.8479984,0.9725388,6.545058e-05
2017-01-02 12:00:00,0.3163688,330.74152,0.0,101175.336,0.0052752793,278.9491,0.42112333,1.7299342,8.788022e-05
2017-01-02 13:00:00,0.3187203,328.66473,0.0,101032.55,0.0052018464,278.8544,0.44274348,1.8129922,8.8533416e-05
2017-01-02 14:00:00,0.2761676,325.70258,0.0,101042.47,0.005089164,278.60052,0.46339244,1.8965361,7.671322e-05
2017-01-02 15:00:00,0.13082919,307.47217,0.0,101162.734,0.0051798886,278.9784,0.4886449,1.9805605,3.634144e-05
2017-01-02 16:00:00,0.11520418,299.9706,59.278164,101105.164,0.0050863544,278.5189,0.6394438,2.749831,3.200116e-05
2017-01-02 17:00:00,0.06083844,300.23862,156.59174,101153.33,0.005438041,279.4007,0.79462147,3.521735,1.6899567e-05
2017-01-02 18:00:00,0.024231492,312.2757,229.72762,101294.72,0.0056215674,281.05,0.9461875,4.2947392,6.7309697e-06
2017-01-02 19:00:00,0.08003618,318.41345,285.4345,101182.984,0.005842038,282.43204,1.6898437,4.3938875,2.2232272e-05
2017-01-02 20:00:00,0.078738675,318.94156,324.2346,101151.16,0.005733473,282.8487,2.4302664,4.4945107,2.1871854e-05
2017-01-02 21:00:00,0.078738675,321.98352,269.07962,101254.33,0.0058293496,283.03815,3.167985,4.5944843,2.1871854e-05
2017-01-02 22:00:00,0.08561575,323.93677,226.24828,101135.17,0.006037151,283.30804,2.9666185,4.9447384,2.3782151e-05
2017-01-02 23:00:00,0.0625,325.18518,155.84537,101163.7,0.0059268326,283.66708,2.7696815,5.3033476,1.7361112e-05
2017-01-03 00:00:00,0.03125,304.1679,80.162964,101243.66,0.005741397,283.48218,2.5686312,5.653608,8.680556e-06
2017-01-03 01:00:00,0.0,302.29556,0.0,101135.78,0.005870059,282.50708,1.8243506,5.750106,0.0
2017-01-03 02:00:00,0.0,299.80096,0.0,101174.266,0.0059274496,281.4455,1.0773808,5.837905,0.0
2017-01-03 03:00:00,0.0,292.40662,0.0,101312.664,0.00589651,280.85287,0.324912,5.930586,0.0
2017-01-03 04:00:00,0.009017273,290.76648,0.0,101279.51,0.005814296,280.47617,0.4081399,5.207063,2.504798e-06
2017-01-03 05:00:00,0.08012377,292.6809,0.0,101316.06,0.0058985893,280.79984,0.4827173,4.4868946,2.2256601e-05
2017-01-03 06:00:00,0.1297281,316.19272,0.0,101406.28,0.005824964,280.75613,0.5647867,3.7654104,3.603558e-05
2017-01-03 07:00:00,0.15727149,317.8372,0.0,101326.625,0.0059940764,281.14267,0.45250988,3.8468387,4.3686523e-05
2017-01-03 08:00:00,0.504297,316.99405,0.0,101366.39,0.006049909,281.07977,0.33510008,3.9268603,0.00014008251
2017-01-03 09:00:00,0.71301216,322.1638,0.0,101480.12,0.006037977,280.78406,0.22332418,4.00903,0.00019805893
2017-01-03 10:00:00,0.5990343,324.54016,0.0,101394.39,0.0061285202,280.97598,-0.23827189,3.9972835,0.00016639841
2017-01-03 11:00:00,0.48256838,327.29596,0.0,101394.4,0.006259259,281.22546,-0.7021936,3.982215,0.00013404677
2017-01-03 12:00:00,0.22457916,342.82297,0.0,101472.625,0.006393855,281.59158,-1.1684662,3.9679322,6.23831e-05
2017-01-03 13:00:00,1.2514873,338.7805,0.0,101284.17,0.0062909415,281.2278,-1.6118249,4.343969,0.00034763536
2017-01-03 14:00:00,0.46604452,338.18118,0.0,101251.01,0.0063150823,281.46,-2.060758,4.71751,0.0001294568
2017-01-03 15:00:00,0.17757106,353.0595,0.0,101321.54,0.0062539936,281.51852,-2.5046382,5.101126,4.9325296e-05
2017-01-03 16:00:00,0.3829422,347.96863,30.20218,101270.42,0.006251669,281.55695,-2.5769653,5.9285097,0.000106372834
2017-01-03 17:00:00,0.35847902,347.6115,79.918106,101206.08,0.0063171843,282.46204,-2.6483018,6.762782,9.9577504e-05
2017-01-03 18:00:00,0.16786557,358.72644,106.49769,101320.59,0.0066249752,283.72882,-2.7217193,7.59193,4.6629328e-05
2017-01-03 19:00:00,0.58403814,359.19437,132.34575,101122.695,0.0066243564,284.3507,-2.4365995,8.301862,0.00016223281
2017-01-03 20:00:00,0.90139323,359.9711,150.50314,101037.625,0.0067373114,284.92886,-2.1548154,9.02247,0.000250387
2017-01-03 21:00:00,1.417643,365.30023,144.8436,101015.66,0.006908528,284.7088,-1.8667381,9.735835,0.0003937897
2017-01-03 22:00:00,1.4108685,360.5985,121.99337,100918.2,0.007242689,284.54266,-1.535572,9.588461,0.00039190793
2017-01-03 23:00:00,0.9683979,354.90253,84.189835,100867.125,0.007339493,284.3078,-1.1982144,9.434271,0.00026899943
2017-01-04 00:00:00,1.8836465,352.4218,39.016903,100890.805,0.0074945083,284.771,-0.8676914,9.285198,0.0005232351
2017-01-04 01:00:00,1.8475821,353.6525,0.0,100722.97,0.0075936844,284.6053,-0.8016056,9.417963,0.00051321724
2017-01-04 02:00:00,2.209086,356.06638,0.0,100718.55,0.0076293233,284.71252,-0.7452831,9.549667,0.000613635
2017-01-04 03:00:00,1.1198723,360.10873,0.0,100885.79,0.007683326,284.82617,-0.68800116,9.677278,0.00031107565
2017-01-04 04:00:00,1.927032,360.26822,0.0,100807.18,0.007925731,285.02072,0.4584723,10.127798,0.0005352867
2017-01-04 05:00:00,1.6047579,358.92706,0.0,100752.805,0.00792021,285.07104,1.6027387,10.576204,0.00044576608
2017-01-04 06:00:00,1.6993951,348.82758,0.0,100854.19,0.007988651,285.24677,2.7545333,11.023152,0.00047205418
2017-01-04 07:00:00,4.2018933,349.26566,0.0,100694.94,0.007995251,285.24075,2.9423738,10.52102,0.0011671926
2017-01-04 08:00:00,4.9304204,349.7797,0.0,100744.44,0.008151734,285.15515,3.1227746,10.01085,0.0013695612
2017-01-04 09:00:00,3.1953475,347.2472,0.0,100803.75,0.008179595,285.53607,3.310213,9.500021,0.0008875965
2017-01-04 10:00:00,2.620827,351.57416,0.0,100684.57,0.008513276,285.9025,3.6689384,8.327322,0.00072800746
2017-01-04 11:00:00,2.6969273,354.38278,0.0,100764.945,0.008636536,286.06766,4.022934,7.158037,0.0007491465
2017-01-04 12:00:00,3.492488,365.318,0.0,100866.66,0.008666765,286.3276,4.3801026,5.984857,0.00097013556
2017-01-04 13:00:00,1.5815722,363.85507,0.0,100779.56,0.008812626,286.04578,4.074439,5.275496,0.0004393256
2017-01-04 14:00:00,1.6262488,362.48572,0.0,100770.37,0.008656984,285.93015,3.770616,4.5668364,0.0004517358
2017-01-04 15:00:00,0.9538741,365.01004,0.0,100988.734,0.008713344,285.9491,3.4640536,3.851031,0.00026496503
2017-01-04 16:00:00,0.47718695,361.77295,32.085236,100907.03,0.008629744,285.72855,2.9598193,3.9490037,0.00013255193
2017-01-04 17:00:00,0.29197708,361.05365,85.027664,100936.95,0.0087901335,285.85785,2.4634225,4.0415945,8.110474e-05
2017-01-04 18:00:00,0.23474918,369.09674,98.40858,101067.39,0.008802772,286.1902,1.966504,4.141362,6.520811e-05
2017-01-04 19:00:00,0.23539689,367.43988,122.41935,100946.42,0.008539535,286.26483,2.143137,3.0967698,6.538803e-05
2017-01-04 20:00:00,0.31124714,360.06985,139.1854,100892.75,0.008359876,285.22192,2.3275344,2.0487123,8.645754e-05
2017-01-04 21:00:00,0.40779367,357.48148,139.90944,100991.16,0.0080372235,284.8456,2.5090256,0.998089,0.00011327602
2017-01-04 22:00:00,0.5738741,359.52985,118.012726,100896.98,0.007852657,284.9665,2.613103,0.057765976,0.00015940948
2017-01-04 23:00:00,0.5552618,354.74536,81.6406,100941.23,0.007361719,283.958,2.7205558,-0.8914395,0.00015423939
2017-01-05 00:00:00,0.15072156,346.25385,37.993233,101039.17,0.007152636,283.31976,2.820684,-1.8393776,4.18671e-05
2017-01-05 01:00:00,0.12106484,347.8272,0.0,100838.02,0.007253214,283.03644,2.168182,-1.2887738,3.3629123e-05
2017-01-05 02:00:00,0.37922817,347.7585,0.0,100800.234,0.0070557524,282.6081,1.5110875,-0.7454809,0.00010534116
2017-01-05 03:00:00,0.30040845,335.7241,0.0,100918.54,0.0069292593,282.5208,0.8512797,-0.19089553,8.3446794e-05
2017-01-05 04:00:00,0.09921239,339.78632,0.0,100918.04,0.00671976,281.98782,1.4369998,-0.16538897,2.7559e-05
2017-01-05 05:00:00,0.13883059,344.97443,0.0,100926.97,0.006526487,281.5979,2.0213034,-0.14199762,3.8564052e-05
2017-01-05 06:00:00,0.1479228,339.09094,0.0,101073.73,0.0066673732,281.6427,2.60897,-0.11330591,4.1089665e-05
2017-01-05 07:00:00,0.3215037,337.41754,0.0,100995.34,0.0065255733,281.49225,1.9874198,-0.61083585,8.930658e-05
2017-01-05 08:00:00,0.20057832,336.31927,0.0,100990.58,0.0065830387,281.299,1.3590635,-1.1164302,5.57162e-05
2017-01-05 09:00:00,0.02742881,326.93256,0.0,101121.016,0.006444814,281.04858,0.7335714,-1.6123708,7.6191136e-06
2017-01-05 10:00:00,0.009392037,325.6881,0.0,101036.45,0.00624388,280.80646,0.7911966,-1.8618596,2.6088992e-06
2017-01-05 11:00:00,0.0,323.48846,0.0,101055.24,0.006041834,280.35983,0.85055554,-2.1117191,0.0
2017-01-05 12:00:00,0.0,319.03534,0.0,101150.67,0.0059451233,280.01233,0.9123212,-2.361566,0.0
2017-01-05 13:00:00,0.0,319.79272,0.0,100974.39,0.005879387,279.69287,0.6458488,-1.9675795,0.0
2017-01-05 14:00:00,0.0,320.5339,0.0,101063.25,0.0057034986,279.4613,0.3821595,-1.5700337,0.0
2017-01-05 15:00:00,0.0,270.06567,0.0,101234.016,0.005377025,278.9182,0.12031084,-1.1756611,0.0
2017-01-05 16:00:00,0.0,263.79504,70.11239,101184.78,0.005113216,278.2954,1.330503,-1.4320242,0.0
2017-01-05 17:00:00,0.0,265.17587,186.04779,101268.53,0.0051533915,279.34604,2.5427036,-1.7002048,0.0
2017-01-05 18:00:00,0.0,258.60147,334.5383,101360.875,0.004942526,281.62787,3.7546399,-1.9605954,0.0
2017-01-05 19:00:00,0.0,261.2083,416.36884,101237.37,0.0042311037,283.0095,4.0471807,-2.4112663,0.0
2017-01-05 20:00:00,0.0,262.06494,473.86826,101198.734,0.0040998,283.35858,4.3422403,-2.8633385,0.0
2017-01-05 21:00:00,0.0,310.65103,355.2287,101280.7,0.004202451,283.87024,4.6366653,-3.316919,0.0
2017-01-05 22:00:00,0.0,311.89026,299.76947,101172.414,0.0041143396,283.8838,4.3687325,-3.5444522,0.0
2017-01-05 23:00:00,0.0,312.0199,207.98235,101180.11,0.004201922,283.44836,4.095531,-3.7698257,0.0
2017-01-06 00:00:00,0.0,250.83548,104.65658,101349.22,0.0041301893,282.8517,3.8242788,-4.003703,0.0
2017-01-06 01:00:00,0.0,250.00714,0.0,101197.1,0.0041885613,281.07547,2.8951156,-3.9211278,0.0
2017-01-06 02:00:00,0.0,250.47095,0.0,101276.91,0.004365015,279.5332,1.9681249,-3.8328404,0.0
2017-01-06 03:00:00,0.0,230.76859,0.0,101383.34,0.004303512,278.2387,1.0416386,-3.745961,0.0
2017-01-06 04:00:00,0.0,227.8443,0.0,101317.94,0.004165442,277.19238,0.83467776,-3.6563168,0.0
2017-01-06 05:00:00,0.0,225.60022,0.0,101361.38,0.0040528486,276.3144,0.63387746,-3.5664532,0.0
2017-01-06 06:00:00,0.0,223.29298,0.0,101526.24,0.0039040851,275.82922,0.427004,-3.4773698,0.0
2017-01-06 07:00:00,0.0,223.29436,0.0,101394.01,0.003957686,275.4095,0.1432054,-3.2587767,0.0
2017-01-06 08:00:00,0.0,221.80118,0.0,101383.42,0.0037137405,274.88913,-0.14158669,-3.0343394,0.0
2017-01-06 09:00:00,0.0,217.81322,0.0,101526.34,0.0035557519,274.1584,-0.4284864,-2.8161244,0.0
2017-01-06 10:00:00,0.0,217.94952,0.0,101426.97,0.003423765,274.0253,-0.8115085,-2.4188035,0.0
2017-01-06 11:00:00,0.0,216.88052,0.0,101434.23,0.0032223875,273.63245,-1.1991231,-2.0177042,0.0
2017-01-06 12:00:00,0.0,207.06921,0.0,101503.516,0.003128611,273.07095,-1.5839763,-1.6152042,0.0
2017-01-06 13:00:00,0.0,208.69144,0.0,101351.58,0.0032508308,273.10046,-1.7058243,-1.4294614,0.0
2017-01-06 14:00:00,0.0,209.26035,0.0,101386.89,0.0031448456,273.0896,-1.82602,-1.2445291,0.0
2017-01-06 15:00:00,0.0,214.7464,0.0,101591.31,0.0031970285,272.60132,-1.9437944,-1.0547576,0.0
2017-01-06 16:00:00,0.0,208.77199,81.452644,101518.1,0.0032586167,272.59625,-1.9677683,-0.40334225,0.0
2017-01-06 17:00:00,0.0,213.52957,216.42497,101519.36,0.0035938295,275.60928,-1.987862,0.24468565,0.0
2017-01-06 18:00:00,0.0,236.21681,336.61856,101667.45,0.0034099165,278.46057,-1.9990218,0.89534646,0.0
2017-01-06 19:00:00,0.0,237.99329,419.1643,101508.39,0.0035348102,279.9474,-1.7404937,1.1609901,0.0
2017-01-06 20:00:00,0.0,240.83144,477.3423,101405.984,0.0037028105,281.66626,-1.4800992,1.4265046,0.0
2017-01-06 21:00:00,0.0,264.28543,472.78607,101410.32,0.003833112,282.87967,-1.2193488,1.6954262,0.0
2017-01-06 22:00:00,0.0,267.7647,399.62805,101212.0,0.0041199834,283.68414,-1.2263327,1.7150941,0.0
2017-01-06 23:00:00,0.0,268.2189,277.9011,101181.414,0.004063388,284.117,-1.2283785,1.7417284,0.0
2017-01-07 00:00:00,0.0,299.7577,122.94007,101302.94,0.0042888816,283.7731,-1.2295802,1.7634262,0.0
2017-01-07 01:00:00,0.0,301.65326,0.0,101210.8,0.0044907155,282.76196,-0.8375062,2.4153624,0.0
2017-01-07 02:00:00,0.0,302.34338,0.0,101201.81,0.0046975967,281.47797,-0.44474983,3.0607307,0.0
2017-01-07 03:00:00,0.0078125,337.0532,0.0,101296.69,0.004744023,281.09,-0.054579902,3.706198,2.170139e-06
2017-01-07 04:00:00,0.013761304,336.96933,0.0,101220.29,0.0048815636,281.025,-0.4181146,3.5015116,3.8225844e-06
2017-01-07 05:00:00,0.34277207,334.052,0.0,101225.12,0.0050350977,280.35083,-0.78473604,3.2949517,9.521446e-05
2017-01-07 06:00:00,0.2314898,347.75824,0.0,101307.555,0.0053277244,280.24634,-1.1454751,3.0941105,6.430272e-05
2017-01-07 07:00:00,0.06798357,344.90753,0.0,101198.84,0.005226892,280.06577,-1.9698087,3.7112777,1.8884324e-05
2017-01-07 08:00:00,0.083922595,343.59802,0.0,101157.04,0.0053745243,279.95316,-2.7783003,4.3310475,2.3311832e-05
2017-01-07 09:00:00,0.010216346,354.39462,0.0,101169.86,0.0053413277,280.11102,-3.5985923,4.947206,2.8378738e-06
2017-01-07 10:00:00,0.088354975,355.6754,0.0,100992.06,0.005474493,280.7641,-3.3986144,5.906025,2.454305e-05
2017-01-07 11:00:00,0.4981836,352.23694,0.0,100967.22,0.0057510175,280.36475,-3.2036111,6.8682203,0.00013838433
2017-01-07 12:00:00,0.8035652,354.27954,0.0,100913.03,0.005754912,280.49756,-3.0051327,7.835973,0.00022321256
2017-01-07 13:00:00,2.8037937,356.11005,0.0,100722.14,0.006154151,281.2704,-2.9886303,8.16854,0.0007788316
2017-01-07 14:00:00,2.3320534,356.5095,0.0,100657.695,0.0064035025,281.87042,-2.9684768,8.500011,0.0006477926
2017-01-07 15:00:00,1.0437847,354.87457,0.0,100797.42,0.0068097995,282.73346,-2.9441957,8.830092,0.00028994022
2017-01-07 16:00:00,0.7744553,355.48895,38.69583,100753.42,0.007163412,283.55914,-2.6725335,9.37253,0.00021512648
2017-01-07 17:00:00,0.7156112,358.75235,102.82808,100815.34,0.007724028,284.7711,-2.3980684,9.907387,0.0001987809
2017-01-07 18:00:00,0.7617223,378.11646,104.836395,101044.25,0.008208822,286.16272,-2.126687,10.446008,0.00021158953
2017-01-07 19:00:00,0.85606337,380.5139,130.52745,100919.1,0.008684102,287.12585,-1.4098719,9.856567,0.00023779538
2017-01-07 20:00:00,0.85139436,383.7433,148.75731,100898.59,0.009026342,288.31238,-0.698492,9.274661,0.00023649842
2017-01-07 21:00:00,0.81838244,391.13028,189.84558,100982.8,0.009101737,288.9585,0.016357012,8.686159,0.00022732845
2017-01-07 22:00:00,0.4517039,390.19366,160.7027,100909.58,0.009145112,289.1563,-0.059178427,8.15649,0.0001254733
2017-01-07 23:00:00,0.2602381,384.47897,112.031265,100984.04,0.008930468,288.60373,-0.13873586,7.6383634,7.228836e-05
2017-01-08 00:00:00,0.16330318,374.36877,44.681763,101111.695,0.008693919,288.1095,-0.22011608,7.1140003,4.5361994e-05
2017-01-08 01:00:00,0.26462218,375.20673,0.5325075,100943.17,0.008676347,287.8746,-1.0785186,7.1293917,7.350616e-05
2017-01-08 02:00:00,0.24386595,376.9371,0.0,101076.484,0.00865488,287.80194,-1.9414535,7.137785,6.774054e-05
2017-01-08 03:00:00,0.18308963,382.75095,0.0,101228.65,0.008804803,287.63077,-2.8050723,7.153096,5.085823e-05
2017-01-08 04:00:00,0.6196662,378.0152,0.0,101156.28,0.008938182,287.1062,-2.8964052,6.954527,0.00017212951
2017-01-08 05:00:00,0.85581964,375.00598,0.0,101202.625,0.008859917,286.97424,-2.9949536,6.7626133,0.00023772768
2017-01-08 06:00:00,3.0803862,369.2285,0.0,101229.48,0.008936914,286.9084,-3.0901031,6.5712357,0.0008556628
2017-01-08 07:00:00,2.3056183,367.2003,0.0,101046.63,0.009207519,286.64117,-2.724374,7.291046,0.0006404495
2017-01-08 08:00:00,2.1547751,367.59784,0.0,101040.84,0.009034017,287.0163,-2.3711488,8.016503,0.0005985487
2017-01-08 09:00:00,2.69309,370.61688,0.0,101094.78,0.009238238,286.7707,-2.0108824,8.739272,0.00074808055
2017-01-08 10:00:00,0.6910948,370.80942,0.0,100886.42,0.009116253,287.04523,-1.963825,9.913804,0.00019197079
2017-01-08 11:00:00,0.6082545,368.65005,0.0,100817.8,0.009097978,286.82324,-1.9189924,11.088255,0.00016895958
2017-01-08 12:00:00,0.99606365,363.80176,0.0,100824.6,0.009087046,287.1197,-1.8674335,12.26159,0.00027668435
2017-01-08 13:00:00,1.5835439,362.93063,0.0,100615.17,0.00902263,286.77972,-1.9321584,12.601271,0.0004398733
2017-01-08 14:00:00,0.7080646,367.5645,0.0,100595.234,0.009063404,287.43503,-1.9994825,12.938792,0.00019668462
2017-01-08 15:00:00,0.44463027,379.6514,0.0,100736.78,0.00928312,287.75946,-2.0616677,13.286239,0.0001235084
2017-01-08 16:00:00,0.35803518,377.46848,20.25,100686.375,0.009339822,287.6245,-1.8000764,12.959933,9.945421e-05
2017-01-08 17:00:00,0.48060134,378.29932,53.724064,100765.2,0.009564667,287.9752,-1.5407226,12.64193,0.00013350038
2017-01-08 18:00:00,0.7247651,383.63226,138.05151,100898.67,0.010007689,288.75586,-1.2759604,12.323001,0.00020132364
2017-01-08 19:00:00,2.3131757,386.15985,172.08667,100800.67,0.010186098,289.4475,-0.5613878,12.026512,0.0006425488
2017-01-08 20:00:00,6.5941644,382.44473,196.04123,100630.56,0.010026658,289.16846,0.14586014,11.739883,0.0018317123
2017-01-08 21:00:00,5.200768,373.5139,258.2936,100710.08,0.010055827,289.93774,0.8594916,11.446894,0.0014446578
2017-01-08 22:00:00,3.885932,374.42477,218.86076,100556.61,0.010062143,289.3428,0.8139864,10.965813,0.0010794256
2017-01-08 23:00:00,4.9525976,377.20233,152.97661,100570.13,0.0098241735,289.1851,0.7659205,10.4867325,0.0013757215
2017-01-09 00:00:00,4.1777344,375.4383,56.25998,100646.67,0.009660298,288.61816,0.7181487,10.008336,0.0011604818
2017-01-09 01:00:00,2.9224296,382.1601,1.9257858,100535.93,0.009765342,288.72217,1.292263,9.97393,0.000811786
2017-01-09 02:00:00,2.107292,385.8285,0.0,100635.14,0.009504952,288.39716,1.8668331,9.9419775,0.0005853589
2017-01-09 03:00:00,1.257959,380.9106,0.0,100808.78,0.009536067,288.2079,2.4411194,9.913124,0.00034943307
2017-01-09 04:00:00,0.92324245,382.4513,0.0,100719.03,0.009622524,288.31375,2.5731654,8.839244,0.00025645623
2017-01-09 05:00:00,0.8953326,379.54843,0.0,100805.984,0.00955285,287.66147,2.7021573,7.775034,0.0002487035
2017-01-09 06:00:00,0.55862063,377.3483,0.0,100908.83,0.009346301,287.64236,2.825868,6.707452,0.0001551724
2017-01-09 07:00:00,0.81540257,376.43967,0.0,100739.32,0.009230683,287.83316,2.7985525,5.531286,0.0002265007
2017-01-09 08:00:00,0.870187,372.3989,0.0,100819.58,0.009328671,287.34357,2.7717204,4.3557143,0.0002417186
2017-01-09 09:00:00,0.9910585,346.23962,0.0,100955.125,0.008923516,287.14844,2.7390816,3.177471,0.00027529403
2017-01-09 10:00:00,0.96587753,341.3902,0.0,100950.484,0.008499881,285.98248,3.0118053,2.4453967,0.0002682993
2017-01-09 11:00:00,0.37352324,339.6583,0.0,101083.22,0.008163599,285.39722,3.2758143,1.7187029,0.00010375646
2017-01-09 12:00:00,0.20073324,307.59885,0.0,101166.84,0.007894043,284.94107,3.5417461,0.9872985,5.5759236e-05
2017-01-09 13:00:00,0.048332296,310.8421,0.0,101056.914,0.007969007,284.8044,2.9444633,1.6065979,1.3425638e-05
2017-01-09 14:00:00,0.03241013,312.47086,0.0,101112.06,0.007658446,284.50677,2.3472142,2.225275,9.002813e-06
2017-01-09 15:00:00,0.0,299.4198,0.0,101241.84,0.007398622,283.77884,1.7510026,2.8431354,0.0
2017-01-09 16:00:00,0.023940194,293.84616,70.32598,101209.61,0.0072134323,283.50275,2.1353388,3.5538595,6.650054e-06
2017-01-09 17:00:00,0.09764409,295.39362,186.61195,101330.914,0.0074577765,284.62823,2.51853,4.267462,2.7123358e-05
2017-01-09 18:00:00,0.15303014,324.898,277.08475,101526.07,0.0076989317,285.97595,2.8942575,4.985727,4.2508374e-05
2017-01-09 19:00:00,0.10302953,329.333,345.3238,101379.64,0.007497738,287.39178,2.4888406,5.5211515,2.8619314e-05
2017-01-09 20:00:00,0.044959992,330.85168,393.83197,101286.21,0.007245043,288.24384,2.084655,6.0624723,1.2488887e-05
2017-01-09 21:00:00,0.1283665,352.4132,320.05902,101322.63,0.0071066115,288.07773,1.6798067,6.6020217,3.5657362e-05
2017-01-09 22:00:00,0.24607395,350.6422,271.54382,101298.31,0.0071543274,287.32175,1.8102345,7.0358353,6.8353875e-05
2017-01-09 23:00:00,0.38377637,350.0217,190.27866,101301.125,0.0072235363,286.77414,1.9348389,7.459098,0.000106604544
2017-01-10 00:00:00,0.43963128,320.95325,113.98184,101352.98,0.0072049275,286.06082,2.0618198,7.887933,0.0001221198
2017-01-10 01:00:00,0.23153505,324.17233,5.549416,101228.35,0.0075393436,285.63275,2.2524571,7.8926315,6.431529e-05
2017-01-10 02:00:00,0.31164545,325.49478,0.0,101197.7,0.0072568664,285.16937,2.4334085,7.9072986,8.656818e-05
2017-01-10 03:00:00,0.29399514,350.9948,0.0,101392.58,0.0075639123,285.27295,2.623145,7.917684,8.166532e-05
2017-01-10 04:00:00,0.35924855,345.83264,0.0,101263.95,0.0075967433,285.00183,2.305198,7.8093796,9.9791265e-05
2017-01-10 05:00:00,0.42755514,343.14407,0.0,101201.984,0.007475145,285.28427,1.9884468,7.7111053,0.00011876532
2017-01-10 06:00:00,0.52163446,340.31436,0.0,101367.89,0.0074839913,285.53262,1.6734254,7.606735,0.00014489845
2017-01-10 07:00:00,0.40147313,340.167,0.0,101204.664,0.0076096086,285.09128,2.0388656,7.8670325,0.00011152031
2017-01-10 08:00:00,0.25013426,343.7113,0.0,101202.58,0.008032456,285.22363,2.3996582,8.131092,6.948174e-05
2017-01-10 09:00:00,0.31571248,373.7599,0.0,101278.69,0.007897954,285.5617,2.769436,8.392401,8.769791e-05
2017-01-10 10:00:00,0.6355055,370.62305,0.0,101122.32,0.0080586355,285.41138,2.63139,7.789741,0.00017652931
2017-01-10 11:00:00,0.8892669,365.83432,0.0,101159.28,0.007905368,285.10455,2.4903333,7.1847267,0.0002470186
2017-01-10 12:00:00,0.75112,364.52057,0.0,101190.875,0.007982643,285.22668,2.3558552,6.5903883,0.00020864444
2017-01-10 13:00:00,1.2064363,360.83002,0.0,100946.25,0.007971731,284.71637,2.5039659,6.6715283,0.00033512118
2017-01-10 14:00:00,0.55286884,360.31873,0.0,100939.15,0.0080121355,284.78,2.648792,6.748725,0.00015357469
2017-01-10 15:00:00,0.574949,360.90668,0.0,101031.195,0.008049358,285.0605,2.8010778,6.8383837,0.00015970806
2017-01-10 16:00:00,1.7350906,359.66028,23.8284,100949.67,0.008164255,285.0322,2.122493,7.544648,0.00048196962
2017-01-10 17:00:00,1.9189137,360.25446,63.03863,100990.67,0.008090012,285.44257,1.4508139,8.257734,0.0005330316
2017-01-10 18:00:00,1.0793425,362.79648,111.984886,101030.18,0.008522441,286.13867,0.7815671,8.967723,0.00029981736
2017-01-10 19:00:00,1.1977077,367.19788,139.65587,100891.09,0.008840956,286.91852,1.0760894,9.758816,0.00033269657
2017-01-10 20:00:00,0.778307,367.4263,159.40587,100801.92,0.009027028,286.96643,1.3740681,10.552525,0.0002161964
2017-01-10 21:00:00,2.7735543,365.44537,160.40915,100749.445,0.009105237,286.9363,1.6645167,11.343567,0.00077043177
2017-01-10 22:00:00,2.1331143,371.8667,136.27011,100606.46,0.009386885,287.2242,1.6015854,11.004208,0.00059253175
2017-01-10 23:00:00,2.6570966,376.8664,95.76056,100498.125,0.0091618225,287.45767,1.5376098,10.661035,0.0007380824
2017-01-11 00:00:00,3.1623046,381.38367,45.818474,100445.9,0.00927422,287.4033,1.4758612,10.3231945,0.000878418
2017-01-11 01:00:00,3.7526023,383.09772,2.9109695,100199.445,0.009334029,287.72794,2.4211776,10.026115,0.0010423895
2017-01-11 02:00:00,3.0600154,383.76428,0.0,100107.23,0.009526739,287.77185,3.369451,9.726673,0.00085000426
2017-01-11 03:00:00,3.9095476,362.99765,0.0,100202.86,0.009534231,288.11523,4.3126206,9.430669,0.0010859855
2017-01-11 04:00:00,5.847252,357.86835,0.0,100164.45,0.009072902,287.42676,3.8103187,8.473979,0.0016242366
2017-01-11 05:00:00,3.326595,345.7177,0.0,100306.5,0.008393879,285.45184,3.300271,7.5190105,0.0009240542
2017-01-11 06:00:00,1.3748941,334.7309,0.0,100442.96,0.007832263,285.4173,2.7922077,6.5577207,0.00038191504
2017-01-11 07:00:00,0.048562553,335.41534,0.0,100291.06,0.007989375,285.68903,3.620853,5.9247766,1.3489598e-05
2017-01-11 08:00:00,0.05282942,336.8565,0.0,100276.0,0.007960262,286.20557,4.445686,5.2916837,1.4674838e-05
2017-01-11 09:00:00,0.13522965,327.70096,0.0,100496.3,0.007524521,286.01086,5.2768497,4.659638,3.756379e-05
2017-01-11 10:00:00,0.15501356,327.21777,0.0,100432.836,0.007235568,285.60223,5.8297358,4.3504233,4.3059325e-05
2017-01-11 11:00:00,0.19007269,326.459,0.0,100504.58,0.0074266205,284.85327,6.3894043,4.0441856,5.279797e-05
2017-01-11 12:00:00,0.1494884,310.8174,0.0,100678.51,0.007007109,284.13193,6.940283,3.7332273,4.1524556e-05
2017-01-11 13:00:00,0.018903334,313.0763,0.0,100476.52,0.006999029,284.33914,5.8275995,3.4653955,5.2509263e-06
2017-01-11 14:00:00,0.020849183,312.44604,0.0,100489.52,0.0069584716,283.92627,4.709241,3.1975732,5.79144e-06
2017-01-11 15:00:00,0.037449885,324.26578,0.0,100713.83,0.0069444263,283.23624,3.587458,2.9301865,1.0402746e-05
2017-01-11 16:00:00,0.016991008,319.65384,48.88924,100705.125,0.0069906674,282.82938,3.5339365,3.0539482,4.7197245e-06
2017-01-11 17:00:00,0.010378111,321.6699,129.15387,100810.2,0.0072047664,283.70972,3.471771,3.1805797,2.8828085e-06
2017-01-11 18:00:00,0.01171875,304.8896,282.03894,100960.5,0.007118584,284.76038,3.419933,3.2998054,3.2552084e-06
2017-01-11 19:00:00,0.043091927,304.2013,351.74417,100892.56,0.00706184,284.99292,3.2336447,3.4210336,1.196998e-05
2017-01-11 20:00:00,0.008713096,304.67633,401.53687,100862.73,0.0069327992,285.53464,3.0608459,3.5522404,2.4203046e-06
2017-01-11 21:00:00,0.010073485,326.81363,274.6626,100932.53,0.006745571,286.1574,2.8790402,3.6756585,2.7981903e-06
2017-01-11 22:00:00,0.0067863874,329.63452,233.68674,100812.45,0.0064127133,286.35672,3.2338715,3.2679036,1.8851076e-06
2017-01-11 23:00:00,0.00390625,329.2107,164.54874,100833.16,0.006392518,285.66888,3.5900352,2.85814,1.0850695e-06
2017-01-12 00:00:00,0.00390625,297.12476,103.07537,100918.97,0.0060978658,285.10443,3.9435625,2.4441652,1.0850695e-06
2017-01-12 01:00:00,0.0,298.56546,8.076699,100786.85,0.005927309,284.23776,2.7296119,2.5005872,0.0
2017-01-12 02:00:00,0.0,301.75558,0.0,100817.15,0.006058406,283.52283,1.5128738,2.55796,0.0
2017-01-12 03:00:00,0.0,307.42273,0.0,100967.85,0.006025534,282.90088,0.29855976,2.6121528,0.0
2017-01-12 04:00:00,0.0,306.27063,0.0,100823.53,0.005947295,282.72662,0.6370219,2.6994038,0.0
2017-01-12 05:00:00,0.0,303.3559,0.0,100789.01,0.0059888926,282.07162,0.97365606,2.7809196,0.0
2017-01-12 06:00:00,0.0,323.4066,0.0,100884.984,0.005741922,280.94827,1.3099904,2.8682234,0.0
2017-01-12 07:00:00,2.1895286e-05,321.61224,0.0,100664.42,0.005888037,280.64853,0.8061485,2.768812,6.082024e-09
2017-01-12 08:00:00,0.16610394,321.16962,0.0,100654.74,0.005801066,280.79425,0.298505,2.667802,4.6139983e-05
2017-01-12 09:00:00,0.49149543,339.72266,0.0,100729.95,0.0057971207,280.77448,-0.20828585,2.5761619,0.0001365265
2017-01-12 10:00:00,1.206111,341.07703,0.0,100618.5,0.0060758404,280.89075,0.060026597,2.8958354,0.0003350308
2017-01-12 11:00:00,1.4366244,342.1777,0.0,100612.41,0.0062807533,281.03314,0.331671,3.2238498,0.00039906235
2017-01-12 12:00:00,0.46568394,335.80972,0.0,100658.055,0.00623864,280.9496,0.5973448,3.5474494,0.00012935665
2017-01-12 13:00:00,0.9571395,333.81622,0.0,100469.71,0.006018574,280.5218,1.6391474,2.668172,0.00026587208
2017-01-12 14:00:00,0.9195085,334.79837,0.0,100578.39,0.0060119303,280.5358,2.681154,1.7872555,0.00025541903
2017-01-12 15:00:00,0.08078088,314.35342,0.0,100704.914,0.005984202,280.45685,3.7269766,0.90727,2.2439133e-05
2017-01-12 16:00:00,0.0,308.25418,63.40512,100746.23,0.005791911,279.8006,3.8524158,0.5021994,0.0
2017-01-12 17:00:00,0.0,311.51978,166.65833,100807.09,0.0060597495,280.83923,3.9804878,0.0965376,0.0
2017-01-12 18:00:00,0.0,298.17847,245.92606,100962.875,0.0060829674,281.47992,4.106267,-0.30806002,0.0
2017-01-12 19:00:00,0.044898275,302.16376,306.74475,100850.414,0.006031898,282.59717,3.9015303,-1.1882913,1.24717435e-05
2017-01-12 20:00:00,0.09245556,300.4992,350.4132,100835.54,0.0058745393,282.50992,3.6919386,-2.0632372,2.56821e-05
2017-01-12 21:00:00,0.08821924,306.15717,317.30954,100937.93,0.005859485,282.75186,3.4862454,-2.9401426,2.4505345e-05
2017-01-12 22:00:00,0.08912341,308.25772,270.23492,100842.39,0.0057700276,283.30307,3.1704917,-2.8656483,2.4756504e-05
2017-01-12 23:00:00,0.04665736,308.71393,190.78589,100828.08,0.0055279676,283.60278,2.860677,-2.7934315,1.2960378e-05
2017-01-13 00:00:00,0.04754131,286.15323,98.88133,100991.01,0.005447707,283.24762,2.5437226,-2.7204747,1.32059195e-05
2017-01-13 01:00:00,0.073355064,289.43835,9.190449,100903.05,0.0057520936,282.8021,2.2916546,-2.853699,2.0376407e-05
2017-01-13 02:00:00,0.006540534,291.5588,0.0,100952.695,0.00587771,282.19128,2.0326598,-2.9930992,1.816815e-06
2017-01-13 03:00:00,0.0,279.98566,0.0,101126.93,0.0057289866,281.00012,1.7776014,-3.1288223,0.0
2017-01-13 04:00:00,0.0,278.11157,0.0,101085.92,0.005606642,280.3684,1.2208014,-3.1293075,0.0
2017-01-13 05:00:00,0.0,278.69458,0.0,101162.56,0.005707852,280.15002,0.67144996,-3.1276958,0.0
2017-01-13 06:00:00,0.00037358832,284.3779,0.0,101278.04,0.0055453656,280.29364,0.12206427,-3.1312165,1.0377453e-07
2017-01-13 07:00:00,0.0,283.7622,0.0,101153.2,0.0055521643,279.92212,0.0524024,-3.1465352,0.0
2017-01-13 08:00:00,0.0,284.47302,0.0,101240.55,0.0053719645,280.00366,-0.0054630125,-3.1651595,0.0
2017-01-13 09:00:00,0.0,270.656,0.0,101358.97,0.005220752,278.9279,-0.074421614,-3.1853943,0.0
2017-01-13 10:00:00,0.0,269.146,0.0,101335.96,0.0050174654,278.23315,-0.28567356,-3.198759,0.0
2017-01-13 11:00:00,0.0,269.26215,0.0,101402.67,0.004949321,277.83328,-0.5006958,-3.20469,0.0
2017-01-13 12:00:00,0.0,246.22093,0.0,101545.55,0.0048714345,277.46445,-0.71706176,-3.2144406,0.0
2017-01-13 13:00:00,0.0,247.71484,0.0,101409.38,0.004876945,277.3484,-0.7714162,-3.2439213,0.0
2017-01-13 14:00:00,0.0,249.14757,0.0,101450.82,0.004755182,277.32404,-0.8275179,-3.276853,0.0
2017-01-13 15:00:00,0.0,250.4798,0.0,101638.78,0.004964891,277.69562,-0.8851273,-3.309142,0.0
2017-01-13 16:00:00,0.0,242.18979,80.02816,101575.11,0.004846941,277.53558,-1.1344911,-3.4106362,0.0
2017-01-13 17:00:00,0.0,247.09204,209.57242,101670.06,0.005288313,280.4669,-1.3829408,-3.5074039,0.0
2017-01-13 18:00:00,0.0,262.70862,351.77823,101841.39,0.004899213,282.53036,-1.6345131,-3.6010544,0.0
2017-01-13 19:00:00,0.0,264.44363,438.6741,101709.05,0.0048029847,284.10278,-0.87786365,-4.31993,0.0
2017-01-13 20:00:00,0.0,263.9532,501.20523,101651.484,0.004796001,285.0169,-0.11838682,-5.028527,0.0
2017-01-13 21:00:00,0.0,270.50146,503.58987,101742.53,0.004857183,285.70282,0.64052355,-5.7467103,0.0
2017-01-13 22:00:00,0.0,272.5643,429.46066,101656.92,0.00488637,286.2214,0.4882029,-4.800374,0.0
2017-01-13 23:00:00,0.0,273.2864,303.91708,101660.81,0.0049802135,286.3317,0.32874286,-3.8632119,0.0
2017-01-14 00:00:00,0.0,256.28247,128.45499,101730.5,0.0047058933,286.05804,0.1809633,-2.9220889,0.0
2017-01-14 01:00:00,0.0,258.69168,13.760983,101580.81,0.0050834846,284.81644,0.22574726,-3.0917857,0.0
2017-01-14 02:00:00,0.0,255.92325,0.0,101597.83,0.005034722,282.56857,0.27598813,-3.263082,0.0
2017-01-14 03:00:00,0.0,245.21127,0.0,101763.58,0.0048612906,280.99042,0.31525412,-3.435801,0.0
2017-01-14 04:00:00,0.0,243.88202,0.0,101732.28,0.0049230126,280.02258,0.64852965,-3.5725002,0.0
2017-01-14 05:00:00,0.0,241.64662,0.0,101751.74,0.004815952,278.96198,0.9861742,-3.7012863,0.0
2017-01-14 06:00:00,0.0,243.07785,0.0,101872.22,0.004741559,278.9084,1.3169441,-3.8347962,0.0
2017-01-14 07:00:00,0.0,240.49605,0.0,101788.68,0.0048017725,278.10736,0.44182053,-3.2167454,0.0
2017-01-14 08:00:00,0.0,237.8451,0.0,101795.72,0.004610533,277.52008,-0.42851874,-2.6045861,0.0
2017-01-14 09:00:00,0.0,234.46239,0.0,101866.195,0.0047007296,277.54547,-1.2989469,-1.9872245,0.0
2017-01-14 10:00:00,0.0,232.77304,0.0,101805.81,0.004591445,276.9652,-0.9444198,-2.2436967,0.0
2017-01-14 11:00:00,0.0,234.09764,0.0,101834.016,0.0044686343,277.25986,-0.5894511,-2.494069,0.0
2017-01-14 12:00:00,0.0,232.3382,0.0,101931.63,0.0042546666,277.15552,-0.23873544,-2.7494338,0.0
2017-01-14 13:00:00,0.0,231.44559,0.0,101745.83,0.004194573,276.35034,-0.79695565,-2.8015778,0.0
2017-01-14 14:00:00,0.0,232.5181,0.0,101761.57,0.0041079293,276.1298,-1.358565,-2.8471901,0.0
2017-01-14 15:00:00,0.0,237.30797,0.0,101906.945,0.0041316818,276.0606,-1.9163114,-2.8994741,0.0
2017-01-14 16:00:00,0.0,229.65657,81.88362,101840.89,0.004213912,275.9149,-1.789222,-2.466571,0.0
2017-01-14 17:00:00,0.0,235.51704,213.49292,101871.56,0.004919979,279.02148,-1.6672463,-2.0290272,0.0
2017-01-14 18:00:00,0.0,259.2315,355.9017,102014.04,0.0051801903,282.4034,-1.535577,-1.5959101,0.0
2017-01-14 19:00:00,0.0,263.8293,443.9029,101800.98,0.0050109485,284.8966,-0.43069482,-2.2468987,0.0
2017-01-14 20:00:00,0.0,264.21683,507.2474,101704.53,0.0048527727,286.302,0.6730189,-2.9088802,0.0
2017-01-14 21:00:00,0.0,271.17462,509.6299,101705.95,0.0049112625,287.24484,1.7770575,-3.5637097,0.0
2017-01-14 22:00:00,0.0,271.90268,435.15244,101631.2,0.004472414,287.68893,1.386941,-3.499733,0.0
2017-01-14 23:00:00,0.0,273.75763,308.77206,101592.61,0.004622238,287.80737,0.9918211,-3.438564,0.0
2017-01-15 00:00:00,0.0,256.25876,132.70688,101670.44,0.004677365,286.84668,0.5939805,-3.3693483,0.0
2017-01-15 01:00:00,0.0,257.95715,16.086279,101534.0,0.0051286374,284.99896,0.79404485,-3.450049,0.0
2017-01-15 02:00:00,0.0,257.6621,0.0,101560.97,0.005257845,282.89136,0.98565304,-3.5257745,0.0
2017-01-15 03:00:00,0.0,252.19496,0.0,101701.83,0.0055511147,281.56247,1.1842556,-3.6023073,0.0
2017-01-15 04:00:00,0.0,248.6628,0.0,101586.11,0.005382619,280.35492,0.97644055,-3.6608791,0.0
2017-01-15 05:00:00,0.0,246.13872,0.0,101631.84,0.0052798544,279.33798,0.7722402,-3.7193487,0.0
2017-01-15 06:00:00,0.0,244.54915,0.0,101734.99,0.0051010833,278.72855,0.5640193,-3.780624,0.0
2017-01-15 07:00:00,0.0,244.86792,0.0,101532.34,0.0051498953,278.63055,0.39642116,-3.5864089,0.0
2017-01-15 08:00:00,0.0,240.86569,0.0,101525.17,0.0047559035,277.7465,0.23454578,-3.3886242,0.0
2017-01-15 09:00:00,0.0,244.82701,0.0,101634.195,0.0046936953,277.5716,0.06247998,-3.1981158,0.0
2017-01-15 10:00:00,0.0,244.12343,0.0,101543.72,0.0046210494,277.32523,0.13080339,-3.3080294,0.0
2017-01-15 11:00:00,0.0,244.55301,0.0,101544.38,0.0045629386,277.3779,0.19274998,-3.4266245,0.0
2017-01-15 12:00:00,0.0,253.75006,0.0,101648.836,0.004732399,277.21045,0.25980374,-3.5416074,0.0
2017-01-15 13:00:00,0.0,251.73447,0.0,101494.125,0.004579105,276.43274,0.07620414,-3.555336,0.0
2017-01-15 14:00:00,0.0,251.58711,0.0,101531.39,0.0044617844,276.1057,-0.09881975,-3.5727003,0.0
2017-01-15 15:00:00,0.0,253.03972,0.0,101639.44,0.0044913944,276.21487,-0.2800443,-3.5845451,0.0
2017-01-15 16:00:00,0.0,250.3018,79.22129,101578.195,0.0047902013,277.2309,-0.24264681,-3.4216766,0.0
2017-01-15 17:00:00,0.0,251.38959,205.51642,101655.02,0.005273254,279.09332,-0.20305414,-3.264822,0.0
2017-01-15 18:00:00,0.0,260.45926,354.13583,101738.94,0.005666649,280.5134,-0.16474424,-3.0992923,0.0
2017-01-15 19:00:00,0.0,257.31018,441.76788,101617.72,0.0058829687,280.8258,-0.13236064,-3.3275387,0.0
2017-01-15 20:00:00,0.0,258.67883,505.003,101552.33,0.006046755,282.353,-0.10484365,-3.5583835,0.0
2017-01-15 21:00:00,0.0,266.1758,508.13132,101579.84,0.005948835,283.57257,-0.06696245,-3.7869105,0.0
2017-01-15 22:00:00,0.0,270.48584,434.46066,101503.695,0.006059923,284.4318,0.4253396,-3.8243775,0.0
2017-01-15 23:00:00,0.0,272.0429,309.04388,101457.86,0.005911845,284.7663,0.9255788,-3.8680315,0.0
2017-01-16 00:00:00,0.0,253.83235,134.22841,101567.8,0.0055611627,285.0045,1.4213834,-3.902292,0.0
2017-01-16 01:00:00,0.0,256.20593,18.137745,101387.95,0.005675774,283.5695,0.67078894,-3.871894,0.0
2017-01-16 02:00:00,0.0,256.33295,0.0,101461.875,0.0054262076,281.79636,-0.079164155,-3.8383803,0.0
2017-01-16 03:00:00,0.0,245.39519,0.0,101630.695,0.0052681984,280.71243,-0.8283911,-3.8089314,0.0
2017-01-16 04:00:00,0.0,242.71336,0.0,101540.47,0.0050465036,279.55142,-0.84690535,-3.8431058,0.0
2017-01-16 05:00:00,0.0,241.32118,0.0,101624.39,0.0049264934,278.64496,-0.8703445,-3.875288,0.0
2017-01-16 06:00:00,0.0,235.88614,0.0,101692.38,0.0047400948,277.75122,-0.88223964,-3.908197,0.0
2017-01-16 07:00:00,0.0,234.42961,0.0,101557.41,0.004655192,277.07037,-1.3170546,-3.5117385,0.0
2017-01-16 08:00:00,0.0,235.03967,0.0,101557.14,0.004474868,277.08792,-1.7484479,-3.1167698,0.0
2017-01-16 09:00:00,0.0,232.13402,0.0,101641.625,0.0043281885,276.5923,-2.1900277,-2.7209375,0.0
2017-01-16 10:00:00,0.0,231.53406,0.0,101532.5,0.0042986604,276.23013,-1.9008589,-2.1027932,0.0
2017-01-16 11:00:00,0.0,232.40717,0.0,101587.71,0.0043004546,276.26117,-1.6236873,-1.4884255,0.0
2017-01-16 12:00:00,0.0,227.43835,0.0,101630.5,0.0042506903,276.13568,-1.3405116,-0.8697451,0.0
2017-01-16 13:00:00,0.0,231.88013,0.0,101512.69,0.0044847857,276.7172,-1.4776192,-1.4432421,0.0
2017-01-16 14:00:00,0.0,232.50021,0.0,101527.42,0.004354783,276.54034,-1.6128867,-2.0203552,0.0
2017-01-16 15:00:00,0.0,236.96552,0.0,101723.03,0.004178562,276.35226,-1.752546,-2.5935743,0.0
2017-01-16 16:00:00,0.0,227.04982,84.366005,101630.7,0.004166825,275.8581,-1.260544,-2.62604,0.0
2017-01-16 17:00:00,0.0,231.86932,217.70905,101706.58,0.0049484833,278.79788,-0.7705381,-2.6566556,0.0
2017-01-16 18:00:00,0.0,259.65814,356.55008,101781.32,0.005270375,281.21793,-0.27907166,-2.6906407,0.0
2017-01-16 19:00:00,0.0,261.29303,444.7096,101617.69,0.005184313,283.3376,-0.2410807,-2.6268542,0.0
2017-01-16 20:00:00,0.0,260.24518,508.51227,101572.3,0.005174375,284.6751,-0.2078185,-2.5640135,0.0
2017-01-16 21:00:00,0.0,277.57587,503.14752,101625.54,0.0052163713,285.77332,-0.17024806,-2.4987226,0.0
2017-01-16 22:00:00,0.0,278.98914,430.65863,101436.05,0.00500312,286.4677,-0.23043363,-2.1398559,0.0
2017-01-16 23:00:00,0.0,278.9225,307.10156,101414.14,0.004832164,286.74326,-0.2952956,-1.7843162,0.0
2017-01-17 00:00:00,0.0,254.81448,137.15901,101453.43,0.0046261707,286.51352,-0.35580125,-1.4264066,0.0
2017-01-17 01:00:00,0.0,257.7688,20.402327,101323.97,0.004783572,285.0641,-0.47209674,-1.7092668,0.0
2017-01-17 02:00:00,0.0,256.7567,0.0,101318.305,0.0049175806,282.56122,-0.59308743,-1.9937376,0.0
2017-01-17 03:00:00,0.0,245.22684,0.0,101531.875,0.0047853114,281.02042,-0.7105399,-2.2785516,0.0
2017-01-17 04:00:00,0.0,244.46713,0.0,101502.64,0.0047097523,280.24692,-1.3608963,-1.982141,0.0
2017-01-17 05:00:00,0.0,242.48279,0.0,101478.25,0.004587185,279.181,-2.006513,-1.6889642,0.0
2017-01-17 06:00:00,0.0,242.93317,0.0,101578.73,0.0045335745,278.46075,-2.6531975,-1.3863759,0.0
2017-01-17 07:00:00,0.0,239.39934,0.0,101413.9,0.0045752837,277.66434,-2.095687,-1.0753165,0.0
2017-01-17 08:00:00,0.0,235.35588,0.0,101386.81,0.0044316077,276.87286,-1.5326617,-0.75883573,0.0
2017-01-17 09:00:00,0.0,232.41553,0.0,101591.31,0.0043196054,276.28848,-0.98229384,-0.44355422,0.0
2017-01-17 10:00:00,0.0,233.74385,0.0,101512.02,0.0042965366,275.90958,-1.4804317,-0.21023758,0.0
2017-01-17 11:00:00,0.0,232.81546,0.0,101475.29,0.0041994657,274.9613,-1.9879496,0.025586009,0.0
2017-01-17 12:00:00,0.0,234.87283,0.0,101540.734,0.0040400717,276.13452,-2.4892879,0.25354075,0.0
2017-01-17 13:00:00,0.0,233.82515,0.0,101358.83,0.0041511063,275.64117,-2.1737337,0.22159725,0.0
2017-01-17 14:00:00,0.0,229.23575,0.0,101393.27,0.004050781,274.31372,-1.8655859,0.18682905,0.0
2017-01-17 15:00:00,0.0,239.53192,0.0,101589.79,0.0040127374,275.3292,-1.5567737,0.15672499,0.0
2017-01-17 16:00:00,0.0,234.69087,83.22129,101361.086,0.004373675,275.80634,-1.7573218,0.84563726,0.0
2017-01-17 17:00:00,0.0,236.62534,213.32268,101557.766,0.004826291,278.0711,-1.955556,1.5328519,0.0
2017-01-17 18:00:00,0.0,257.44574,354.1267,101702.59,0.0052585513,279.77606,-2.152997,2.2126257,0.0
2017-01-17 19:00:00,0.0,258.87512,441.5341,101529.06,0.005426387,281.42377,-0.4999444,1.5633537,0.0
2017-01-17 20:00:00,0.0,261.87976,505.09906,101533.79,0.005629828,283.43628,1.1499406,0.9101019,0.0
2017-01-17 21:00:00,0.0,272.11472,506.7312,101517.5,0.0058143735,284.93484,2.8030093,0.26446694,0.0
2017-01-17 22:00:00,0.0,273.73508,434.2912,101419.78,0.0056683333,285.64938,1.5448537,1.0642115,0.0
2017-01-17 23:00:00,0.0,272.43726,310.45654,101391.81,0.0056928443,285.4781,0.29390556,1.8577061,0.0
2017-01-18 00:00:00,0.0,247.81818,146.78532,101536.195,0.0056900014,284.9711,-0.9556045,2.6553698,0.0
2017-01-18 01:00:00,0.0,252.21323,23.80339,101408.125,0.0057515167,284.12207,-0.5872997,3.0058708,0.0
2017-01-18 02:00:00,0.0,254.32227,0.0,101466.27,0.005891854,282.57156,-0.21352804,3.3561282,0.0
2017-01-18 03:00:00,0.0,264.90875,0.0,101607.07,0.005790388,281.7104,0.15576482,3.7117634,0.0
2017-01-18 04:00:00,0.0,263.98676,0.0,101523.04,0.0058570774,280.98376,0.021655206,3.2255201,0.0
2017-01-18 05:00:00,0.0,265.79758,0.0,101541.18,0.005812069,281.03107,-0.12054084,2.7446322,0.0
2017-01-18 06:00:00,0.0,331.7301,0.0,101557.3,0.0058759768,280.69846,-0.25577512,2.260237,0.0
2017-01-18 07:00:00,0.0,330.72308,0.0,101357.85,0.0059295525,281.0158,-0.4966843,2.59807,0.0
2017-01-18 08:00:00,0.0,331.43927,0.0,101359.25,0.0059155403,281.7389,-0.7341723,2.934166,0.0
2017-01-18 09:00:00,0.0,351.21426,0.0,101477.58,0.006005098,280.79675,-0.9748503,3.2674172,0.0
2017-01-18 10:00:00,0.0,347.31784,0.0,101398.72,0.0057995194,280.5418,-1.4200972,3.9920988,0.0
2017-01-18 11:00:00,0.0,344.03488,0.0,101352.5,0.0058069774,280.23132,-1.8671159,4.716174,0.0
2017-01-18 12:00:00,0.0,336.07178,0.0,101507.68,0.0057694833,280.42984,-2.310258,5.4392257,0.0
2017-01-18 13:00:00,0.66889983,342.9297,0.0,101262.32,0.006030983,281.19934,-2.67096,5.139902,0.0001858055
2017-01-18 14:00:00,0.5724513,347.00317,0.0,101258.695,0.006152662,281.51187,-3.0306292,4.8462634,0.00015901425
2017-01-18 15:00:00,0.35859436,360.41663,0.0,101297.45,0.0062479875,281.8388,-3.39039,4.545658,9.960954e-05
2017-01-18 16:00:00,0.0625,362.67365,22.503616,101107.734,0.0064490433,283.01813,-3.8475437,5.953595,1.7361112e-05
2017-01-18 17:00:00,0.39087284,361.87445,57.34957,101020.46,0.0064312457,283.7669,-4.3091717,7.353894,0.00010857579
2017-01-18 18:00:00,1.848967,363.69836,92.048546,101353.45,0.006617069,283.80872,-4.7683916,8.756394,0.00051360193
2017-01-18 19:00:00,1.7101535,356.13632,114.76957,101217.25,0.0064103566,282.88696,-4.415613,10.310932,0.00047504262
2017-01-18 20:00:00,1.1349295,359.32336,131.29477,100963.3,0.006597058,283.72693,-4.0634394,11.86687,0.00031525822
2017-01-18 21:00:00,2.7197332,360.18073,135.5508,100962.92,0.0067695025,283.48663,-3.7131808,13.420705,0.0007554814
2017-01-18 22:00:00,1.9662715,356.63394,116.32597,100625.375,0.006622887,283.3089,-2.6050959,13.429516,0.0005461865
2017-01-18 23:00:00,1.1170833,353.1413,83.36675,100506.5,0.0066369586,283.01318,-1.4987726,13.439559,0.0003103009
2017-01-19 00:00:00,1.1501731,354.7245,49.614815,100486.84,0.006931209,283.565,-0.39881885,13.447268,0.0003194925
2017-01-19 01:00:00,0.35729954,355.23306,8.700601,100200.73,0.0070681674,283.58582,1.2708644,12.617126,9.924987e-05
2017-01-19 02:00:00,0.32345513,355.48053,0.0,100116.07,0.0071504014,283.59195,2.9315424,11.785178,8.984865e-05
2017-01-19 03:00:00,1.3269598,333.29562,0.0,100231.914,0.0073000165,283.87946,4.5931244,10.954228,0.00036859995
2017-01-19 04:00:00,4.7764034,342.44495,0.0,100356.945,0.007459193,284.45145,4.093915,9.506895,0.0013267788
2017-01-19 05:00:00,3.3309562,346.6367,0.0,100388.68,0.0074084876,284.1092,3.5993018,8.0621605,0.0009252656
2017-01-19 06:00:00,0.2875458,319.2685,0.0,100586.12,0.007030222,283.44687,3.0983117,6.619112,7.987383e-05
2017-01-19 07:00:00,0.12610109,318.9311,0.0,100431.336,0.0071049654,283.60138,3.1377175,5.4535627,3.5028082e-05
2017-01-19 08:00:00,0.0625,316.5331,0.0,100532.65,0.007026402,283.40216,3.1798246,4.285699,1.7361112e-05
2017-01-19 09:00:00,0.07945214,318.2674,0.0,100604.1,0.006697018,282.79822,3.2145224,3.120514,2.2070039e-05
2017-01-19 10:00:00,0.07840927,323.2573,0.0,100538.11,0.0068807923,283.34302,2.8050508,2.9638002,2.1780352e-05
2017-01-19 11:00:00,0.12213728,322.18954,0.0,100574.98,0.0067354245,282.80002,2.3918438,2.815839,3.3927023e-05
2017-01-19 12:00:00,0.11061456,308.67957,0.0,100626.234,0.00659576,282.40375,1.9770596,2.656902,3.0726267e-05
2017-01-19 13:00:00,0.06241242,306.99792,0.0,100445.25,0.0065840455,282.19385,2.54149,2.4598942,1.7336783e-05
2017-01-19 14:00:00,0.33410242,305.08405,0.0,100514.05,0.0066516204,281.87036,3.1024504,2.2663445,9.280623e-05
2017-01-19 15:00:00,0.39811572,312.37747,0.0,100709.59,0.0065207547,281.79202,3.6659422,2.0714138,0.0001105877
2017-01-19 16:00:00,0.36063164,313.22748,51.65392,100691.76,0.006659328,282.49115,4.2028513,2.3542926,0.00010017546
2017-01-19 17:00:00,0.19533658,317.2766,130.60312,100722.2,0.0070462776,283.71924,4.750778,2.6241188,5.4260163e-05
2017-01-19 18:00:00,0.99485236,325.96375,236.8595,100857.46,0.0069491374,283.7033,5.292604,2.9067097,0.00027634788
2017-01-19 19:00:00,0.3112111,330.2035,295.2056,100736.74,0.0073506264,284.56818,4.590163,2.6055298,8.644753e-05
2017-01-19 20:00:00,0.1700738,338.21875,337.97723,100636.336,0.007431804,286.3824,3.896738,2.2960618,4.7242724e-05
2017-01-19 21:00:00,0.15625,349.0219,278.21927,100670.64,0.0071455888,286.92426,3.1903355,1.9899387,4.340278e-05
2017-01-19 22:00:00,0.26594627,352.16025,239.00616,100550.05,0.007050045,287.0795,3.4980247,1.8149099,7.387396e-05
2017-01-19 23:00:00,0.125,351.68402,171.72559,100522.3,0.0068319486,286.59192,3.803995,1.638208,3.4722223e-05
2017-01-20 00:00:00,0.0654887,306.83658,127.512024,100636.58,0.006365552,285.784,4.111553,1.4619155,1.8191307e-05
2017-01-20 01:00:00,0.03125,306.39886,23.98146,100484.234,0.0063600074,284.80142,3.1594281,1.8752193,8.680556e-06
2017-01-20 02:00:00,0.109375,306.8423,0.0,100476.97,0.006396758,283.96954,2.2042637,2.2919922,3.0381945e-05
2017-01-20 03:00:00,0.124234326,330.8605,0.0,100512.26,0.0063172295,283.52533,1.2583009,2.703785,3.4509536e-05
2017-01-20 04:00:00,0.015625,330.7558,0.0,100372.55,0.006282501,283.4147,0.7782711,3.9760766,4.340278e-06
2017-01-20 05:00:00,0.15625,331.1467,0.0,100358.234,0.0061806925,283.44974,0.30412608,5.2409005,4.340278e-05
2017-01-20 06:00:00,0.599039,360.61176,0.0,100380.77,0.0064309943,283.47107,-0.17604965,6.5110598,0.00016639972
2017-01-20 07:00:00,0.74251,356.25452,0.0,100114.68,0.0066544954,282.72888,-0.6758235,7.292716,0.00020625278
2017-01-20 08:00:00,0.24092278,354.2681,0.0,99925.586,0.0065175723,282.666,-1.1770897,8.074972,6.692299e-05
2017-01-20 09:00:00,0.8322443,357.19177,0.0,99815.78,0.00649238,282.46774,-1.6793872,8.858082,0.00023117896
2017-01-20 10:00:00,1.6766198,350.77277,0.0,99547.6,0.006467357,282.09515,-1.3368478,9.910287,0.0004657277
2017-01-20 11:00:00,3.0956159,346.5302,0.0,99303.73,0.006496683,282.0693,-1.0025655,10.95834,0.0008598933
2017-01-20 12:00:00,4.8058753,339.88348,0.0,99020.75,0.0065124733,281.87485,-0.65575045,12.012107,0.0013349653
2017-01-20 13:00:00,9.09459,343.87244,0.0,99000.83,0.0065177465,281.8391,0.93820435,10.870312,0.002526275
2017-01-20 14:00:00,5.619474,349.25427,0.0,98814.9,0.0067840717,281.8663,2.532642,9.732991,0.001560965
2017-01-20 15:00:00,0.31226787,347.4502,0.0,98991.14,0.006793814,282.18185,4.1311984,8.592471,8.674107e-05
2017-01-20 16:00:00,0.14553212,343.6701,44.00106,99012.03,0.006925124,282.2521,4.3849998,6.602134,4.0425588e-05
2017-01-20 17:00:00,0.08622228,343.0528,110.44376,98973.97,0.007108897,282.888,4.6370544,4.6185436,2.3950633e-05
2017-01-20 18:00:00,0.20339632,325.53897,238.60594,99112.89,0.0070493277,283.36313,4.888955,2.6259854,5.649898e-05
2017-01-20 19:00:00,0.4779971,325.28943,297.24695,98968.02,0.006969593,283.5678,6.0165663,3.0131986,0.00013277697
2017-01-20 20:00:00,0.83273476,332.488,340.20206,98942.086,0.0072403504,285.10822,7.138217,3.3961656,0.0002313152
2017-01-20 21:00:00,0.6233968,327.8374,313.30402,98947.27,0.006806431,285.3584,8.264703,3.775497,0.00017316578
2017-01-20 22:00:00,0.4682479,315.26187,269.48502,98924.91,0.006369446,282.60583,7.6731176,4.284677,0.00013006886
2017-01-20 23:00:00,0.41141334,325.3186,194.03955,98890.59,0.006548621,284.24268,7.0705047,4.7981625,0.00011428149
2017-01-21 00:00:00,0.3086216,320.90894,98.7498,99035.12,0.006354291,283.6195,6.472867,5.3071427,8.572822e-05
2017-01-21 01:00:00,0.25516337,316.28125,19.808514,98994.26,0.0061051664,282.30264,7.101757,4.5559554,7.087871e-05
2017-01-21 02:00:00,0.49704003,312.87534,0.0,99110.7,0.0061231325,281.0367,7.720142,3.8052511,0.00013806668
2017-01-21 03:00:00,0.79742986,323.87753,0.0,99240.586,0.006095059,281.2516,8.341158,3.053507,0.0002215083
2017-01-21 04:00:00,0.5220354,323.64264,0.0,99257.555,0.006007294,281.16602,7.627169,2.5074327,0.00014500984
2017-01-21 05:00:00,0.47217178,321.98853,0.0,99359.016,0.0060190167,280.70215,6.913325,1.963917,0.00013115883
2017-01-21 06:00:00,0.4203594,317.2876,0.0,99468.19,0.0059060594,280.42334,6.2026377,1.419496,0.0001167665
2017-01-21 07:00:00,0.2266662,319.41626,0.0,99395.125,0.0060540363,280.6995,6.270075,1.5891507,6.2962834e-05
2017-01-21 08:00:00,0.35530597,320.68085,0.0,99458.875,0.0059851035,280.94156,6.3323946,1.7600085,9.86961e-05
2017-01-21 09:00:00,0.45537257,319.90613,0.0,99691.195,0.005910795,280.58368,6.4008427,1.9310509,0.00012649238
2017-01-21 10:00:00,0.49659684,322.8006,0.0,99626.94,0.0060737026,281.13406,5.9188766,2.146779,0.00013794357
2017-01-21 11:00:00,0.52439076,322.41205,0.0,99737.18,0.0060480945,281.13727,5.429879,2.3699543,0.0001456641
2017-01-21 12:00:00,0.5141094,335.6931,0.0,99910.31,0.006121899,281.30344,4.9483466,2.5856164,0.00014280816
2017-01-21 13:00:00,0.12223734,333.88525,0.0,99866.75,0.006026837,281.1541,4.814028,2.0813465,3.3954817e-05
2017-01-21 14:00:00,0.15789837,334.10025,0.0,100002.305,0.0060567292,281.31363,4.680425,1.5792973,4.386066e-05
2017-01-21 15:00:00,0.0625,322.4388,0.0,100250.87,0.0059589716,280.72055,4.5434856,1.0743357,1.7361112e-05
2017-01-21 16:00:00,0.045759257,319.7033,57.0833,100341.45,0.0059697432,280.70456,4.8747406,1.527168,1.2710905e-05
2017-01-21 17:00:00,0.07174314,325.36832,142.17448,100394.05,0.006456879,282.11633,5.2037406,1.9719563,1.992865e-05
2017-01-21 18:00:00,0.0234375,332.3393,234.9151,100633.6,0.006842936,284.43152,5.530657,2.418334,6.510417e-06
2017-01-21 19:00:00,0.016288573,336.64798,292.53546,100587.67,0.0066152266,285.8573,4.1238694,3.7235773,4.5246034e-06
2017-01-21 20:00:00,0.015625,338.5241,334.7881,100550.36,0.006494431,286.74112,2.715734,5.0212965,4.340278e-06
2017-01-21 21:00:00,0.028261293,347.12997,344.5095,100672.695,0.006363592,286.57333,1.3070691,6.319472,7.850359e-06
2017-01-21 22:00:00,0.015625,347.61877,296.62103,100633.125,0.006374275,286.43823,0.93421125,6.466407,4.340278e-06
2017-01-21 23:00:00,0.015625,344.74503,214.10045,100628.06,0.0062349825,285.72852,0.56093645,6.6041327,4.340278e-06
2017-01-22 00:00:00,0.03125,333.12476,142.75163,100732.9,0.00629468,285.31424,0.18066648,6.7458944,8.680556e-06
2017-01-22 01:00:00,0.18286754,332.1292,30.44645,100616.75,0.006329918,284.33154,-1.6714231,6.7072406,5.079654e-05
2017-01-22 02:00:00,0.47726986,330.0889,0.0,100630.89,0.0062671844,283.1988,-3.52769,6.667057,0.00013257496
2017-01-22 03:00:00,0.8047112,350.3046,0.0,100753.234,0.006012454,282.99677,-5.3823924,6.6297913,0.0002235309
2017-01-22 04:00:00,1.6019359,346.25937,0.0,100600.3,0.006130672,282.33832,-5.6951256,7.858709,0.0004449822
2017-01-22 05:00:00,0.90352064,344.8495,0.0,100594.48,0.006243478,282.2028,-5.99454,9.082248,0.00025097796
2017-01-22 06:00:00,0.19922647,341.2309,0.0,100467.54,0.006059274,282.5224,-6.3108993,10.312718,5.5340686e-05
2017-01-22 07:00:00,0.45845214,340.5055,0.0,100233.47,0.0059717614,282.93945,-4.862073,10.746299,0.00012734781
2017-01-22 08:00:00,1.7257681,339.99396,0.0,100146.35,0.0060930494,283.22696,-3.4179456,11.171112,0.00047938002
2017-01-22 09:00:00,1.6083442,342.10968,0.0,100145.28,0.006296112,282.62082,-1.9666054,11.607605,0.00044676228
2017-01-22 10:00:00,1.2176311,345.6967,0.0,99984.66,0.0064592836,282.2104,-1.1352133,11.446479,0.00033823086
2017-01-22 11:00:00,0.8511783,350.77414,0.0,99920.125,0.0065316623,282.12103,-0.31055772,11.282986,0.00023643841
2017-01-22 12:00:00,2.7742221,346.47565,0.0,99975.98,0.0067238966,281.92712,0.5227961,11.123648,0.0007706173
2017-01-22 13:00:00,4.245771,352.4806,0.0,99942.37,0.0068697147,282.65665,1.5613589,9.929727,0.0011793808
2017-01-22 14:00:00,4.980708,360.53668,0.0,100060.48,0.0071586594,283.66382,2.601709,8.725475,0.00138353
2017-01-22 15:00:00,2.1596212,352.2588,0.0,100243.74,0.0071092504,283.26477,3.6428168,7.5281043,0.0005998948
2017-01-22 16:00:00,0.41338554,345.08456,38.74617,100225.695,0.007119171,282.69885,2.9098341,7.375939,0.000114829316
2017-01-22 17:00:00,0.16359475,341.22443,95.80065,100343.1,0.007101519,282.77597,2.1770954,7.2311096,4.5442986e-05
2017-01-22 18:00:00,0.03125,333.85806,203.52568,100480.87,0.0074561653,283.52008,1.4453335,7.0834146,8.680556e-06
2017-01-22 19:00:00,0.0,343.61588,253.34488,100272.58,0.0081308065,285.7572,1.7573031,7.4027824,0.0
2017-01-22 20:00:00,0.0,343.6788,289.9742,100139.99,0.0075207883,286.7728,2.073816,7.7218027,0.0
2017-01-22 21:00:00,0.0390625,339.0052,233.61087,100209.11,0.007047857,286.41623,2.3814912,8.040146,1.0850695e-05
2017-01-22 22:00:00,0.0625,333.3754,201.39291,99988.83,0.007132179,284.7818,1.6049709,8.50382,1.7361112e-05
2017-01-22 23:00:00,0.24982142,335.14856,145.74435,99917.37,0.0072952504,284.61914,0.825922,8.965708,6.939484e-05
2017-01-23 00:00:00,0.40521994,336.43417,62.860497,100045.35,0.0064811986,283.41913,0.04744066,9.426405,0.000112561094
2017-01-23 01:00:00,1.0022345,329.92773,14.186375,99976.73,0.0062681194,281.96625,0.41902402,9.069954,0.00027839845
2017-01-23 02:00:00,1.9571095,327.04642,0.0,100001.17,0.0061874567,281.16312,0.80035335,8.716637,0.0005436415
2017-01-23 03:00:00,1.1946135,318.00677,0.0,100174.06,0.006084705,281.31546,1.1701363,8.362457,0.00033183707
2017-01-23 04:00:00,0.64706784,318.31415,0.0,100095.88,0.0061603393,281.0805,2.2626996,7.0508204,0.00017974107
2017-01-23 05:00:00,0.47751147,318.78088,0.0,100081.76,0.0061244243,280.95248,3.350229,5.7415824,0.00013264208
2017-01-23 06:00:00,0.5092135,311.16006,0.0,100196.05,0.00582559,280.8186,4.43466,4.4326277,0.0001414482
2017-01-23 07:00:00,0.5504345,312.3719,0.0,100063.28,0.005869938,280.8416,4.7115273,4.152062,0.00015289849
2017-01-23 08:00:00,0.5730781,311.1963,0.0,100152.984,0.005774968,280.43723,4.991473,3.8668578,0.00015918836
2017-01-23 09:00:00,0.65671,307.98523,0.0,100298.48,0.0057861987,280.57776,5.2738175,3.5809345,0.00018241945
2017-01-23 10:00:00,0.43651605,305.8211,0.0,100240.64,0.0055903313,280.0552,4.5099697,2.748558,0.00012125446
2017-01-23 11:00:00,0.41070825,302.88898,0.0,100241.68,0.0054384405,279.30896,3.7452054,1.9203758,0.000114085626
2017-01-23 12:00:00,0.3138995,285.53912,0.0,100374.92,0.0053672646,279.2545,2.978941,1.0890374,8.7194305e-05
2017-01-23 13:00:00,0.31279063,287.0804,0.0,100277.586,0.0055023963,278.898,2.5475092,1.1381931,8.6886284e-05
2017-01-23 14:00:00,0.3884209,287.92206,0.0,100336.96,0.005408452,278.53833,2.1320448,1.1838815,0.000107894695
2017-01-23 15:00:00,0.45934647,298.45734,0.0,100496.22,0.0053555463,278.59555,1.7079191,1.2376665,0.00012759624
2017-01-23 16:00:00,0.49769783,294.7295,66.784195,100492.09,0.0054857074,279.0677,2.3089783,1.5859714,0.0001382494
2017-01-23 17:00:00,0.37104005,295.14816,163.636,100559.23,0.0059015546,280.26318,2.9237978,1.9271791,0.000103066675
2017-01-23 18:00:00,0.26875228,297.442,268.36346,100769.86,0.0061948616,281.74033,3.534342,2.2733393,7.465341e-05
2017-01-23 19:00:00,0.23876555,300.19025,333.99786,100631.016,0.0061799446,282.51984,4.1045437,2.1452384,6.6323766e-05
2017-01-23 20:00:00,0.12757435,302.52942,382.43402,100620.42,0.006175222,283.19382,4.6724463,2.0156302,3.5437322e-05
2017-01-23 21:00:00,0.20495112,305.3268,413.25702,100713.28,0.00618006,283.30997,5.236805,1.8838166,5.693087e-05
2017-01-23 22:00:00,0.3054092,306.02283,356.6754,100547.22,0.0063322424,283.11954,4.9632926,2.0781593,8.483589e-05
2017-01-23 23:00:00,0.27684224,308.07495,258.65063,100576.42,0.00608689,283.50647,4.690062,2.2619429,7.690062e-05
2017-01-24 00:00:00,0.18815291,291.3862,159.06778,100682.97,0.0058069457,283.40894,4.4245987,2.4522064,5.2264695e-05
2017-01-24 01:00:00,0.17734371,290.30246,37.735527,100570.51,0.0059946035,282.49893,4.134477,2.303384,4.9262144e-05
2017-01-24 02:00:00,0.12647222,285.0127,0.0,100650.71,0.005794276,280.8871,3.8479354,2.1553667,3.5131172e-05
2017-01-24 03:00:00,0.07991849,305.96063,0.0,100762.08,0.0056263055,280.39246,3.564538,2.0126333,2.219958e-05
2017-01-24 04:00:00,0.09710456,306.5522,0.0,100729.28,0.0057275295,280.24832,3.0612862,2.1882787,2.6973488e-05
2017-01-24 05:00:00,0.00074717664,307.3473,0.0,100722.234,0.0057204566,280.23676,2.5661108,2.3662057,2.0754906e-07
2017-01-24 06:00:00,0.026435157,305.34836,0.0,100870.125,0.0058452943,280.24213,2.0652454,2.541069,7.3430992e-06
2017-01-24 07:00:00,0.00074717664,303.8922,0.0,100712.28,0.005667133,279.89734,1.6527268,2.7704697,2.0754906e-07
2017-01-24 08:00:00,0.0,299.73462,0.0,100763.31,0.0053706756,279.02795,1.2423742,2.9964821,0.0
2017-01-24 09:00:00,0.0,288.02722,0.0,100882.13,0.0051705553,278.28696,0.8287457,3.229804,0.0
2017-01-24 10:00:00,0.0,286.5873,0.0,100780.2,0.0050010057,277.76385,0.38319892,3.1224532,0.0
2017-01-24 11:00:00,0.0,286.24094,0.0,100838.27,0.0048509394,277.47595,-0.055126086,3.0172184,0.0
2017-01-24 12:00:00,0.0,314.25555,0.0,100924.234,0.0047402685,277.12805,-0.50003195,2.912578,0.0
2017-01-24 13:00:00,0.0,310.50037,0.0,100864.46,0.0046940222,276.6693,-0.9444568,2.548329,0.0
2017-01-24 14:00:00,0.0,305.90985,0.0,100923.28,0.004449007,276.19244,-1.3901355,2.1780732,0.0
2017-01-24 15:00:00,0.0,273.58252,0.0,101101.44,0.004382967,276.20633,-1.8385077,1.8104229,0.0
2017-01-24 16:00:00,0.0,272.8575,59.82598,101151.75,0.004575621,276.7318,-1.9756067,0.61557037,0.0
2017-01-24 17:00:00,0.0,278.20212,145.36018,101258.55,0.005168144,278.40625,-2.1057642,-0.5805482,0.0
2017-01-24 18:00:00,0.0,281.9315,288.0271,101421.78,0.005483278,280.5873,-2.2448804,-1.7828854,0.0
2017-01-24 19:00:00,0.0,284.27008,358.28552,101342.33,0.005551963,281.9333,-2.1269841,-1.783248,0.0
2017-01-24 20:00:00,0.0,286.52438,410.25,101335.41,0.0058135153,283.12036,-2.0189257,-1.7850301,0.0
2017-01-24 21:00:00,0.0,267.7708,541.42554,101438.69,0.005947186,284.2943,-1.9066296,-1.7893522,0.0
2017-01-24 22:00:00,0.0,268.7087,467.74893,101348.8,0.005622196,284.88074,-1.4456725,-2.5361528,0.0
2017-01-24 23:00:00,0.0,269.31592,340.0432,101376.24,0.0054177023,285.27124,-0.9859834,-3.2815926,0.0
2017-01-25 00:00:00,0.0,251.453,168.70688,101492.31,0.0053303833,285.13406,-0.5277411,-4.0305176,0.0
2017-01-25 01:00:00,0.0,253.87506,41.97329,101482.92,0.005671615,283.7377,-0.21294475,-3.9886155,0.0
2017-01-25 02:00:00,0.0,252.89317,0.0,101553.516,0.005412169,281.91345,0.10448044,-3.9477725,0.0
2017-01-25 03:00:00,0.0,244.4652,0.0,101739.34,0.005228021,280.49847,0.41531432,-3.9022238,0.0
2017-01-25 04:00:00,0.0,241.99147,0.0,101703.234,0.0051253955,279.61456,0.15526077,-3.8268883,0.0
2017-01-25 05:00:00,0.0,239.66006,0.0,101746.31,0.004941468,278.8513,-0.10490486,-3.7442923,0.0
2017-01-25 06:00:00,0.0,236.23196,0.0,101871.65,0.0048348457,278.28387,-0.36654866,-3.6606228,0.0
2017-01-25 07:00:00,0.0,235.13777,0.0,101773.81,0.0048871627,277.69238,-0.025976975,-3.486253,0.0
2017-01-25 08:00:00,0.0,233.97742,0.0,101826.07,0.0046850815,277.28506,0.31141388,-3.3087468,0.0
2017-01-25 09:00:00,0.0,229.95323,0.0,101996.88,0.0044448297,276.55157,0.6453617,-3.1301258,0.0
2017-01-25 10:00:00,0.0,228.70985,0.0,101943.6,0.0043170527,276.185,0.4523907,-2.5794954,0.0
2017-01-25 11:00:00,0.0,228.90613,0.0,101956.5,0.004309588,276.10547,0.26314086,-2.0298314,0.0
2017-01-25 12:00:00,0.0,226.96924,0.0,102103.31,0.0042140665,275.15134,0.06412735,-1.4731281,0.0
2017-01-25 13:00:00,0.0,227.37299,0.0,101957.69,0.0042375643,275.29352,-0.09765479,-0.98045814,0.0
2017-01-25 14:00:00,0.0,224.16663,0.0,102005.05,0.004084172,274.55188,-0.27122867,-0.49340606,0.0
2017-01-25 15:00:00,0.0,233.61757,0.0,102192.68,0.004171737,274.80173,-0.43485367,-0.008545374,0.0
2017-01-25 16:00:00,0.0,232.89108,86.15438,102103.86,0.0044055507,275.92303,-0.5058975,0.14408801,0.0
2017-01-25 17:00:00,0.0,240.25476,207.26299,102158.67,0.0049397624,279.06006,-0.57264894,0.29344082,0.0
2017-01-25 18:00:00,0.0,293.82278,233.0552,102301.555,0.005590354,282.0425,-0.64155394,0.44495222,0.0
2017-01-25 19:00:00,0.0,304.56458,289.60333,102203.56,0.0057983343,284.86835,0.1643095,0.108980544,0.0
2017-01-25 20:00:00,0.0,307.58167,331.64545,102145.16,0.0059208493,285.98532,0.977514,-0.23001835,0.0
2017-01-25 21:00:00,0.0,324.37115,322.86285,102228.66,0.006009611,286.30875,1.7867229,-0.5758844,0.0
2017-01-25 22:00:00,0.0,324.25784,279.17596,102095.52,0.0060572056,286.29163,1.4328529,-0.9447713,0.0
2017-01-25 23:00:00,0.0,322.40103,203.41876,102102.0,0.0059113093,286.02747,1.0853096,-1.321957,0.0
2017-01-26 00:00:00,0.0,265.73444,158.64352,102240.05,0.0057735876,285.34497,0.7267987,-1.7019317,0.0
2017-01-26 01:00:00,0.0,267.37277,41.268063,102147.26,0.0059335902,284.34305,0.4743522,-1.4770238,0.0
2017-01-26 02:00:00,0.0,266.38345,0.0,102184.55,0.005894969,282.80405,0.22155428,-1.2611687,0.0
2017-01-26 03:00:00,0.0,245.48375,0.0,102330.11,0.0056568887,281.55167,-0.032612283,-1.0390062,0.0
2017-01-26 04:00:00,0.0,243.90771,0.0,102251.43,0.00546732,280.78714,-0.20112441,-0.68569005,0.0
2017-01-26 05:00:00,0.0,240.65457,0.0,102349.336,0.005290797,279.5378,-0.3731393,-0.33716458,0.0
2017-01-26 06:00:00,0.0,242.61508,0.0,102477.266,0.005108755,278.50076,-0.5491097,0.017890733,0.0
2017-01-26 07:00:00,0.0,241.45903,0.0,102375.25,0.005057455,277.9812,-0.602868,0.52386296,0.0
2017-01-26 08:00:00,0.0,239.81647,0.0,102407.34,0.0048435284,277.49673,-0.652875,1.0258393,0.0
2017-01-26 09:00:00,0.0,258.4945,0.0,102484.91,0.0047623934,277.2152,-0.7062119,1.5313275,0.0
2017-01-26 10:00:00,0.0,256.7119,0.0,102400.55,0.00455107,276.98682,-0.13782954,1.5137466,0.0
2017-01-26 11:00:00,0.0,255.71024,0.0,102409.26,0.0045312974,276.77615,0.43111485,1.4951495,0.0
2017-01-26 12:00:00,0.0,268.97595,0.0,102523.57,0.0044870507,277.16266,0.99780613,1.4725556,0.0
2017-01-26 13:00:00,0.0,270.01907,0.0,102453.6,0.0046449695,277.10657,0.41398954,0.3424604,0.0
2017-01-26 14:00:00,0.0,271.6754,0.0,102463.0,0.0046744286,277.33847,-0.16832079,-0.785218,0.0
2017-01-26 15:00:00,0.0,262.55902,0.0,102577.31,0.004785716,277.67212,-0.7441822,-1.9155221,0.0
2017-01-26 16:00:00,0.0,256.69183,93.28967,102463.55,0.00486425,278.051,-0.66923743,-1.906282,0.0
2017-01-26 17:00:00,0.0,257.3722,222.27753,102589.78,0.005396366,279.71906,-0.59178466,-1.8908198,0.0
2017-01-26 18:00:00,0.0,262.99496,381.73413,102732.14,0.005899157,282.138,-0.51904374,-1.8852417,0.0
2017-01-26 19:00:00,0.0,266.82855,474.14822,102612.664,0.005800771,284.08575,-0.6838133,-2.0387752,0.0
2017-01-26 20:00:00,0.0,266.80145,542.92896,102517.42,0.0057919477,284.95294,-0.84736747,-2.1974216,0.0
2017-01-26 21:00:00,0.0,270.30856,556.11206,102577.26,0.0057570026,286.0226,-1.0072047,-2.3475494,0.0
2017-01-26 22:00:00,0.0,271.65768,481.46066,102420.695,0.0054408475,286.48315,-0.60993373,-2.8347456,0.0
2017-01-26 23:00:00,0.0,273.62424,351.60214,102469.58,0.005473053,286.80356,-0.2086914,-3.321854,0.0
2017-01-27 00:00:00,0.0,256.7076,175.34238,102546.56,0.005438446,286.05447,0.18492833,-3.8033476,0.0
2017-01-27 01:00:00,0.0,260.67242,47.542816,102428.04,0.0053512235,285.3639,-0.19315085,-3.883763,0.0
2017-01-27 02:00:00,0.0,259.81577,0.0,102488.26,0.0054393164,283.21387,-0.57401377,-3.9573607,0.0
2017-01-27 03:00:00,0.0,250.06491,0.0,102609.56,0.0052498276,281.7518,-0.95841765,-4.0433187,0.0
2017-01-27 04:00:00,0.0,248.00113,0.0,102524.42,0.004991933,280.84714,-0.9956323,-3.8841832,0.0
2017-01-27 05:00:00,0.0,245.7887,0.0,102552.95,0.0048880954,279.76447,-1.0393239,-3.723608,0.0
2017-01-27 06:00:00,0.0,240.3649,0.0,102708.945,0.004813039,279.01175,-1.0779388,-3.5747848,0.0
2017-01-27 07:00:00,0.0,239.38686,0.0,102594.05,0.004831083,278.35788,-0.5831695,-3.6311316,0.0
2017-01-27 08:00:00,0.0,239.26051,0.0,102666.66,0.0046943384,278.08786,-0.091761254,-3.684164,0.0
2017-01-27 09:00:00,0.0,232.98747,0.0,102790.0,0.0042708023,276.9509,0.40301922,-3.7415733,0.0
2017-01-27 10:00:00,0.0,232.33849,0.0,102669.87,0.004374558,276.306,-0.08676955,-3.7310004,0.0
2017-01-27 11:00:00,0.0,235.32658,0.0,102678.555,0.004319846,276.8487,-0.56755054,-3.7097688,0.0
2017-01-27 12:00:00,0.0,224.29031,0.0,102824.51,0.004215621,276.18436,-1.0556804,-3.6997223,0.0
2017-01-27 13:00:00,0.0,225.30624,0.0,102744.22,0.004204278,276.06497,-1.4464829,-3.551136,0.0
2017-01-27 14:00:00,0.0,226.759,0.0,102835.42,0.0041736295,276.07532,-1.8349494,-3.3981135,0.0
2017-01-27 15:00:00,0.0,230.32524,0.0,103007.44,0.004228699,276.18896,-2.224659,-3.2567754,0.0
2017-01-27 16:00:00,0.0,225.21349,104.09011,102907.44,0.004241442,276.9899,-1.9021769,-2.4467437,0.0
2017-01-27 17:00:00,0.0,232.19458,245.62793,103002.64,0.004632526,280.92926,-1.5768726,-1.6447041,0.0
2017-01-27 18:00:00,0.0,249.86742,394.17688,103187.02,0.004127713,283.66562,-1.2478619,-0.84817755,0.0
2017-01-27 19:00:00,0.0,251.22414,489.323,102942.74,0.004166288,285.14886,-1.1699443,-1.0715017,0.0
2017-01-27 20:00:00,0.0,251.3592,560.28015,102907.86,0.004123572,286.3636,-1.1008539,-1.3130481,0.0
2017-01-27 21:00:00,0.0,260.69827,569.3156,102976.56,0.0043477993,287.15784,-1.0200379,-1.5475953,0.0
2017-01-27 22:00:00,0.0,263.47833,493.4176,102843.47,0.00424391,287.9919,-0.52549803,-1.96374,0.0
2017-01-27 23:00:00,0.0,264.2788,361.16177,102868.66,0.0041405046,288.28696,-0.018538373,-2.3860598,0.0
2017-01-28 00:00:00,0.0,253.15697,182.26762,102943.875,0.0042224517,287.69104,0.4783814,-2.8119447,0.0
2017-01-28 01:00:00,0.0,256.48407,51.385563,102858.74,0.0046273507,286.7046,-0.1746046,-1.7348568,0.0
2017-01-28 02:00:00,0.0,251.35852,0.0,102940.15,0.0048015458,283.685,-0.81967556,-0.6522754,0.0
2017-01-28 03:00:00,0.0,240.92549,0.0,103062.586,0.004660816,282.2859,-1.4669898,0.42761543,0.0
2017-01-28 04:00:00,0.0,238.78444,0.0,103008.59,0.004569824,280.83685,-1.7188973,-0.23295599,0.0
2017-01-28 05:00:00,0.0,237.41507,0.0,103048.33,0.004382029,279.7037,-1.9763412,-0.8911776,0.0
2017-01-28 06:00:00,0.0,235.52902,0.0,103136.56,0.004312607,278.9606,-2.223224,-1.5519726,0.0
2017-01-28 07:00:00,0.0,235.27463,0.0,102946.28,0.004570998,278.10483,-2.6753407,-1.4711092,0.0
2017-01-28 08:00:00,0.0,232.25087,0.0,102961.66,0.004245052,277.03107,-3.1227515,-1.3897858,0.0
2017-01-28 09:00:00,0.0,232.77863,0.0,103027.01,0.004160654,277.39017,-3.5835009,-1.3047816,0.0
2017-01-28 10:00:00,0.0,229.96806,0.0,102919.664,0.0040760175,276.54425,-3.5979247,-0.9886933,0.0
2017-01-28 11:00:00,0.0,228.54625,0.0,102928.15,0.0038941517,276.2092,-3.617535,-0.67913264,0.0
2017-01-28 12:00:00,0.0,225.29974,0.0,103031.625,0.0038687363,274.92007,-3.6323802,-0.36285377,0.0
2017-01-28 13:00:00,0.0,227.25893,0.0,102917.77,0.0038612336,275.4625,-3.8475356,-0.71352124,0.0
2017-01-28 14:00:00,0.0,228.05978,0.0,102997.38,0.003760285,275.75528,-4.0632143,-1.0657043,0.0
2017-01-28 15:00:00,0.0,225.63892,0.0,103101.14,0.0037274228,274.50916,-4.273229,-1.4244335,0.0
2017-01-28 16:00:00,0.0,220.14354,105.80034,102996.55,0.0038554613,275.00943,-4.345353,-1.3230584,0.0
2017-01-28 17:00:00,0.0,226.638,247.1792,103027.586,0.0044820085,278.5575,-4.4206257,-1.2247627,0.0
2017-01-28 18:00:00,0.0,246.78874,396.71817,103128.57,0.0046805767,281.46906,-4.489156,-1.1254227,0.0
2017-01-28 19:00:00,0.0,252.03589,492.16345,102931.96,0.004806515,284.52695,-3.7603667,-1.1571269,0.0
2017-01-28 20:00:00,0.0,252.30663,563.5089,102831.945,0.00463784,286.51978,-3.0284495,-1.1846693,0.0
2017-01-28 21:00:00,0.0,260.99432,575.60205,102872.664,0.00473944,287.96085,-2.2934067,-1.222261,0.0
2017-01-28 22:00:00,0.0,264.9138,499.4,102633.07,0.0050982446,288.80057,-2.0647972,-1.2611507,0.0
2017-01-28 23:00:00,0.0,268.0935,366.29163,102648.0,0.00534736,289.53735,-1.8327994,-1.3001895,0.0
2017-01-29 00:00:00,0.0,255.46065,187.17432,102752.8,0.005071175,289.30655,-1.6096704,-1.336867,0.0
2017-01-29 01:00:00,0.0,260.44946,54.748207,102632.25,0.0058442084,287.7505,-1.6112434,-1.4377418,0.0
2017-01-29 02:00:00,0.0,258.49533,0.0,102619.016,0.005930397,284.9134,-1.6107985,-1.5416145,0.0
2017-01-29 03:00:00,0.0,248.31885,0.0,102745.93,0.0055022524,283.28174,-1.6150727,-1.6423945,0.0
2017-01-29 04:00:00,0.0,249.2269,0.0,102690.25,0.00538461,283.01578,-2.2680144,-0.9321349,0.0
2017-01-29 05:00:00,0.0,245.56316,0.0,102714.95,0.00528895,281.48523,-2.9225407,-0.22269018,0.0
2017-01-29 06:00:00,0.0,239.21718,0.0,102846.53,0.005067736,280.33597,-3.5745547,0.4911856,0.0
2017-01-29 07:00:00,0.0,239.20395,0.0,102631.86,0.0050229672,279.84448,-3.2385793,0.37885237,0.0
2017-01-29 08:00:00,0.0,234.5202,0.0,102633.125,0.004728636,278.24683,-2.900086,0.27239916,0.0
2017-01-29 09:00:00,0.0,230.22505,0.0,102731.89,0.0045444225,277.5524,-2.5634587,0.16041031,0.0
2017-01-29 10:00:00,0.0,229.8853,0.0,102660.25,0.004592811,277.09924,-2.7857018,0.13587208,0.0
2017-01-29 11:00:00,0.0,235.25398,0.0,102685.78,0.0044633774,278.45624,-2.9999697,0.108056575,0.0
2017-01-29 12:00:00,0.0,233.49237,0.0,102722.28,0.004307508,277.97632,-3.2113202,0.08084469,0.0
2017-01-29 13:00:00,0.0,231.91452,0.0,102501.71,0.004356608,277.1914,-3.189866,0.3593588,0.0
2017-01-29 14:00:00,0.0,230.31377,0.0,102529.016,0.0041805278,276.63425,-3.1712697,0.63955235,0.0
2017-01-29 15:00:00,0.0,230.00862,0.0,102665.07,0.0041204207,275.3108,-3.145698,0.914266,0.0
2017-01-29 16:00:00,0.0,223.194,109.09011,102589.875,0.0042924574,275.8763,-2.7313278,-0.055188876,0.0
2017-01-29 17:00:00,0.0,230.34833,252.26352,102642.56,0.0051076557,279.88968,-2.311644,-1.021771,0.0
2017-01-29 18:00:00,0.0,255.54022,400.45612,102788.62,0.0054687527,283.3978,-1.8998669,-1.9978371,0.0
2017-01-29 19:00:00,0.0,258.13446,496.41568,102516.56,0.00575155,285.73718,-1.9136434,-1.8820441,0.0
2017-01-29 20:00:00,0.0,257.07715,568.28046,102505.76,0.005706965,287.33936,-1.9314075,-1.7699771,0.0
2017-01-29 21:00:00,0.0,262.015,581.8951,102499.586,0.0055857785,288.35983,-1.9517833,-1.6637696,0.0
2017-01-29 22:00:00,0.0,265.60184,505.35373,102303.984,0.0054798843,289.59644,-1.8857439,-1.4442779,0.0
2017-01-29 23:00:00,0.0,266.63007,371.4776,102251.89,0.00545841,290.0692,-1.8129864,-1.2262489,0.0
2017-01-30 00:00:00,0.0,252.41641,191.99371,102325.84,0.0054433974,290.2375,-1.7397647,-1.0062438,0.0
2017-01-30 01:00:00,0.0,258.58963,58.109818,102109.69,0.006001371,288.8915,-2.284922,-1.380833,0.0
2017-01-30 02:00:00,0.0,255.9548,0.0,102157.734,0.005904829,285.6213,-2.8271146,-1.7588822,0.0
2017-01-30 03:00:00,0.0,247.85457,0.0,102254.305,0.0057456326,283.68033,-3.3723872,-2.1288855,0.0
2017-01-30 04:00:00,0.0,245.84084,0.0,102096.35,0.005176438,282.91135,-3.2353654,-2.0485702,0.0
2017-01-30 05:00:00,0.0,242.68666,0.0,102122.6,0.0051024673,281.41095,-3.0923963,-1.962946,0.0
2017-01-30 06:00:00,0.0,242.2944,0.0,102176.22,0.004946249,281.09726,-2.9468253,-1.8808868,0.0
2017-01-30 07:00:00,0.0,237.4744,0.0,102005.695,0.005003403,279.24927,-2.8496723,-1.9033065,0.0
2017-01-30 08:00:00,0.0,234.90839,0.0,102004.11,0.0048244614,278.24207,-2.750988,-1.9323034,0.0
2017-01-30 09:00:00,0.0,233.26227,0.0,102081.22,0.00464599,278.7715,-2.6490037,-1.9577694,0.0
2017-01-30 10:00:00,0.0,235.11111,0.0,101972.54,0.004469094,279.07922,-2.7659087,-1.4680271,0.0
2017-01-30 11:00:00,0.0,231.60397,0.0,101937.83,0.0042827046,277.85007,-2.8823662,-0.9830748,0.0
2017-01-30 12:00:00,0.0,233.15866,0.0,101991.89,0.004087557,278.57642,-2.9966927,-0.49937543,0.0
2017-01-30 13:00:00,0.0,229.14914,0.0,101882.05,0.0042794123,276.95355,-3.4284086,-0.46891162,0.0
2017-01-30 14:00:00,0.0,231.11957,0.0,101889.53,0.004169955,277.3667,-3.8657413,-0.4412307,0.0
2017-01-30 15:00:00,0.0,235.91374,0.0,102018.67,0.0041481378,276.95062,-4.29479,-0.41235864,0.0
2017-01-30 16:00:00,0.0,229.44957,112.051735,101882.05,0.0043740207,277.74167,-3.6823516,-0.61333317,0.0
2017-01-30 17:00:00,0.0,231.93248,256.5293,101915.39,0.004970675,280.71176,-3.0694795,-0.8197074,0.0
2017-01-30 18:00:00,0.0,253.19238,400.7422,102005.305,0.0052717244,283.61655,-2.4538684,-1.0232245,0.0
2017-01-30 19:00:00,0.0,256.88495,496.43225,101882.914,0.005801939,286.24597,-2.17388,-0.74620104,0.0
2017-01-30 20:00:00,0.0,255.82108,568.25055,101794.81,0.0055259024,288.2323,-1.8962837,-0.46859765,0.0
2017-01-30 21:00:00,0.0,263.683,572.45734,101861.97,0.005598998,289.588,-1.6170942,-0.19342208,0.0
2017-01-30 22:00:00,0.0,266.04434,497.70404,101699.01,0.005838608,290.19684,-1.4767312,-0.061682962,0.0
2017-01-30 23:00:00,0.0,268.33966,366.55707,101657.87,0.0062096165,290.6447,-1.338764,0.063012086,0.0
2017-01-31 00:00:00,0.0,248.48737,198.37086,101751.914,0.005491464,290.65497,-1.2023226,0.19574684,0.0
2017-01-31 01:00:00,0.0,254.78008,62.03122,101537.016,0.0062401704,289.01202,-0.7152826,-0.1209338,0.0
2017-01-31 02:00:00,0.0,252.39952,0.0,101565.76,0.006245863,285.52408,-0.22503819,-0.43665493,0.0
2017-01-31 03:00:00,0.0,245.16321,0.0,101654.57,0.006250147,283.74213,0.263521,-0.7469839,0.0
2017-01-31 04:00:00,0.0,241.0834,0.0,101551.42,0.005802273,282.4883,0.12332613,-0.6659475,0.0
2017-01-31 05:00:00,0.0,239.83115,0.0,101574.04,0.005442417,281.98187,-0.010650324,-0.5827894,0.0
2017-01-31 06:00:00,0.0,234.81468,0.0,101705.04,0.0053615225,280.309,-0.1461511,-0.50045687,0.0
2017-01-31 07:00:00,0.0,234.64417,0.0,101558.016,0.005233503,280.04507,-0.6774044,0.13393238,0.0
2017-01-31 08:00:00,0.0,233.04022,0.0,101619.234,0.0049711573,279.48395,-1.2051749,0.7743007,0.0
2017-01-31 09:00:00,0.0,247.52036,0.0,101689.984,0.0048300084,278.20587,-1.7280958,1.408955,0.0
2017-01-31 10:00:00,0.0,247.49934,0.0,101593.44,0.0045988457,278.37027,-1.456846,1.0488158,0.0
2017-01-31 11:00:00,0.0,247.6885,0.0,101577.98,0.0045060404,278.4588,-1.1866689,0.6752627,0.0
2017-01-31 12:00:00,0.0,225.36638,0.0,101630.516,0.004237678,275.81274,-0.90688133,0.31141844,0.0
2017-01-31 13:00:00,0.0,226.69528,0.0,101473.47,0.0042005796,275.69727,-1.3708987,0.72828376,0.0
2017-01-31 14:00:00,0.0,227.00107,0.0,101441.016,0.004249655,275.17938,-1.8240694,1.1540056,0.0
2017-01-31 15:00:00,0.0,232.62073,0.0,101595.32,0.004132689,274.85727,-2.2811642,1.5707244,0.0
2017-01-31 16:00:00,0.0,227.86319,110.56795,101484.984,0.0043694954,275.49304,-1.7016517,1.1557266,0.0
2017-01-31 17:00:00,0.0,241.53091,250.51532,101546.516,0.00534106,280.72864,-1.1172363,0.7452429,0.0
2017-01-31 18:00:00,0.0,264.65973,377.69904,101641.695,0.005684958,283.2278,-0.53065556,0.32838476,0.0
2017-01-31 19:00:00,0.0,272.1956,467.4784,101456.164,0.005974986,286.55066,-0.6368938,0.013016367,0.0
2017-01-31 20:00:00,0.0,272.54193,535.10315,101418.91,0.00597556,288.2592,-0.7395058,-0.2959584,0.0
2017-01-31 21:00:00,0.0,288.27524,529.4543,101446.625,0.0060017733,289.42935,-0.8459568,-0.6134215,0.0
2017-01-31 22:00:00,0.0,290.1828,460.78336,101222.5,0.0061401958,289.92932,-0.50994843,0.039532065,0.0
2017-01-31 23:00:00,0.0,290.38873,340.11127,101207.125,0.006153514,290.0761,-0.1703028,0.6949806,0.0
2017-02-01 00:00:00,0.0,281.4986,211.57848,101325.06,0.006392167,289.71524,0.1654227,1.3467698,0.0
