land_surface_water__runoff_depth,land_surface_water__runoff_volume_flux,DIRECT_RUNOFF,GIUH_RUNOFF,NASH_LATERAL_RUNOFF,DEEP_GW_TO_CHANNEL_FLUX,SOIL_CONCEPTUAL_STORAGE
0.00011131251192854496,0.27011355895762595,0.0,0.0,0.0,0.00011131251192854496,0.5692299359119124
0.004524603606682325,10.979509507951942,0.004413293034604946,0.004413293034604946,0.0,0.00011131057207737887,0.5664695521510127
0.0001168283717508205,0.2834984741077094,0.0,0.0,5.519804138208214e-06,0.00011130856761261229,0.560369837166659
0.00012748093602161622,0.30934823706208936,0.0,0.0,1.6174461216582376e-05,0.00011130647480503385,0.5543519404274679
0.00014290207315234815,0.3467695310513,0.0,0.0,3.159777830350106e-05,0.0001113042948488471,0.5484147644681877
0.0001627234697478909,0.3948685981298468,0.0,0.0,5.142144082564217e-05,0.00011130202892224874,0.542557226544366
0.00018659559337201026,0.45279725466871457,0.0,0.0,7.529591518437048e-05,0.00011129967818763977,0.5367782584348929
0.000214186884108925,0.5197509295796428,0.0,0.0,0.0001028896403170862,0.00011129724379183882,0.5310768062471936
0.00024518297790353087,0.59496677965425,0.0,0.0,0.0001338882510372396,0.00011129472686629125,0.525451830225032
0.0002792859604988086,0.6777218791510048,0.0,0.0,0.0001679938319715349,0.0001112921285272737,0.5199023045588944
0.00031621365083126586,0.7673314808657538,0.0,0.0,0.00020492420095516903,0.00011128944987609684,0.5144272171989162
0.00035569891278609925,0.8631473460206136,0.0,0.0,0.00024441222078679055,0.00011128669199930869,0.509025569670316
0.0003974889942531714,0.9645561404016636,0.0,0.0,0.00028620513828428283,0.00011128385596888858,0.5036963768913082
0.009587664145614065,23.26565126950589,0.00914631921810291,0.00914631921810291,0.00033006394962051727,0.00011128097789063687,0.5032266392264778
0.03210363197710351,77.90342827199756,0.03161659108313061,0.03161659108313061,0.0003757627909549293,0.00011127810301797095,0.5041011847203741
0.02570734874809085,62.38205697998445,0.025172956401088957,0.025172956401088957,0.00042311710754126944,0.00011127523946062729,0.50474547408928
0.01121455226698042,27.213496241059904,0.01063129100264313,0.01063129100264313,0.00047198888579485257,0.00011127237854243735,0.5044338334708857
0.000633523033638098,1.5373218907095354,0.0,0.0,0.0005222535566181929,0.0001112694770199051,0.49916623173327107
0.0006850520412965568,1.6623633923972871,0.0,0.0,0.0005737855419957701,0.00011126649930078662,0.49396928672822393
0.000737693513675099,1.7901044271343824,0.0,0.0,0.0006264300672586481,0.00011126344641645089,0.48884205070492615
0.0007912716195930725,1.9201183188431834,0.0,0.0,0.0006800113002086329,0.00011126031938443957,0.48378358862517107
0.0008456209175393879,2.0520036032625266,0.0,0.0,0.0007343637983307372,0.0001112571192086508,0.4787929779928442
0.0009005858792594766,2.1853828718726307,0.0,0.0,0.0007893320323799522,0.00011125384687952433,0.47386930868568977
0.000956020432727638,2.3199016628610503,0.0,0.0,0.0008447699293534188,0.00011125050337421931,0.469011682789335
0.0010117875237684092,2.45522739734278,0.0,0.0,0.0009005404341116157,0.00011124708965679337,0.46421921443354025
0.0010677586956173248,2.5910483591125097,0.0,0.0,0.000956515088938946,0.00011124360667837889,0.459491029630645
0.0011238136857372786,2.7270727162697255,0.0,0.0,0.001012573630359924,0.00011124005537735443,0.45482626611618215
0.00477181099142897,11.579388760855583,0.003591970923321648,0.003591970923321648,0.0010686036025520725,0.00011123646555524966,0.4541689109228024
0.011407743040063714,27.682297513901556,0.010172010176091678,0.010172010176091678,0.0011244999867206684,0.00011123287725136803,0.45499187023985443
0.19301623343737415,468.3777308325681,0.191724815580998,0.191724815580998,0.0011801885365152046,0.00011122931986097098,0.45835708602834
0.28956093613478656,702.6553766451458,0.28821407789518866,0.28821407789518866,0.0012356324277234625,0.0001112258118744649,0.46171801387589906
0.0922839386751619,223.93837564439124,0.09088189497593936,0.09088189497593936,0.0012908213497624253,0.00011122234946010327,0.4645602938464595
0.13938255847092348,338.22899396402715,0.13792557853807727,0.13792557853807727,0.0013457610032575785,0.00011121892958861608,0.46750553466828126
0.12632325894081287,306.5389906350551,0.12481158955288162,0.12481158955288162,0.001400453835899248,0.00011121555203198849,0.4703176124475902
0.1875678018907936,455.156438721861,0.18600168978400344,0.18600168978400344,0.0014548998906049346,0.00011121221618522888,0.47318007408073526
0.31437860449051663,762.8785142642082,0.31275829632222424,0.31275829632222424,0.00150909924566741,0.0001112089226250331,0.4760716368957531
0.4356684048392397,1057.2031959180053,0.43399414746471326,0.43399414746471326,0.0015630517032858018,0.00011120567124064098,0.47891957546784947
0.3517388576503655,853.5377831076132,0.3500108974140454,0.3500108974140454,0.0016167577755289235,0.00011120246079113794,0.4816418850680483
0.2747755793664165,666.7768822336069,0.27299416199910226,0.27299416199910226,0.0016702180779369663,0.00011119928937727761,0.48423024390071573
0.11851728143721081,287.5968220673866,0.11668265288800915,0.11668265288800915,0.0017234323956060644,0.00011119615359560608,0.4864874133738479
0.08751953726711129,212.3769671527978,0.08563194502537877,0.08563194502537877,0.0017763991922433381,0.00011119304948917818,0.48853407995169745
0.03909806736534386,94.8762896591304,0.037157762938975235,0.037157762938975235,0.0018291144553794548,0.00011118997098917087,0.4899615404317645
0.012485563942858477,30.29776306156347,0.010492805647577489,0.010492805647577489,0.0018815713919706112,0.00011118690331037668,0.48998575788134074
0.09614364370490575,233.3044266304656,0.09409870098846576,0.09409870098846576,0.0019337588658689033,0.00011118385057108212,0.4919695962393194
0.09381645700423077,227.65722065885214,0.0917196216650377,0.0917196216650377,0.001985654512682972,0.00011118082651009291,0.4938798566507719
0.09390181851697796,227.86436091295897,0.09175339975480845,0.09175339975480845,0.0020372409320136963,0.00011117783015580342,0.49573094283891667
0.09368761928398162,227.34458001727876,0.0914879311200624,0.0914879311200624,0.0020885133032752866,0.00011117486064393821,0.4975231685075582
0.05780795464532324,140.27814209540853,0.05555731615199798,0.05555731615199798,0.0021394665781874116,0.00011117191513784679,0.49898674762989925
0.017749904720809746,43.07233618422359,0.0154486401515516,0.0154486401515516,0.0021900955867677676,0.00011116898249037752,0.49925483472377713
0.002351559444834304,5.706349445715145,0.0,0.0,0.0022403934308551986,0.00011116601397910552,0.4940567012466099
0.0024015077440720195,5.82755516317879,0.0,0.0,0.0022903447737834337,0.0001111629702885859,0.4889282926927078
0.0024510553753295107,5.947788610299921,0.0,0.0,0.0023398955228929722,0.00011115985243653856,0.4838686738100338
0.026707237406309637,64.8084103103829,0.02420711781642876,0.02420711781642876,0.0023889628834767216,0.00011115670640415516,0.48502169538872886
0.14009574902599184,339.95963893561986,0.1375471252211876,0.1375471252211876,0.002437470218990205,0.00011115358581404443,0.487315919817385
0.19105592676295005,463.6208045598326,0.18845939261646477,0.18845939261646477,0.0024853836473328443,0.00011115049915243933,0.4896338049943825
0.2172649744694394,527.2202960297093,0.2146211112058804,0.2146211112058804,0.0025327158172795527,0.00011114744627945611,0.49190940648365267
0.6678185494906118,1620.5441959357156,0.6651279189454208,0.6651279189454208,0.002579486117634958,0.00011114442755609603,0.4942767987959198
0.9244015093370944,2243.174439843113,0.9216646547093341,0.9216646547093341,0.0026257131845224364,0.00011114144323792026,0.49658811503010836
0.7591692595054647,1842.2179769681447,0.7563867056731617,0.7563867056731617,0.002671415340049069,0.00011113849225386554,0.49880930766672493
0.6055716424265807,1469.49438751918,0.6027438963454238,0.6027438963454238,0.0027166105078856094,0.00011113557327119317,0.5009385067022811
0.2531657331505237,614.3379212509564,0.2502932853340557,0.2502932853340557,0.002761315132231917,0.00011113268423606404,0.5028790403483351
1.8651601642673272,4526.041513820536,1.8622434904070562,1.8622434904070562,0.002805544035680544,0.00011112982459065597,0.5049315060115722
0.9557919272642654,2319.3471661303283,0.9528314903598458,0.9528314903598458,0.0028493099099724723,0.00011112699444714882,0.5068882028695949
0.3663988724961438,889.1121198623778,0.36339512364632254,0.36339512364632254,0.002892624657819374,0.00011112419200188617,0.5086941430027475
0.4338870272402895,1052.880463147329,0.4308404058459077,0.4308404058459077,0.0029354999785102818,0.0001111214158714978,0.5104614644583001
0.4000206363330727,970.6994826042725,0.39693157187030226,0.39693157187030226,0.002977945797496766,0.00011111866527369826,0.5121606447202157
0.18743151323575816,454.82571746672653,0.18430042659043017,0.18430042659043017,0.00301997070700888,0.00011111593831911892,0.5136698100661201
0.7555413151931658,1833.4143219888717,0.7523686194283078,0.7523686194283078,0.003061582530202615,0.00011111323465537403,0.5153202464095032
1.4002766947094245,3397.9443548644736,1.3970627967031304,1.3970627967031304,0.0031027874511679997,0.0001111105551262027,0.5169455874396502
2.3294105449232143,5652.602404359891,2.326155845656783,2.326155845656783,0.0031435913671809513,0.00011110789925018199,0.5185304047819465
2.535933121199172,6153.754944325987,2.532638015051089,2.532638015051089,0.003184000881730209,0.00011110526635228588,0.520063600343129
1.4636216952648162,3551.658822768795,1.460286570439632,1.460286570439632,0.0032240221696100187,0.00011110265557425491,0.5215311799467598
3.630764479617485,8810.49846360458,3.6273897187134505,3.6273897187134505,0.0032636608378151526,0.00011110006621906825,0.522969093509829
2.975714527156573,7220.938845474475,2.972300507855217,2.972300507855217,0.0033029218036629677,0.00011109749769291608,0.5243556475915199
3.565435548322947,8651.969742716548,3.561982643910285,3.561982643910285,0.0033418094633646273,0.00011109494929738948,0.5256981394645278
1.5231904629643767,3696.2097952271047,1.5196990427406252,1.5196990427406252,0.0033803278035021,0.00011109242024940804,0.5269777288809142
2.8286970015110926,6864.182660628545,2.8251674312654296,2.8251674312654296,0.0034184803357851846,0.00011108990987775869,0.5282284453014091
1.9320887542760685,4688.452004160399,1.9285213968060262,1.9285213968060262,0.003456270052435551,0.0001110874176066452,0.5294294426930711
2.245892386107818,5449.935276250371,2.2422876016190885,2.2422876016190885,0.003493699545928271,0.00011108494280099919,0.5305933676151464
5.622685150694743,13644.140004021247,5.619043297101222,5.619043297101222,0.0035307711085280444,0.00011108248499217431,0.5317303614023204
5.902270030638682,14322.58724812689,5.8985914638956825,5.8985914638956825,0.00356748669929553,0.00011108004370470175,0.5328293910919366
3.84501669887618,9330.407936995009,3.8413017731592967,3.8413017731592967,0.003603848098523988,0.00011107761835928405,0.5338872486013795
3.410894313249183,8276.956347652047,3.4071433811297296,3.4071433811297296,0.0036398569110707856,0.00011107520838279448,0.5349079639492824
3.606183898862164,8750.85064833178,3.6023973115588492,3.6023973115588492,0.0036755144900578493,0.00011107281325681013,0.5358949928666003
4.093243390055229,9932.760662856497,4.089421497667172,4.089421497667172,0.0037108219555550895,0.00011107043250193729,0.5368502218167885
1.8975686922655361,4604.684809946973,1.8937118439477862,1.8937118439477862,0.0037457802521913557,0.00011106806555855959,0.5377608069819966
1.768503727851208,4291.4927323387265,1.764612271948683,1.764612271948683,0.003780390190661048,0.00011106571186382968,0.5386390860268377
0.9553862910778428,2318.362839821827,0.9514605753179756,0.9514605753179756,0.0038146523890542398,0.0001110633708129665,0.5394670417831553
0.4730292474640337,1147.8638951709074,0.46906961914153544,0.46906961914153544,0.003848567280994075,0.0001110610415041315,0.5402220167085713
0.2956480718674977,717.4265633530355,0.29165487805295687,0.29165487805295687,0.003882135091703638,0.00011105872283718665,0.5408994620487362
0.258055949107083,626.204634284488,0.2540295370868066,0.2540295370868066,0.003915355606339671,0.00011105641393678458,0.5415346062503893
0.28324628453781475,687.3320945910094,0.2791870023899467,0.2791870023899467,0.0039482280334248955,0.00011105411444317106,0.5421628149519454
0.3935470714191878,954.9905777584709,0.3894552683707292,0.3894552683707292,0.003980751224010186,0.00011105182444842083,0.5428106116369652
0.5052589341964244,1226.0732108762602,0.501134960535492,0.501134960535492,0.004012924116826161,0.00011104954410625814,0.5434600172737467
0.7188121173507693,1744.286386818052,0.7146563239725559,0.7146563239725559,0.004044746104766086,0.00011104727344730447,0.5441121115555237
0.6354199108437887,1541.9248975418996,0.6312326487723319,0.6312326487723319,0.004076217059181161,0.00011104501227567853,0.5447348735130594
0.12810758941320544,310.86888891786356,0.12388920945404161,0.12388920945404161,0.004107337200721187,0.00011104275844265712,0.5450933633274628
0.1529193589637593,371.07771235757525,0.14867021156082835,0.14867021156082835,0.0041381068926453785,0.00011104051028556063,0.5454878363902251
0.4394239349809931,1066.3164536712113,0.435144371682091,0.435144371682091,0.004168525029710074,0.00011103826919201269,0.5460361412222814
0.30393726548106803,737.5413154959716,0.299627639920601,0.299627639920601,0.004198589524614775,0.00011103603585227635,0.5465257009386195
0.09642686198021985,233.9916907572157,0.09208752830179476,0.09208752830179476,0.004228299870647112,0.00011103380777798248,0.5467338416471537
0.15488812740327723,375.85517214846567,0.15051943934274026,0.15051943934274026,0.0042576564766200285,0.00011103158391694197,0.5470784211866351
0.15410207182791236,373.94771120520187,0.14970438445843842,0.14970438445843842,0.004286658004301684,0.0001110293651722396,0.5474106161418745
0.3752002143351949,910.4696629324224,0.37077388453161914,0.37077388453161914,0.004315302651121815,0.0001110271524539582,0.5478795396779658
0.22241302814582126,539.7126841372118,0.21795841341618177,0.21795841341618177,0.004343589783518703,0.00011102494612079403,0.5482614308690117
0.025757333948413164,62.50335224248771,0.021274791336617648,0.021274791336617648,0.00437151987422192,0.0001110227375735981,0.5475551313122393
0.007007203501799143,17.003844791736586,0.0024970890149493465,0.0024970890149493465,0.00439909398407976,0.0001110205027700363,0.5446471564215905
0.004537324580662224,11.01037852254505,0.0,0.0,0.0044263063762090315,0.00011101820445319225,0.5388401551342549
0.004564148072827188,11.075469039386512,0.0,0.0,0.004453132250750558,0.00011101582207663103,0.533111045790429
0.00459053140601196,11.139491456096312,0.0,0.0,0.00447951804923485,0.0001110133567771105,0.5274587835901271
0.004616407721046041,11.202283530639118,0.0,0.0,0.00450539691136989,0.00011101080967615035,0.5218823377477394
0.004641715493588835,11.2636959666033,0.0,0.0,0.0045307073117086,0.00011100818188023469,0.5163806913040514
0.004666398261777013,11.323591752303605,0.0,0.0,0.004555392787295999,0.00011100547448101348,0.5109528409407839
0.004690404365578498,11.38184552829141,0.0,0.0,0.004579401677022996,0.00011100268855550159,0.5055977967976212
0.004713686697393552,11.438342982157456,0.0,0.0,0.0046026868722272764,0.00011099982516627507,0.5003145822916935
0.004736202463460527,11.492980269553433,0.0,0.0,0.0046252055780988625,0.00011099688536166412,0.4951022339394798
0.004757912955640258,11.545663460398623,0.0,0.0,0.004646919085464315,0.00011099387017594341,0.48995980118110094
0.004778783333168983,11.596308009276397,0.0,0.0,0.004667792552539461,0.00011099078062952193,0.48488634620696885
0.004798782413984946,11.644838249062456,0.0,0.0,0.0046877947962558186,0.00011098761772912713,0.47988094378676116
0.004817882475248595,11.691186906862441,0.0,0.0,0.004706898092780606,0.00011098438246798853,0.4749426811006894
0.004836059062690499,11.73529464137111,0.0,0.0,0.004725077986864479,0.0001109810758260191,0.4700706575730311
0.004853290808434824,11.777109600798497,0.0,0.0,0.00474231310966483,0.00011097769876999389,0.4652639847078951
0.004869559256959398,11.816587000540519,0.0,0.0,0.004758585004705674,0.0001109742522537239,0.46052178592718845
0.004884848698866173,11.853688719802465,0.0,0.0,0.00477387796164794,0.00011097073721823282,0.45584319641075827
0.004899146012148109,11.888382916413487,0.0,0.0,0.004788178857556183,0.00011096715459192601,0.45122736293867644
0.004912440510650396,11.920643659099042,0.0,0.0,0.004801477005359635,0.00011096350529076115,0.44667344373564133
0.004924723799435307,11.950450576505833,0.0,0.0,0.004813764009216894,0.000110959790218413,0.442180608317465
0.004935989636770963,11.97778852230051,0.0,0.0,0.004825033626504523,0.00011095601026644037,0.4377480373396211
0.004946233802474908,12.002647255689084,0.0,0.0,0.004835281636160461,0.00011095216631444646,0.43337492244782333
0.004955453972353565,12.02502113672877,0.0,0.0,0.004844505713123325,0.0001109482592302403,0.429060466130608
0.004963649598488545,12.044908835827922,0.0,0.0,0.004852705308618551,0.0001109442898699938,0.4248038815738948
0.0049708217951301824,12.062313056852599,0.0,0.0,0.004859881536051784,0.0001109402590783989,0.42060439251749765
0.00497697322996789,12.077240273280669,0.0,0.0,0.00486603706227907,0.00011093616768882017,0.41646123311356065
0.0049821080205556525,12.089700476865445,0.0,0.0,0.004871176004032206,0.00011093201652344712,0.41237364778689267
0.00498623163567953,12.099706938291783,0.0,0.0,0.004875303829286085,0.0001109278063934441,0.4083408910971756
0.004989350801462156,12.107275979327035,0.0,0.0,0.004878427263363059,0.00011092353809909734,0.4043622276030203
0.004991473412007154,12.112426755988679,0.0,0.0,0.004880554199577192,0.00011091921242996205,0.4004369317278473
0.004992608444393891,12.115181052268602,0.0,0.0,0.004881693614228887,0.00011091483016500434,0.39656428762756435
0.0049927658778404,12.115563083971944,0.0,0.0,0.0048818554857676544,0.00011091039207274544,0.3927435890600215
0.004991956616859255,12.113599312245341,0.0,0.0,0.004881050717947856,0.00011090589891139886,0.388974139256215
0.004990192418238027,12.109318266385966,0.0,0.0,0.004879291066809015,0.00011090135142901141,0.38525525079321987
0.004987485821682422,12.102750375538564,0.0,0.0,0.004876589071318825,0.00011089675036359713,0.38158624546882686
0.004983850083966554,12.09392780890293,0.0,0.0,0.004872957987523281,0.00011089209644327322,0.3779664541778608
0.004979299116440814,12.082884324089045,0.0,0.0,0.004868411726054422,0.00011088739038639224,0.3743952167901578
0.004973847425753653,12.069655123271167,0.0,0.0,0.004862964792851981,0.00011088263290167206,0.37087188203017907
0.004967510057649237,12.054276716805887,0.0,0.0,0.00485663223296091,0.00011087782468832699,0.3673958073582409
0.0049603025437082796,12.036786793992192,0.0,0.0,0.004849429577272087,0.0001108729664361928,0.3639663588533354
0.004952240850904655,12.017224100664349,0.0,0.0,0.0048413727920788,0.00011086805882585468,0.36058291109752516
0.004943341333855327,11.995628323320458,0.0,0.0,0.004832478231326558,0.00011086310252876874,0.357244847061887
0.3468903784619195,841.7723494970246,0.3419567576990948,0.3419567576990948,0.00482276259143864,0.00011085817138606697,0.3639507905993617
0.2627322576892293,637.5522746532406,0.2578091614842958,0.2578091614842958,0.004812242868604438,0.00011085333632908858,0.3703508319427752
0.04740578073066373,115.03598226715364,0.04249393577779606,0.04249393577779606,0.004800996368733814,0.00011084858413385525,0.37524954856583204
0.151216039567889,366.94439745802987,0.14631604096637885,0.14631604096637885,0.004789154691106277,0.000110843910403903,0.3810429846045212
0.004887670601018719,11.860536413922812,0.0,0.0,0.004776831348204033,0.0001108392528146867,0.3774304803180622
0.1824208200445462,442.6666515425667,0.17754585545725698,0.17754585545725698,0.00476412997542274,0.00011083461186648055,0.3832497254011916
0.6161382448489594,1495.1355534308,0.6112763175065388,0.6112763175065388,0.004751097285050091,0.00011083005737057333,0.3892195152059124
0.9574732658872833,2323.4271419695924,0.9526246623594203,0.9526246623594203,0.004737777938513504,0.00011082558934948902,0.39504351935076215
3.4869345007069668,8461.477254620815,3.482099407996386,3.482099407996386,0.004724271504773031,0.00011082120580820867,0.40074103518005944
2.474772988380495,6005.342327848706,2.469951499615042,2.469951499615042,0.004710671861114357,0.0001108169043386621,0.4062363869739119
1.1306571246605008,2743.6791660841664,1.125849246189289,1.125849246189289,0.004697065789403281,0.00011081268180851577,0.41150590999703257
0.8410930644122359,2041.0162083917905,0.836298722898929,0.836298722898929,0.004683532978214915,0.00011080853509191448,0.4165740086013295
0.8108809991250374,1967.7029003296748,0.806100048887781,0.806100048887781,0.004670145775804055,0.00011080446145238438,0.4214695581752391
0.996859203722254,2419.0019848795882,0.9920914336997962,0.9920914336997962,0.004656969563892165,0.00011080045856555598,0.42622009369461067
0.956418011970542,2320.86643800095,0.9516631520165075,0.9516631520165075,0.0046440634298510934,0.00011079652418330199,0.4308085951405669
0.9366743237475664,2272.955939886586,0.9319320502680762,0.9319320502680762,0.004631480823504597,0.0001107926559855215,0.43524214280770157
0.8061942217813023,1956.329856217878,0.8014641630250432,0.8014641630250432,0.004619269904598745,0.00011078885166041297,0.43951479493277845
0.46102487151090304,1118.7337942003448,0.45630661264952926,0.45630661264952926,0.004607473752873226,0.00011078510850052132,0.44357837346299306
0.27148526731445854,658.7925336366939,0.2667783552550594,0.2667783552550594,0.004596130636162196,0.00011078142323693103,0.4474040836630977
0.16409015257226914,398.1850228090063,0.15939410084470215,0.15939410084470215,0.004585273935482855,0.000110777792084127,0.4509499587869183
0.2742825338218461,665.5804463211946,0.2695968276656806,0.2695968276656806,0.004574931942858557,0.00011077421330689123,0.45453789811035633
0.2370991448857618,575.3503603621363,0.23242324648723317,0.23242324648723317,0.004565127712443708,0.00011077068608491474,0.4579724642088435
0.2043356966838882,495.8458065235443,0.1996690484441022,0.1996690484441022,0.0045558810316107855,0.00011076720817523648,0.46125379420626256
0.7268701318219287,1763.84015421784,0.7222121586957405,0.7222121586957405,0.0045472093468906846,0.00011076377929752912,0.46464991527238264
1.3856934097775355,3362.556212723056,1.381043522658698,1.381043522658698,0.004539126719072963,0.00011076039976478507,0.4679750905034147
4.288925457660165,10407.607369567115,4.284283054970591,4.284283054970591,0.004531645621103223,0.00011075706846997226,0.4712201715307234
2.895237848556357,7025.652244775466,2.8906023172648045,2.8906023172648045,0.00452477750757909,0.00011075378397312016,0.4743487563327507
3.208794462762309,7786.536098086062,3.204165180518331,3.204165180518331,0.004518531699311573,0.0001107505446664021,0.4773741272537936
4.325347570432458,10495.99012488572,4.320723907855633,4.320723907855633,0.004512915227740248,0.00011074734908489989,0.48030257148548244
0.7924041941352672,1922.8666508597444,0.7877855171138686,0.7877855171138686,0.004507932826055053,0.00011074419534352304,0.4830703970617855
0.6760666602783474,1640.559255527419,0.6714523320189225,0.6714523320189225,0.004503587177925237,0.00011074108149971425,0.48573313158459214
1.1725932808962118,2845.442428933741,1.1679826641985158,1.1679826641985158,0.004499878691295262,0.00011073800640062487,0.4883433908760452
1.8562286933063377,4504.368196363211,1.8516211527519646,1.8516211527519646,0.004496805585219887,0.00011073496915317053,0.49088428152580793
0.7312767263588771,1774.5333001421943,0.7266716297218265,0.7266716297218265,0.00449436466876972,0.00011073196828079394,0.49329287773713393
0.5246729829896788,1273.1837981989975,0.5200697023473391,0.5200697023473391,0.004492551640328087,0.00011072900201163884,0.4955914496756929
0.40181712586009094,975.0588863349554,0.3972150391131263,0.3972150391131263,0.0044913606782114495,0.00011072606875325185,0.49778232325362337
0.5065657310182746,1229.2443147734668,0.5019642235575811,0.5019642235575811,0.004490784293304823,0.00011072316738874401,0.49992815117413164
0.9445446763768958,2292.054322648124,0.9399431424980216,0.9399431424980216,0.0044908135814510555,0.00011072029742311486,0.5020515342970469
3.777317320356434,9166.127033129262,3.7727151641926935,3.7727151641926935,0.00449143870525865,0.00011071745848171011,0.5041464139696934
8.16158835249948,19805.102215786093,8.156984988381197,8.156984988381197,0.004492649468389595,0.00011071464989342137,0.5061783059868407
5.705614526823247,13845.37837821754,5.701009379507895,5.701009379507895,0.004494435444677208,0.00011071187067481731,0.5081388505846401
4.794529418710256,11634.517830719782,4.78992192383267,4.78992192383267,0.004496785757778063,0.00011070911980716765,0.5100315344607322
5.359193659585534,13004.745355697723,5.3545832643279905,5.3545832643279905,0.004499688861207984,0.00011070639633517092,0.5118615427608934
4.430025334098253,10750.003647692965,4.425411497839617,4.425411497839617,0.004503132559302146,0.00011070369933377031,0.5136278358896118
2.9422673121815173,7139.775047105314,2.9376495070451174,2.9376495070451174,0.004507104108541296,0.00011070102785867317,0.5153288094351322
2.10228593447289,5101.456483809795,2.097663645805773,2.097663645805773,0.0045115902861537025,0.00011069838096308286,0.5169657075133808
1.21427961884086,2946.5994768437495,1.209652345668721,1.209652345668721,0.0045165774144892736,0.00011069575764977229,0.5185303894040959
1.09427042427839,2655.3823433042976,1.0896376797233227,1.0896376797233227,0.0045220513980927775,0.00011069315697453192,0.5200381923449866
1.1651068901763935,2827.2757771706797,1.160468201878592,1.160468201878592,0.0045279977196305875,0.00011069057817095364,0.5214981353059819
0.4286117128653345,1040.0792612361356,0.42396662332398366,0.42396662332398366,0.004534401521330054,0.00011068802002077595,0.522839484002582
0.8359251908685625,2028.4757249282543,0.8312732576025168,0.8312732576025168,0.004541247784323957,0.0001106854817217398,0.5241894859794297
1.1235690106956944,2726.4789820602878,1.118909806751773,1.118909806751773,0.004548520980811256,0.00011068296311008896,0.5255087163176224
1.868952861064573,4535.2449610539325,1.8642859751413847,1.8642859751413847,0.00455620545943011,0.00011068046375812156,0.5268003498384982
0.8420729589931018,2043.3940436239238,0.8373979950195853,0.8373979950195853,0.004564285990592504,0.00011067798292390152,0.5280182797543875
0.4075337180756296,988.9309034307499,0.40285029501763825,0.40285029501763825,0.004572747538640136,0.00011067551935121247,0.5291381163131895
0.1391324830373283,337.6221550363456,0.1344402349607584,0.1344402349607584,0.00458157500600105,0.00011067307056887357,0.53001809364397
0.03691479334860977,89.5783055904722,0.0322133698909164,0.0322133698909164,0.004590752828328231,0.0001106706293651396,0.5301514851403606
0.019524710026862076,47.37912047440666,0.014813777822786492,0.014813777822786492,0.004600264018913156,0.00011066818516242737,0.5295826754939702
0.004720752073380305,11.455487989669109,0.0,0.0,0.004610086377387285,0.00011066569599302038,0.5239777409256448
0.042701315637694484,103.62001664713807,0.03797046241330919,0.03797046241330919,0.004620190055065736,0.00011066316931955433,0.5244053590319111
0.10227864712483364,248.19177019376338,0.09753747420029303,0.09753747420029303,0.004630512271822725,0.00011066065271789487,0.5253289194144319
0.13678336647446648,331.92173354546924,0.1320317084415242,0.1320317084415242,0.004640999882609278,0.00011065815033300796,0.5263253355342401
0.09312893831206379,225.98887163344943,0.08836664087401375,0.08836664087401375,0.004651641776612031,0.00011065566143800586,0.5271500513696605
0.04699438866662831,114.03768861068794,0.04222130472170149,0.04222130472170149,0.0046624307631912614,0.00011065318173555689,0.5275585807429806
0.1851346266345597,449.2520384290091,0.18035061657330378,0.18035061657330378,0.004673359348692622,0.00011065071256331263,0.528564305874746
0.34890235815567,846.6546667335479,0.34410729306599763,0.34410729306599763,0.004684416830833622,0.0001106482588387331,0.5296476675665648
0.5188213064460951,1258.983982296263,0.5140150665026897,0.5140150665026897,0.004695594122235798,0.00011064582116968409,0.5307369855479708
0.5521955345047901,1339.9706688978958,0.5473780045042577,0.5473780045042577,0.004706886601161213,0.00011064339937112599,0.5317952651797979
0.3187724513783418,773.5407264434394,0.3139435200705638,0.3139435200705638,0.004718290315245647,0.00011064099253239767,0.5327601699082298
0.4655591771476958,1129.7368468827058,0.46071873725283635,0.46071873725283635,0.004729801294805323,0.00011063860005411858,0.5337362813186804
0.49700367017744784,1206.040793085419,0.4921516189937149,0.4921516189937149,0.004741414961909971,0.00011063622182295818,0.5346859085871734
0.5222966832084215,1267.4174132711498,0.5174329229251232,0.5174329229251232,0.004753126425853477,0.00011063385744483289,0.5356082029153361
0.5862737151188083,1422.6655833237082,0.5813981527073483,0.5813981527073483,0.00476493090489885,0.00011063150656125349,0.5365088689564648
0.7673075548192652,1861.9665557484884,0.7624201021566228,0.7624201021566228,0.004776823493720759,0.00011062916892154648,0.5373969578632799
0.5403406513050389,1311.2033305580035,0.5354412252566862,0.5354412252566862,0.00478879920430936,0.00011062684404332415,0.5382317911208947
0.32113987483403,779.2855718709346,0.31622839723927965,0.31622839723927965,0.0048008530638063715,0.00011062453094397688,0.5389854976405558
0.4239752607193387,1028.8283374325692,0.41905165856235727,0.41905165856235727,0.004812979927900348,0.00011062222908110257,0.539745968831706
0.7808774623148947,1894.8956123735268,0.7759416682912174,0.7759416682912174,0.004825174085025312,0.00011061993865207414,0.5405268029111078
1.0968929440921475,2661.74621155287,1.0919448967761816,1.0919448967761816,0.004837429656237966,0.00011061765972817414,0.5412972343429683
1.0037196796890782,2435.64977718466,0.998759323079563,0.998759323079563,0.004849741217497641,0.00011061539201733463,0.5420382345641968
1.9487828033483445,4728.962176199463,1.9438100865388779,1.9438100865388779,0.004862103674193947,0.00011061313527250203,0.5427748940650596
0.4925333013978681,1195.1928910842455,0.48754817856098925,0.48754817856098925,0.004874511948064009,0.0001106108888148741,0.5434232312453885
0.9216294575554868,2236.4477138051134,0.9166318878856362,0.9166318878856362,0.004886961017720839,0.0001106086521297478,0.5440892640522303
2.4874443988239565,6036.091070398809,2.4824343468331085,2.4824343468331085,0.0048994455654565025,0.00011060642539136252,0.544761600988791
2.2460500467800015,5450.31785934488,2.2410274824373646,2.2410274824373646,0.00491196013417128,0.00011060420846592768,0.5454094883909545
1.2028096696854047,2918.7662285074634,1.1977745679785987,1.1977745679785987,0.004924499705908661,0.00011060200089738172,0.5460194973736889
1.2833407279496232,3114.1847881778767,1.2782930687197216,1.2782930687197216,0.004937059427626542,0.00011059980227504073,0.5466111918573502
1.147624131044203,2784.851702753724,1.1425638990905915,1.1425638990905915,0.004949634341319738,0.00011059761229164131,0.5471792257152372
3.7833286471433167,9180.714260066557,3.7782558322806032,3.7782558322806032,0.004962219431895832,0.00011059543081771861,0.547753215218933
3.02450371524347,7339.331836563063,3.019418312265822,3.019418312265822,0.0049748097199136315,0.00011059325773438612,0.5483051228901478
4.54939008485498,11039.656958739317,4.544292093352344,4.544292093352344,0.004987400409857722,0.00011059109277738846,0.5488429913970381
4.7239495297007945,11463.24701236454,4.718838953872823,4.718838953872823,0.004999986892257719,0.00011058893571353172,0.5493630563690741
4.0918285833247845,9929.327459575245,4.086705431920983,4.086705431920983,0.0050125646175279035,0.00011058678627439184,0.549864247941887
3.4873946242205007,8462.593801158553,3.4822589104543185,3.4822589104543185,0.005025129121996491,0.00011058464418562308,0.5503468187910303
6.170973428737967,14974.629232510439,6.165825170230822,6.165825170230822,0.005037675997916182,0.00011058250922903636,0.5508181889170845
6.9820324271016805,16942.764069978333,6.976871645831221,6.976871645831221,0.005050200889247564,0.00011058038121169562,0.551274420403096
3.6439099926574436,8842.397674663858,3.6387367148589775,3.6387367148589775,0.005062699538594917,0.00011057825987137222,0.5517099618265626
0.9397910928195247,2280.5191650073716,0.9346053488688891,0.9346053488688891,0.005075167805917185,0.00011057614471837386,0.5520992506031807
0.017817971114532385,43.23750769581103,0.012619795482932725,0.012619795482932725,0.00508760160843765,0.00011057402316200849,0.5508139852473704
0.07333708859811852,177.9615037125815,0.06812651997179249,0.06812651997179249,0.005099996734230671,0.00011057189209535654,0.5507709978185878
0.14624886574415896,354.8909366543588,0.14102595705974488,0.14102595705974488,0.005112338922075143,0.00011056976233894091,0.5509700259761531
0.22341698624206852,542.148912461623,0.21818180635491904,0.21818180635491904,0.0051246122508934976,0.00011056763625595684,0.5512511117923934
0.488578081385297,1185.5950611948092,0.48333070518770105,0.48333070518770105,0.0051368106825325655,0.00011056551506339445,0.5516168699097064
0.12452087815985184,302.16529104902185,0.11926138421949511,0.11926138421949511,0.005148930542717051,0.00011056339763967849,0.5517451170665612
0.029757233347114113,72.20960218094153,0.024485702626735946,0.024485702626735946,0.005160969444092026,0.00011056127628614045,0.5510577178151775
0.07075372451055653,171.69265166994114,0.06547024106788474,0.06547024106788474,0.005172924293076413,0.00011055914959537696,0.5509898760711447
0.08751727577400066,212.37147936043658,0.08222193281490482,0.08222193281490482,0.005184785936319564,0.00011055702277628092,0.5510170954057596
0.008725184281434597,21.1727373498887,0.003418084714516688,0.003418084714516688,0.00519654468996473,0.00011055487695317651,0.548370077137884
0.011461305932071194,27.812274487177397,0.0061425574245427385,0.0061425574245427385,0.00520819580980247,0.00011055269772598541,0.546416976024746
0.013413210085424666,32.5488110046978,0.00808294015569715,0.00808294015569715,0.0052197194370586265,0.00011055049266889009,0.5448078554212676
0.029980796450685156,72.7521056651496,0.02463916299668448,0.02463916299668448,0.005231085181527526,0.00011054827247314965,0.5443171371349957
0.012299920145739386,29.84727545806356,0.006947103304183361,0.006947103304183361,0.005242270805310818,0.00011054603624520682,0.5425908142538016
0.010101007189858716,24.51134157192288,0.0047371990978921676,0.0047371990978921676,0.005253264319820988,0.00011054377214556106,0.5404762734989123
0.022379428918086825,54.30644846451866,0.017004833546863815,0.017004833546863815,0.005264053883519889,0.00011054148770312344,0.5397768100183388
0.006834591640871022,16.584980791043446,0.0014494336465605173,0.0014494336465605173,0.0052746188201223,0.0001105391741882054,0.5364754385367109
0.006835657514406362,16.587567264828298,0.0014401746464992103,0.0014401746464992103,0.0052849460548648475,0.0001105368130423038,0.5332275466100261
0.005405550720573693,13.117236489977088,0.0,0.0,0.005295016333519543,0.00011053438705414944,0.5275737217313625
0.005415328416732949,13.140963277399496,0.0,0.0,0.005304796537473692,0.00011053187925925689,0.521995734171527
0.005424770928156587,13.16387669766059,0.0,0.0,0.005314241637392455,0.00011052929076413225,0.516492566690147
0.005433822261707223,13.185840876496519,0.0,0.0,0.005323295639046776,0.00011052662266044746,0.5110632156915564
0.0054424309881826805,13.20673101459592,0.0,0.0,0.005331907112157441,0.00011052387602523979,0.5057066910417731
0.005450550006765652,13.226432816007941,0.0,0.0,0.005340028954844546,0.00011052105192110643,0.5004220158879319
0.0075028413566702494,18.206571265282513,0.002044705015156519,0.002044705015156519,0.00534761816826484,0.00011051817324889024,0.49819471146106326
0.20444383519734424,496.108217983172,0.19897868426324208,0.19897868426324208,0.005354635641035511,0.00011051529306664953,0.5001745430692353
0.757613763531909,1838.4433738612533,0.7521421872106336,0.7521421872106336,0.005361063878369645,0.00011051244290575423,0.502275605203953
1.3942803709996654,3383.393534746923,1.3888029308830503,1.3888029308830503,0.005366930493246981,0.00011050962336829113,0.5043386080077139
1.5726911389212264,3816.3292995115457,1.567208344236173,1.567208344236173,0.005372287851353719,0.00011050683369942002,0.506336677630224
0.1652845635018871,401.08340845736984,0.15979687325286668,0.15979687325286668,0.005377186178071111,0.00011050407094930494,0.5079965744267345
1.1277249106880618,2736.563786707684,1.1222327368278227,1.1222327368278227,0.005381672526106415,0.0001105013341328151,0.509858772946828
0.7903771930059675,1917.9478822544886,0.7848809052627895,0.7848809052627895,0.005385789119054585,0.00011049862412339143,0.5116392485353471
0.005500071099175708,13.346601863337828,0.0,0.0,0.005389575211130381,0.00011049588804532692,0.5062749972956236
0.005503561827076718,13.355072545746824,0.0,0.0,0.005393068752690148,0.00011049307438656935,0.5009826991920995
0.005506752502560108,13.3628151139035,0.0,0.0,0.005396262318363143,0.0001104901841969653,0.49576138908470613
0.0055095941295763475,13.369710672841917,0.0,0.0,0.005399106911064061,0.00011048721851228666,0.4906101147792369
0.025947799755394532,62.965541048508896,0.02043575793406195,0.02043575793406195,0.005401557599979502,0.00011048422135308024,0.49140448146925897
0.04673353868680736,113.40470391577158,0.04121948413692916,0.04121948413692916,0.005403573309200836,0.0001104812406773656,0.4928342098434234
0.040074203187912424,97.24500379999249,0.034558573001086335,0.034558573001086335,0.005405151907075377,0.00011047827975071453,0.4940779486560572
0.04067344213343221,98.69913111628438,0.03515663565511051,0.03515663565511051,0.005406331141255415,0.00011047533706627362,0.49530111331602056
0.028554255349549102,69.2904274840432,0.023036633370910116,0.023036633370910116,0.005407149569298293,0.00011047240934069484,0.49609623116628965
0.027407717885372,66.50821271266213,0.021889605833161373,0.021889605833161373,0.005407642559293483,0.00011046949291714138,0.49681784156149833
0.28154741077067896,683.2095675586901,0.2760291031850371,0.2760291031850371,0.005407840988342393,0.00011046659729946256,0.49891163656854776
0.07434046446971079,180.3963191969538,0.06882222956779464,0.06882222956779464,0.005407771173414299,0.0001104637285018423,0.5004616700055404
0.005517926751833589,13.389930809952808,0.0,0.0,0.005407465918766239,0.00011046083306735013,0.4952473486990719
0.005517419101706141,13.388698934216158,0.0,0.0,0.0054069612394654215,0.00011045786224071903,0.49010296945056897
0.005516702144616258,13.386959149282617,0.0,0.0,0.005406247327573808,0.00011045481704245067,0.48502759409546814
0.005515726822923951,13.38459241072939,0.0,0.0,0.005405275124444586,0.0001104516984793645,0.48002029705323307
0.014317838220341642,34.744002909202486,0.008803390140647207,0.008803390140647207,0.005403999535789422,0.00011044854390501238,0.4800495408233275
0.005512824580446109,13.377549760886476,0.0,0.0,0.005402379226802626,0.00011044535364348302,0.4751090166686941
0.005510848361690504,13.372754221983378,0.0,0.0,0.00540040626970567,0.00011044209198483465,0.4702347620065784
0.005508512546106109,13.36708607695962,0.0,0.0,0.005398073786210104,0.0001104387598960054,0.4654258879342039
0.0055057816741252985,13.360459278794577,0.0,0.0,0.00539534631579433,0.00011043535833096936,0.4606815174720504
0.005502623526187978,13.352795642746079,0.0,0.0,0.005392191637957068,0.00011043188823090885,0.4560007854039221
0.0054990089496742625,13.344024426381193,0.0,0.0,0.005388580599149876,0.00011042835052438673,0.4513828381191603
0.005494911693447122,13.334081928073502,0.0,0.0,0.0053844869473196055,0.00011042474612751575,0.446826833456974
0.005490308249702221,13.322911103232224,0.0,0.0,0.005379887173758096,0.00011042107594412415,0.44233194055285646
0.005485177702833593,13.31046119755609,0.0,0.0,0.005374760361967672,0.00011041734086592142,0.4378973396870641
0.0054795015850346435,13.296687396631347,0.0,0.0,0.005369088043261983,0.00011041354177266105,0.43352222213512603
0.005473263738364579,13.281550491218907,0.0,0.0,0.00536285405883228,0.00011040967953229792,0.42920579002035975
0.005466450183020488,13.2650165576003,0.0,0.0,0.005356044428019337,0.00011040575500115065,0.42494725616836476
0.005459048991565089,13.247056652375738,0.0,0.0,0.005348647222541036,0.00011040176902405348,0.420745843963468
0.005451050168869616,13.227646521130724,0.0,0.0,0.005340652446435103,0.00011039772243451283,0.4166007872070948
0.005442445537540368,13.206766320409413,0.0,0.0,0.00533205192148551,0.0001103936160548577,0.4125113299780399
0.005433228628606305,13.184400352454558,0.0,0.0,0.0053228391779099144,0.00011038945069639037,0.40847672649461214
0.005423394577253379,13.160536812194001,0.0,0.0,0.005313009350093846,0.00011038522715953331,0.40449624097862835
0.005412940023399581,13.135167545973715,0.0,0.0,0.005302559077165606,0.00011038094623397487,0.4005691475212323
0.005401863016912425,13.108287821556367,0.0,0.0,0.00529148640821361,0.00011037660869881503,0.39669472995051264
0.005390162927278195,13.079896108922535,0.0,0.0,0.005279790711955491,0.00011037221532270412,0.39287228170089683
0.00537784035753955,13.049993871429722,0.0,0.0,0.0052674725906755645,0.00011036776686398553,0.3891011056842969
0.005364897062325128,13.018585366901041,0.0,0.0,0.005254533798254296,0.00011036326407083279,0.385380514162984
0.005351335869801498,12.985677458231988,0.0,0.0,0.005240977162120112,0.00011035870768138584,0.38170982862416725
0.005337160607384384,12.951279433119565,0.0,0.0,0.005226806508960498,0.00011035409842388537,0.378088379656256
0.005322376031052338,12.915402832533161,0.0,0.0,0.0052120265940355315,0.00011034943701680623,0.374515506826781
0.005306987758112049,12.878061287561282,0.0,0.0,0.005196643033943062,0.00011034472416898704,0.370990558561953
0.005291002203270378,12.839270364282434,0.0,0.0,0.0051806622426906175,0.00011033996057976116,0.36751289202783827
0.005274426517873745,12.799047416322006,0.0,0.0,0.005164091370934664,0.0001103351469390815,0.3640818730131259
0.00525726853218093,12.75741144477008,0.0,0.0,0.005146938248253281,0.00011033028392764916,0.3606968758134694
0.005239536700540564,12.714382965147848,0.0,0.0,0.00512921132832353,0.00011032537221703493,0.3573572831173785
0.005221240049349595,12.669983881122402,0.0,0.0,0.005110919636879791,0.00011032041246980362,0.35406248589364236
0.0052023881276737965,12.624237364681292,0.0,0.0,0.005092072722334163,0.00011031540533963352,0.35081188328026164
0.005182990960416128,12.57716774248978,0.0,0.0,0.005072680608944693,0.0001103103514714352,0.34760488247487187
0.005163059003923134,12.528800388164262,0.0,0.0,0.005052753752421663,0.00011030525150147085,0.34444089862663596
0.005142603103923946,12.479161620206092,0.0,0.0,0.005032302997866478,0.00011030010605746798,0.34131935472958624
0.00512163445570058,12.428278605349867,0.0,0.0,0.005011339539941844,0.00011029491575873597,0.3382396815173981
0.005100164566392216,12.376179267090112,0.0,0.0,0.0049898748851759395,0.00011028968121627688,0.33520131735957426
0.005078205219340004,12.322892199159542,0.0,0.0,0.004967920816307106,0.00011028440303289852,0.33220370815902234
0.005055768440382624,12.268446583741088,0.0,0.0,0.004945489358579302,0.00011027908180332235,0.3292463072510057
0.005032866466016426,12.212872114204536,0.0,0.0,0.0049225927479021325,0.00011027371811429423,0.32632857530344983
0.005009511713337386,12.156198922166967,0.0,0.0,0.004899243400792697,0.00011026831254468949,0.3234499802185862
0.004985716751685409,12.098457508684161,0.0,0.0,0.00487545388601979,0.00011026286566561932,0.3206099970359149
0.004961494275914722,12.03967867938791,0.0,0.0,0.004851236897874187,0.00011025737804053457,0.3178081078364697
0.004936857081217129,11.979893483391518,0.0,0.0,0.004826605230991801,0.0001102518502253282,0.31504380164836626
0.004911818039427864,11.919133155793045,0.0,0.0,0.004801571756659426,0.00011024628276843748,0.3123165743536183
0.004886390076746598,11.857429063612576,0.0,0.0,0.004776149400535655,0.00011024067621094243,0.30962592859620247
0.0048605861528089045,11.79481265500654,0.0,0.0,0.004750351121722238,0.0001102350310866664,0.30697137369135774
0.004834419241046083,11.731315411608392,0.0,0.0,0.004724189893123812,0.0001102293479222709,0.3043524255361005
0.004807902310273793,11.66696880385118,0.0,0.0,0.0046976786830364384,0.00011022362723735473,0.30176860652094
0.004781048307452356,11.601804249133261,0.0,0.0,0.00467083043790781,0.0001102178695445458,0.29921944544277823
0.0047538701415639345,11.53585307269431,0.0,0.0,0.004643658066214339,0.00011021207534959596,0.2967044774189784
0.004726380668554054,11.469146471074044,0.0,0.0,0.004616174423402581,0.00011020624515147248,0.29422324380258535
0.004698592677287044,11.40171547803138,0.0,0.0,0.004588392297844593,0.00011020037944245078,0.29177529209868375
0.004670518876467146,11.333590932806867,0.0,0.0,0.004560324397758944,0.00011019447870820156,0.28936017588187785
0.004642171882478924,11.264803450615968,0.0,0.0,0.004531983339051042,0.00011018854342788113,0.28697745471487834
0.004613564208102638,11.195383395265498,0.0,0.0,0.00450338163402842,0.00011018257407421816,0.2846266940681811
0.004584708252062028,11.12536085379004,0.0,0.0,0.004474531680948428,0.00011017657111360038,0.2823074652408235
0.004555616289363734,11.054765613009353,0.0,0.0,0.004445445754357575,0.0001101705350061585,0.2800193452822037
0.0045263004623893365,10.983627137912109,0.0,0.0,0.004416135996183485,0.00011016446620585101,0.2777619169149476
0.004496772772702596,10.911974551775145,0.0,0.0,0.004386614407542049,0.00011015836516054684,0.2755347684588125
0.004467045073536057,10.839836617931281,0.0,0.0,0.00435689284122395,0.00011015223231210695,0.27333749375560934
0.004437129062922725,10.767241723102492,0.0,0.0,0.0043269829948262605,0.00011014606809646464,0.27116969209513325
0.004407036277439962,10.694217862218682,0.0,0.0,0.004296896404496257,0.00011013987294370504,0.26903096814208705
0.00437677808653416,10.62079262464582,0.0,0.0,0.004266644439256016,0.00011013364727814356,0.26692093186398536
0.004346365687396079,10.546993181750308,0.0,0.0,0.0042362382958776755,0.00011012739151840374,0.2648391984600257
0.004315810100358077,10.47284627572978,0.0,0.0,0.004205688994280583,0.00011012110607749318,0.26278538829091314
0.004285122164785635,10.398378209643415,0.0,0.0,0.004175007373422757,0.00011011479136287838,0.26075912680962693
0.004254312535436855,10.323614838577756,0.0,0.0,0.004144204087660295,0.00011010844777656014,0.2587600444931157
0.0042233916792646774,10.248581561886944,0.0,0.0,0.0041132896035495315,0.00011010207571514602,0.256787776774908
0.0041923698726377325,10.173303316448745,0.0,0.0,0.00408227419706781,0.00011009567556992263,0.25484196397862846
0.004161257198956771,10.097804570880534,0.0,0.0,0.004051167951229844,0.00011008924772692716,0.25292225125240403
0.0041300635466446165,10.02210932066166,0.0,0.0,0.004019980754077598,0.00011008279256701815,0.2510282885041503
0.004098798607488616,9.946241084111195,0.0,0.0,0.003988722297022671,0.00011007631046594426,0.24915973033772773
0.004067471875315433,9.870222899172179,0.0,0.0,0.00395740207352102,0.00011006980179441333,0.24731623598995123
0.004036092644978993,9.794077320955706,0.0,0.0,0.003926029378060833,0.00011006326691816,0.2454974692684473
0.0040046700116432,9.717826420000385,0.0,0.0,0.0038946133054451886,0.00011005670619801164,0.24370309849034322
0.003973212870341922,9.641491781204563,0.0,0.0,0.0038631627503519666,0.0001100501199899555,0.24193279642177923
0.003941729915799496,9.565094503390771,0.0,0.0,0.003831686407154294,0.00011004350864520144,0.24018624021823184
0.0039102296424957965,9.488655199463624,0.0,0.0,0.0038001927699855475,0.00011003687251024869,0.23846311136563747
0.0038787203449606434,9.41219399712423,0.0,0.0,0.003768690133033696,0.00011003021192694739,0.23676309562230646
0.003847210118282995,9.335730540105807,0.0,0.0,0.0037371865910504347,0.00011002352723256056,0.23508588296161537
0.003815706858821107,9.25928398989698,0.0,0.0,0.00370569004006128,0.00011001681875982685,0.23343116751546858
0.0037842182651004167,9.182873027920607,0.0,0.0,0.003674208178263396,0.00011001008683702085,0.2317986475185182
0.003752751838886593,9.10651585813767,0.0,0.0,0.0036427485070985805,0.00011000333178801229,0.23018802525313162
0.003721314886421748,9.030230210047073,0.0,0.0,0.003611318332489422,0.00010999655393232599,0.2285990069950982
0.0036899145198123944,8.954033342053732,0.0,0.0,0.003579924766227195,0.00010998975358519938,0.22703130296006327
0.0036585576585582732,8.877942045178424,0.0,0.0,0.0035485747275006327,0.00010998293105764047,0.22548462725068125
0.0036272510312117135,8.801972647084455,0.0,0.0,0.003517274944555229,0.00010997608665648424,0.22395869780447739
0.0035960011771576633,8.726141016397111,0.0,0.0,0.003486031956473214,0.00010996922068444932,0.222453236342409
0.0035648144485050486,8.650462567293284,0.0,0.0,0.0034548521150648565,0.00010996233344019202,0.2209679683181163
0.003533697012080536,8.574952264339576,0.0,0.0,0.0034237415868621736,0.00010995542521836223,0.21950262286785469
0.00350265485151626,8.499624627558427,0.0,0.0,0.0033927063552066043,0.00010994849630965544,0.2180569327610976
0.0034716937694234656,8.424493737702736,0.0,0.0,0.0033617522224225977,0.00010994154700086782,0.21663063435180305
0.0034408193896444447,8.34957324172045,0.0,0.0,0.0033308848120694986,0.00010993457757494624,0.21522346753033286
0.003410037159575517,8.274876358391575,0.0,0.0,0.0033001095712644752,0.00010992758831104182,0.21383517567601748
0.0033793523525541933,8.200415884120916,0.0,0.0,0.0032694317730696328,0.00010992057948456062,0.2124655056103571
0.003348770070303998,8.126204198870749,0.0,0.0,0.0032388565189367864,0.00010991355136721172,0.2111142075508497
0.003318295245430793,8.052253272218442,0.0,0.0,0.003208388741203733,0.0001099065042270603,0.20978103506543944
0.0032879326439647356,7.978574669524851,0.0,0.0,0.003178033205636163,0.00010989943832857278,0.20846574502757553
0.003257686867942357,7.90517955820004,0.0,0.0,0.0031477945140096883,0.00010989235393266848,0.207168097571874
0.003227562358023505,7.832078714053617,0.0,0.0,0.0031176771067267404,0.00010988525129676464,0.20588785605037388
0.003197563396138218,7.759282527717703,0.0,0.0,0.003087685265463393,0.00010987813067482497,0.2046247869893809
0.003167694108158837,7.686801011131139,0.0,0.0,0.003057823115841431,0.0001098709923174058,0.20337866004688934
0.00313795846659294,7.6146438040742295,0.0,0.0,0.00302809463012124,0.00010986383647169981,0.20214924797057526
0.0031083602932929512,7.542820180743936,0.0,0.0,0.002998503629911367,0.00010985666338158432,0.20093632655635343
0.00307890326217846,7.471339056359929,0.0,0.0,0.002969053788890796,0.00010984947328766367,0.19973967460748968
0.0030495909019675744,7.4002089937925435,0.0,0.0,0.0029397486355402613,0.00010984226642731318,0.19855907389426192
0.003020426598913819,7.329438210204211,0.0,0.0,0.0029105915558790955,0.00010983504303472351,0.19739430911416248
0.002991413599545288,7.259034583696349,0.0,0.0,0.002881585796204346,0.00010982780334094223,0.1962451678526339
0.002962555013402991,7.189005659954291,0.0,0.0,0.0028527344658290737,0.00010982054757391704,0.19511144054433163
0.002933853815775486,7.119358658883215,0.0,0.0,0.00282404053981695,0.000109813275958536,0.193992920434906
0.002905312850427106,7.050100481228523,0.0,0.0,0.002795506861710436,0.00010980598871667007,0.19288940354329748
0.0028769348323172267,6.981237715174478,0.0,0.0,0.0027671361462500137,0.00010979868606721292,0.19180068862453692
0.002848722350308206,6.912776642915356,0.0,0.0,0.002738930982082086,0.00010979136822612023,0.19072657713304533
0.0028206778698597924,6.844723247193755,0.0,0.0,0.0027108938344533426,0.00010978403540644997,0.18966687318642567
0.002792803735707914,6.777083217801017,0.0,0.0,0.0026830270478895124,0.00010977668781840157,0.18862138352974028
0.002765102174525935,6.70986195803509,0.0,0.0,0.002655332848856582,0.00010976932566935318,0.18758991750026785
0.002737575297566592,6.643064591111505,0.0,0.0,0.0026278133484026922,0.00010976194916389952,0.1865722869927326
0.0027102251032829366,6.576695966523436,0.0,0.0,0.0026004705447790462,0.00010975455850389033,0.18556830642500008
0.002683053479926765,6.51076066634709,0.0,0.0,0.0025733063260382984,0.00010974715388846671,0.18457779270423338
0.002656062208123094,6.445263011489006,0.0,0.0,0.002546322472608997,0.00010973973551409712,0.18360056519350282
0.002629252963419384,6.380207067872052,0.0,0.0,0.002519520659844771,0.0001097323035746129,0.18263644567884385
0.002602627318808307,6.315596652557234,0.0,0.0,0.0024929024605470623,0.00010972485826124507,0.1816852583367567
0.002576186747222945,6.251435339798603,0.0,0.0,0.002466469347460287,0.00010971739976265793,0.18074682970214198
0.002549932624003417,6.187726467028838,0.0,0.0,0.002440222695738434,0.00010970992826498298,0.17982098863666637
0.6210728440420452,1507.1099678697576,0.6185489777132024,0.6185489777132024,0.002414163785382164,0.0001097025434606949,0.192512815213514
0.4055723759162618,984.1714644259006,0.4030743867722481,0.4030743867722481,0.0023882938036455946,0.00010969534036808772,0.20464123226391387
0.2865788218489427,695.4189079947505,0.28410643798451396,0.28410643798451396,0.002362695553625894,0.00010968831080283143,0.21621369558897566
0.0702890853949466,170.56514746602122,0.06784187923078508,0.06784187923078508,0.002337524725864797,0.00010968143829673722,0.22609005880918007
0.41956239512915805,1018.1199740229778,0.4171397996921408,0.4171397996921408,0.0023129207179593127,0.00010967471905793546,0.2371382585050756
2.581679243033516,6264.763559288481,2.5792805742028557,2.5792805742028557,0.0022890006694492398,0.00010966816121115145,0.24813265041287957
1.8566471312223873,4505.383587649857,1.8542715983817244,1.8542715983817244,0.002265871079183511,0.00010966176147954,0.25873450385324975
1.082536252602229,2626.907926386079,1.0801829589653975,1.0801829589653975,0.0022436381228538574,0.00010965551397778848,0.26892431534044015
3.573955034921485,8672.643329232144,3.5716229872924634,3.5716229872924634,0.0022223982151374283,0.0001096494138843333,0.2788668662836798
2.0934552310661063,5080.027691269053,2.091143351251699,2.091143351251699,0.002202236357669854,0.00010964345673728885,0.2884472378259452
1.4353522509728103,3483.059524494313,1.4330593857254366,1.4330593857254366,0.002183227610052121,0.0001096376373214972,0.297676773638211
1.2707138082897445,3083.544008009415,1.268438738434193,1.268438738434193,0.0021654379048240465,0.00010963195072732286,0.3065858874271471
0.32913829071204265,798.694715923133,0.32687974041293166,0.32687974041293166,0.0021489239086500754,0.00010962639046089397,0.314927628213226
0.6164708104465022,1495.9425649300717,0.6142274557255216,0.6142274557255216,0.0021337337693965886,0.00010962095158395754,0.3231604420689702
1.682421179211158,4082.60279557912,1.6801916573039644,1.6801916573039644,0.0021199062750170395,0.0001096156321766629,0.3312406095734559
7.2871824552957944,17683.248303991877,7.2849653722175844,7.2849653722175844,0.0021074726486841476,0.00010961042952558016,0.3391031187307803
2.191117016190025,5317.016075565965,2.188910951404296,2.188910951404296,0.002096459445895847,0.00010960533983310307,0.3466644100638915
0.16088968993987562,390.418704926416,0.15869320143036303,0.15869320143036303,0.0020868881546422064,0.00010960035487040604,0.35340172818922216
0.07148461290983912,173.46624264646852,0.06929624286215588,0.06929624286215588,0.0020787745850850982,0.00010959546259814434,0.3593143338271684
0.02815137234666193,68.31278211545025,0.02596965614777047,0.02596965614777047,0.002072125551949675,0.00010959064694178546,0.3638510771308293
0.07104683040626655,172.40390932885123,0.06887030823018221,0.06887030823018221,0.002066936270442504,0.00010958590564183841,0.36944937407818035
0.42210304270307347,1024.2851691691253,0.41993027371935915,0.41993027371935915,0.0020631877317438523,0.00010958125197045975,0.37580653921915874
0.0746691732916241,181.193971753791,0.07249873770423271,0.07249873770423271,0.002060858903750675,0.00010957668364072206,0.38109659838792015
0.0721973041377229,175.19567593897338,0.07002779232303716,0.07002779232303716,0.0020599396231804545,0.00010957219150529602,0.3861991546899266
0.03933632229221549,95.45444466723765,0.03716633733692781,0.03716633733692781,0.0020604171869816985,0.00010956776830597841,0.3904967991203595
0.36943192304603184,896.4721916488679,0.36726008874779786,0.36726008874779786,0.0020622708802674064,0.00010956341796657409,0.39613300903744186
0.40656046716404015,986.5691898827084,0.4043854339959532,0.4043854339959532,0.002065474019061341,0.00010955914902560857,0.40160508183195975
0.32971932506336316,800.1046675430601,0.3275397665960137,0.3275397665960137,0.0020700035087249644,0.00010955495862454442,0.40685061897865826
0.39057505896527256,947.778622450978,0.3883896646788523,0.3883896646788523,0.0020758434422926625,0.00010955084412759128,0.4119621579378362
0.7791420061001064,1890.684313513498,0.7769494839642392,0.7769494839642392,0.0020829753317974757,0.00010954680406974621,0.41700763727569046
0.40867846421542564,991.708771332265,0.4064775429192076,0.4064775429192076,0.0020913784601492118,0.00010954283606881398,0.4217939959453963
0.1512382315387979,366.99824901648117,0.14902766161114847,0.14902766161114847,0.002101030992733499,0.00010953893491590407,0.42612687873163485
0.15890233401963824,385.59614031772736,0.15668088961335144,0.15668088961335144,0.002111909309832755,0.00010953509645402212,0.4303435278832418
0.19705619807178654,478.18120401413273,0.1948226809403179,0.1948226809403179,0.002123985812026201,0.00010953131944243863,0.4345069433695048
0.13058570647723566,316.8823460583198,0.12833894883229688,0.12833894883229688,0.002137230043639989,0.00010952760129877368,0.43837094353663586
0.07255781411700812,176.07049793209288,0.07029667889719415,0.07029667889719415,0.0021516112834111933,0.0001095239364027802,0.44176517246659536
0.012341986700590139,29.949355149258714,0.010065368910055054,0.010065368910055054,0.002167097486018075,0.00010952030451701127,0.44286043318010837
0.1479461326687779,359.0095644848419,0.1456529630667762,0.1456529630667762,0.002183652894377087,0.00010951670762463452,0.44651576384027414
0.06433038622621085,156.10562794445772,0.06201964677866843,0.06201964677866843,0.002201226287538788,0.00010951316000363315,0.4495753897905007
0.016118413476294658,39.113321165794495,0.01378913364516103,0.01378913364516103,0.0022197701863004094,0.0001095096448332204,0.4509285335831608
0.19372161237301985,470.08941994477965,0.19137285543651528,0.19137285543651528,0.002239250771149747,0.0001095061653548278,0.454424000274139
0.7481964990686794,1815.591218467967,0.7458273747617784,0.7458273747617784,0.0022596215687800372,0.00010950273812090993,0.45805063636900123
1.043567481215735,2532.3453893896176,1.0411771411370867,1.0411771411370867,0.0022808407152672626,0.00010949936338107355,0.4615814198450236
0.2918576019900552,708.2285200155991,0.28944522429931385,0.28944522429931385,0.002302881652314996,0.00010949603842638757,0.46483779669329256
1.6943906732393947,4111.648251250486,1.6919554616174934,1.6919554616174934,0.0023257188601261566,0.00010949276177509208,0.46816528015086056
2.3226360463770614,5636.163246885579,2.3201772314543563,2.3201772314543563,0.002349325389506504,0.00010948953319844286,0.47139124569364216
3.808829859779022,9242.59610230894,3.8063466994496435,3.8063466994496435,0.0023736739781406867,0.00010948635123769956,0.4745193413960996
5.912433299322543,14347.249674904238,5.909925077985607,5.909925077985607,0.0023987381224877696,0.00010948321444853755,0.477547889726987
11.605835414962776,28162.993128970436,11.603301443794669,11.603301443794669,0.002424491046714427,0.00010948012139311935,0.4804794305353273
5.248063232579732,12735.073648295347,5.245502849754519,5.245502849754519,0.0024509057546202124,0.00010947707059170906,0.483305689677327
0.18134582235293403,440.0580368655482,0.17875839322235637,0.17875839322235637,0.0024779550721822537,0.00010947405839540107,0.4857382730963269
0.07432559693324581,180.360241283358,0.07171051420664912,0.07171051420664912,0.002505611648014613,0.0001094710785820646,0.4877123582489085
0.03610717228039361,87.61851331514325,0.033463857950019375,0.033463857950019375,0.0025338462070539497,0.0001094681233202845,0.48907234704998537
0.17738232534354312,430.4401218209956,0.17471023457174115,0.17471023457174115,0.002562625577226169,0.00010946519457581196,0.4913127156682273
0.6114849292161924,1483.8437082936896,0.6087835552887694,0.6087835552887694,0.002591911627649066,0.00010946229977395414,0.4936923466615433
0.9986479053035304,2423.3424901980006,0.9959167762230456,0.9959167762230456,0.0026216696408830477,0.00010945943960172988,0.496027671479776
0.7212168269820256,1750.1217117559643,0.7184554977430638,0.7184554977430638,0.0026518726259533464,0.00010945661300840728,0.49826380926353275
0.48955753645139966,1187.9718298900832,0.4867655872798957,0.4867655872798957,0.0026824953530358857,0.00010945381846806894,0.5003904015412887
0.48931613209914177,1187.386032412275,0.48649316819939453,0.48649316819939453,0.0027135128450830113,0.00010945105466417479,0.5024463728367166
0.3359998594579035,815.345159991511,0.3331455111426042,0.3331455111426042,0.0027448999950669645,0.00010944832023236421,0.5043864213872126
0.3544607438571142,860.1427761820172,0.3515746664751044,0.3515746664751044,0.0027766317680938744,0.00010944561391591167,0.5062703455659776
0.7228547189597608,1754.0962589441385,0.7199365928440681,0.7199365928440681,0.0028086831803114855,0.00010944293538126039,0.5081648408917462
1.0356300879478781,2513.084324238169,1.0326796182568079,1.0326796182568079,0.0028410294066734624,0.00010944028439679405,0.5100174505663488
0.688296354765913,1670.2361197520029,0.6853132705539686,0.6853132705539686,0.0028736465519228803,0.00010943766002143702,0.51178337650931
0.6182926141398897,1500.3633966121286,0.6152766673779203,0.6152766673779203,0.0029065117008380496,0.00010943506113135868,0.5134822121922177
0.5479330999459618,1329.6273449663672,0.5448840651609101,0.5448840651609101,0.0029396022983040854,0.00010943248674767445,0.5151142606077833
0.35261149529598723,855.6553461385381,0.34952916936217016,0.34952916936217016,0.002972895998186502,0.00010942993563058647,0.5166435308165852
0.5068042088673741,1229.8230107298943,0.5036884106703682,0.5036884106703682,0.003006370790045413,0.00010942740696054592,0.5181633023837267
0.5658695893439603,1373.1524519157924,0.5627201596588179,0.5627201596588179,0.003040004784773433,0.00010942490036896881,0.5196423770347652
0.5824334580766828,1413.3467252817074,0.579250259089314,0.579250259089314,0.003073776572153566,0.00010942241521514648,0.5210745955903155
0.6515396418537589,1581.041415865893,0.6483225563207794,0.6483225563207794,0.0031076655821094166,0.00010941995087013522,0.5224676906744149
0.6502878819197806,1578.0038657749876,0.6470368125830066,0.6470368125830066,0.0031416518300673435,0.00010941750670663364,0.5238141822099653
0.1460619835193198,354.4374438530317,0.14277685252901984,0.14277685252901984,0.003175715909956736,0.00010941508034319267,0.5248816388348421
0.2352572890108028,570.8808695847512,0.23193803736170393,0.23193803736170393,0.0032098389787916207,0.00010941267030726784,0.5260256970477117
0.059636939138081754,144.71639887407548,0.05628352756500861,0.05628352756500861,0.003244001299768917,0.00010941027330423379,0.526643159166164
0.16215112597274822,393.4797352664314,0.15876353502530993,0.15876353502530993,0.0032781830591058245,0.0001094078883324813,0.5276480038670214
0.06632000021195843,160.93367202801173,0.0628982318045123,0.0628982318045123,0.003312362891990983,0.00010940551545514387,0.5282759925047409
0.025033197928533542,60.74614674860166,0.02157727490599384,0.02157727490599384,0.003346519876330456,0.0001094031462092488,0.5281219856840517
0.014624333434160582,35.48775140228525,0.011134298264410931,0.011134298264410931,0.0033806343997364076,0.00010940077001324243,0.5272994803049158
0.014373827275585135,34.87986726723802,0.01084974779570969,0.01084974779570969,0.0034146810979374287,0.00010939838193801687,0.5264683242390685
0.02916001671095473,70.76038224809818,0.02560199324547143,0.02560199324547143,0.0034486274771408088,0.00010939598834249109,0.5265152047427509
0.014433833383515603,35.0254794997847,0.010842000788333866,0.010842000788333866,0.003482439005850598,0.00010939358933113951,0.5257022634529358
0.014459462006629483,35.08767051928948,0.010833982291772508,0.010833982291772508,0.003516088536073735,0.00010939117878324062,0.5249081911098021
0.11975467512880489,290.59951069670035,0.1160957356035788,0.1160957356035788,0.0035495507554924375,0.0001093887697336524,0.5258776789160766
0.22651182893490573,549.6589305152349,0.22281964556944886,0.22281964556944886,0.0035827969894524376,0.00010938637600445115,0.5269817587210788
0.5660892722744011,1373.6855396806404,0.5623640771190245,0.5623640771190245,0.003615811156207307,0.00010938399916926529,0.5281672165051902
2.795086570510899,6782.622798414763,2.7913285991863783,2.7913285991863783,0.003648589684518732,0.00010938164000194299,0.5293776743407488
1.9509419732136155,4734.2016685673725,1.947151463195666,1.947151463195666,0.0036811307196166327,0.00010937929833286234,0.5305402459365625
0.921450326564442,2236.0130303299825,0.9176275162243823,0.9176275162243823,0.0037134333667236384,0.00010937697333608844,0.5316377353135561
0.21243431122189907,515.4980950002641,0.20857943969841186,0.20857943969841186,0.0037454968603679297,0.00010937466311927539,0.5325414220258041
0.7871383120970522,1910.0883376786858,0.7832516197114842,0.7832516197114842,0.0037773200184306535,0.00010937236713739477,0.5335636628190632
2.042643521885092,4956.72680293393,2.0387252514068326,2.0387252514068326,0.003808900392002958,0.00010937008625640629,0.5345864635536036
1.6995001147688347,4124.046942214256,1.6955505114998435,1.6955505114998435,0.00384023544879595,0.00010936782019536148,0.5355704547030206
1.2318321355512731,2989.1928266403693,1.227851446243849,1.227851446243849,0.00387132373906751,0.00010936556835659883,0.5365115136098896
1.0820474063516672,2625.7216805792536,1.0780358791303857,1.0780358791303857,0.0039021638911219386,0.0001093633301595747,0.537416078329059
2.2457025798560597,5449.474687936564,2.241660464402977,2.241660464402977,0.003932754347814225,0.00010936110526852052,0.5383112061901714
5.89533573344957,14305.76031950791,5.891263281163159,5.891263281163159,0.003963093392929125,0.00010935889348143624,0.5391882516517367
5.275271031604495,12801.096733199767,5.271168495546944,5.271168495546944,0.003993179363107406,0.00010935669444294813,0.5400348449909809
1.9611468062096242,4758.964956281961,1.9570144409459513,1.9570144409459513,0.004023010756052618,0.00010935450762036112,0.5408390472220753
0.28636590672070655,694.902243137877,0.2822039682927179,0.2822039682927179,0.004052586096393263,0.00010935233159542327,0.5414916380039461
0.09079222409657253,220.31854597034342,0.08660097014379918,0.08660097014379918,0.004081903789771133,0.00010935016300221227,0.5418349830165473
0.01577238944053984,38.273651103882564,0.01155208004763239,0.01155208004763239,0.0041109614040127414,0.00010934798889470425,0.5407158895517127
0.004249099885952146,10.310965700762797,0.0,0.0,0.004139754121219856,0.00010934576473229,0.5349616201309291
0.004277610472584058,10.380150160709753,0.0,0.0,0.00416826701524194,0.00010934345734211787,0.5292845353371994
0.04764942059589251,115.62720449330507,0.04334362976979509,0.04334362976979509,0.004196449714634613,0.00010934111146280387,0.5296476981195958
0.09434900949646541,228.94952505947148,0.09001544284715039,0.09001544284715039,0.0042242278755776205,0.00010933877373739583,0.5303760720289422
0.40703612239918285,987.7234260613304,0.40267521730192857,0.40267521730192857,0.004251568648139323,0.00010933644911499405,0.5314177749049924
0.5201106621984262,1262.1127632840482,0.5157228482380478,0.5157228482380478,0.00427847982058325,0.00010933413979512671,0.5324485037173767
1.1944259005754239,2898.4219772409965,1.190011595557097,1.190011595557097,0.004304973172528496,0.00010933184579860357,0.5334931716795411
2.4104230371914093,5849.189223105267,2.405982645653604,2.405982645653604,0.0043310619706974605,0.00010932956710756971,0.5345216913926913
1.2440158227821208,3018.7580485739413,1.2395497363989434,1.2395497363989434,0.0043567590799538924,0.0001093273032235079,0.53549828242135
0.6459615580615818,1567.505506567251,0.6414701560645716,0.6414701560645716,0.0043820769437210375,0.00010932505328922742,0.5364095080350104
0.51494351486249,1249.5740420532843,0.5104271648430668,0.5104271648430668,0.004407027202941913,0.0001093228164812198,0.5372733402052342
0.5819483272654151,1412.1694954472425,0.5774073862346697,0.5774073862346697,0.004431620438432063,0.00010932059231334592,0.5381180152419229
0.6269266569142432,1521.314967837743,0.6223614722821521,0.6223614722821521,0.00445586625161335,0.00010931838047783957,0.5389398123718109
0.6389872122062306,1550.5813949130318,0.6343981224348466,0.6343981224348466,0.00447977359076792,0.0001093161806160868,0.5397354784537793
0.6915607156557193,1678.1574946485975,0.686948050735297,0.686948050735297,0.004503350928042697,0.00010931399237970432,0.5405096468634155
0.4507934690427903,1093.9060323799679,0.44615755098942167,0.44615755098942167,0.004526606238183781,0.00010931181518480116,0.5412254951520516
0.44546405339646394,1080.9735470514745,0.4408051967189066,0.4408051967189066,0.004549547029133321,0.00010930964842406472,0.5419164690688727
0.3371140343985315,818.0488431022435,0.33243254673757805,0.33243254673757805,0.004572180169422829,0.00010930749153062206,0.5425547981700802
0.3776013882809988,916.2964080928745,0.37289757103643073,0.37289757103643073,0.004594511900506682,0.00010930534406137963,0.543185047509642
0.45460931880351,1103.1656631389724,0.44988346769619597,0.44988346769619597,0.004616547901375455,0.00010930320593862239,0.5438128159473767
0.562634257145323,1365.301518723798,0.5578866626499008,0.5578866626499008,0.004638293418304098,0.00010930107711802539,0.5444370955134367
0.6006932235721132,1457.6563016109928,0.5959241710289113,0.5959241710289113,0.0046597535857467445,0.00010929895745520612,0.5450452057121528
0.465890162587956,1130.5400239351582,0.4610999322856744,0.4610999322856744,0.0046809334557420925,0.0001092968465394991,0.5456133530428658
0.3893943073420822,944.91338279679,0.38458317468220676,0.38458317468220676,0.004701837916058858,0.00010929474381655452,0.5461455687521202
0.38601952241011245,936.724050322862,0.381187758284417,0.381187758284417,0.004722471476806848,0.0001092926488886206,0.5466592491338633
0.17751885102111667,430.7714182405946,0.1726667222898273,0.1726667222898273,0.00474283817066468,0.00010929056062470961,0.5470367999081889
0.214989900960919,521.6995491556189,0.21011767077665952,0.21011767077665952,0.004762941706039488,0.00010928847821998655,0.5474398709553269
0.32653751179109197,792.3836046362821,0.3216454405081931,0.3216454405081931,0.0047827848806809015,0.00010928640221794908,0.5478919275976543
0.28573973878017306,693.3827692890501,0.28082808454666613,0.28082808454666613,0.0048023699007672185,0.00010928433273970071,0.5483118529729899
0.20287470739734334,492.30053556567634,0.1979437256071196,0.1979437256071196,0.004821699521178739,0.00010928226904500198,0.5486626046515789
0.20641658531325896,500.8953398036359,0.20146652843896515,0.20146652843896515,0.004840776663723935,0.00010928021056987082,0.5490051523873528
0.17656088406868428,428.44679310724564,0.17159200221448645,0.17159200221448645,0.004859603697253076,0.00010927815694475926,0.5493053868590128
0.11117742371861926,269.78575073082334,0.10618996499881567,0.10618996499881567,0.004878182612912195,0.0001092761068913914,0.5494729857212362
0.16267666626589597,394.75502369985475,0.15767087700140622,0.15767087700140622,0.004896515204319851,0.00010927406016989791,0.5497398534862231
0.061976487049495946,150.39360085034238,0.05695261270333818,0.05695261270333818,0.004914602331284082,0.00010927201487368951,0.5496472047298749
0.05937669126267929,144.08487525989952,0.054334976467492774,0.054334976467492774,0.0049324448269519264,0.00010926996823459332,0.5495338931945408
0.012091305951631472,29.34104734908208,0.007031995914320778,0.007031995914320778,0.004950042129775911,0.00010926790753478252,0.5477019075055575
0.00507665744961445,12.319136344747733,0.0,0.0,0.004967391658715727,0.0001092657908987229,0.5418539314556734
0.005093744352928491,12.360599826127826,0.0,0.0,0.0049844807632567715,0.00010926358967171943,0.5360843969623836
0.005110524687323671,12.401319380160448,0.0,0.0,0.005001263382326197,0.00010926130499747364,0.5303922518534924
0.0051269318535657376,12.44113339557768,0.0,0.0,0.005017672915561383,0.00010925893800435492,0.5247764580700672
0.00514290445796508,12.479892893008644,0.0,0.0,0.005033647968159475,0.0001092564898056056,0.519235991477131
0.005158386047459519,12.51746088212516,0.0,0.0,0.005049132085959975,0.0001092539614995443,0.5137698416768943
0.005173324856075115,12.553711746397596,0.0,0.0,0.00506407350190535,0.00010925135416976462,0.508377011824491
0.0051876735623185176,12.58853065437742,0.0,0.0,0.005078424893433185,0.000109248668885333,0.5030565184461877
0.0052013890570708895,12.62181299646315,0.0,0.0,0.005092143150369905,0.00010924590670098455,0.4978073912600311
0.0052144322215694865,12.653463846145236,0.0,0.0,0.005105189152912175,0.00010924306865731208,0.49262867299889945
0.0052267677150783605,12.68339744476279,0.0,0.0,0.005117527559297403,0.00010924015578095796,0.4875194192359295
0.005238363771864522,12.711536708841166,0.0,0.0,0.0051291266027797214,0.00010923716908480036,0.4824786982122841
0.005249192007110216,12.737812759114133,0.0,0.0,0.0051399578975420785,0.00010923410956813754,0.47750559066723014
0.005259227231405801,12.76216447036793,0.0,0.0,0.005149996253188932,0.00010923097821686886,0.4725991896704964
0.005268447273481014,12.784538041276772,0.0,0.0,0.005159219497477338,0.00010922777600367586,0.4677586004568781
0.005276832810845252,12.8048865834306,0.0,0.0,0.005167608306957052,0.00010922450388819889,0.4629829402630628
0.005284367208019884,12.823169728785787,0.0,0.0,0.005175146045202674,0.00010922116281721021,0.4582713381666427
0.005291036362057526,12.83935325479857,0.0,0.0,0.005181818608332738,0.00010921775372478866,0.4536229349272878
0.00529682855505469,12.853408726528807,0.0,0.0,0.0051876142775222015,0.00010921427753248824,0.4490368828300482
0.005301734313375349,12.865313155028543,0.0,0.0,0.005192523578225842,0.0001092107351495069,0.4445123455307596
0.005305746273313601,12.875048671355874,0.0,0.0,0.005196539145840749,0.00010920712747285147,0.44004849790352135
0.0053088590529338986,12.882602215579448,0.0,0.0,0.005199655597546399,0.00010920345538750009,0.4356445258902209
0.0053110691298373005,12.887965240163163,0.0,0.0,0.005201869410070736,0.0001091997197665651,0.4312996263520768
0.005312374724611657,12.891133427143656,0.0,0.0,0.0052031788031402055,0.00010919592147145186,0.42701300692317223
0.005312775689732957,12.892106418535692,0.0,0.0,0.005203583628380943,0.00010919206135201378,0.42278388586595456
0.005312273403693871,12.890887559421996,0.0,0.0,0.005203085263447162,0.00010918814024670893,0.4186114919286709
0.005310870670144112,12.887483653204896,0.0,0.0,0.005201686511161359,0.00010918415898275242,0.414495064204719
0.00530857162183546,12.881904728517037,0.0,0.0,0.005199391503459194,0.00010918011837626582,0.4104338519938813
0.005305381629172267,12.874163817307911,0.0,0.0,0.005196205609939839,0.00010917601923242785,0.40642711466542375
0.00530130721317587,12.864276743641234,0.0,0.0,0.005192135350830251,0.00010917186234561949,0.40247412152302786
0.005296355962678734,12.852261922756309,0.0,0.0,0.005187188314179165,0.0001091676484995682,0.39857415167153654
0.005290536455571248,12.838140169963674,0.0,0.0,0.005181373077103755,0.00010916337846749267,0.39472649388548686
0.005283858183930944,12.821934518961871,0.0,0.0,0.005174699130918702,0.00010915905301224229,0.39093044647940556
0.005276331482870446,12.80367004917822,0.0,0.0,0.00516717680998401,0.00010915467288643623,0.38718531717984495
0.005267967462946898,12.783373721751952,0.0,0.0,0.005158817224114298,0.00010915023883260053,0.3834904229991356
0.005258777945981632,12.7610742237927,0.0,0.0,0.0051496321943983285,0.00010914575158330319,0.37984509011083134
0.005248775404144785,12.73680182056181,0.0,0.0,0.005139634192283497,0.00010914121186128849,0.37624865372682603
0.005237972902165241,12.710588215237598,0.0,0.0,0.005128836281785633,0.00010913662037960803,0.37270045797611795
0.005226384042531693,12.682466415938993,0.0,0.0,0.005117252064689943,0.00010913197784175028,0.369199855785201
0.005214022913555929,12.652470609694667,0.0,0.0,0.00510489562861416,0.00010912728494176926,0.3657462087600597
0.005200904040174472,12.620636043057141,0.0,0.0,0.0050917814978100615,0.00010912254236441083,0.3623388870697468
0.0051870423373695995,12.58699890907313,0.0,0.0,0.005077924586584362,0.0001091177507852374,0.35897726933152374
0.005172453066095447,12.551596240332808,0.0,0.0,0.0050633401552246955,0.0001091129108707514,0.3556607424975402
0.005157151791599431,12.514465807831568,0.0,0.0,0.005048043768320916,0.00010910802327851567,0.3523887017430355
0.00514115434403357,12.475646025388544,0.0,0.0,0.005032051255376295,0.00010910308865727484,0.3491605503560374
0.005124476781254466,12.435175859376164,0.0,0.0,0.005015378673607394,0.00010909810764707175,0.3459756996285425
0.005107135353714757,12.393094743524932,0.0,0.0,0.004998042272835391,0.00010909308087936606,0.3428335687491548
0.005089146471352719,12.34944249857695,0.0,0.0,0.004980058462375572,0.00010908800897714745,0.33973358469716514
0.005070526672390408,12.30425925657075,0.0,0.0,0.004961443779835357,0.00010908289255505025,0.33667518213805114
0.00505129259395438,12.25758538954886,0.0,0.0,0.0049422148617349155,0.00010907773221946461,0.3336578033203791
0.005031460944436452,12.209461442487756,0.0,0.0,0.004922388415867804,0.00010907252856864797,0.33068089797408834
0.005011048477515273,12.159928070258008,0.0,0.0,0.0049019811953224385,0.00010906728219283379,0.3277439232101401
0.004990071967762728,12.109025978430216,0.0,0.0,0.004881009974088389,0.00010906199367433866,0.3248463434215129
0.0049685481877622655,12.056795867749774,0.0,0.0,0.004859491524174597,0.00010905666358766863,0.321987630185525
0.0049464938866691475,12.003278382110702,0.0,0.0,0.0048374425941695234,0.00010905129249962391,0.31916726216746816
0.004923925770145576,11.948514059865728,0.0,0.0,0.004814879889176173,0.00010904588096940277,0.31638472502553283
0.004900860481606299,11.892543288316451,0.0,0.0,0.0047918200520575965,0.00010904042954870272,0.31363951131700996
0.004877314584712994,11.835406261233794,0.0,0.0,0.004768279645931174,0.00010903493878181995,0.31093112040574966
0.004853304547058246,11.777142939265158,0.0,0.0,0.004744275137852494,0.00010902940920575212,0.3082590583708616
0.004828846724982387,11.717793013090608,0.0,0.0,0.004719822883632094,0.00010902384135029263,0.3056228379166411
0.004803957349468794,11.657395869196083,0.0,0.0,0.004694939113730667,0.00010901823573812778,0.3030219782837016
0.004778652513065548,11.595990558137169,0.0,0.0,0.004669639920180613,0.00010901259288493468,0.30045600516130017
0.004752948157783443,11.53361576517214,0.0,0.0,0.004643941244483972,0.00010900691329947194,0.2979244506008394
0.0047268600639225385,11.470309783148185,0.0,0.0,0.004617858866438865,0.00010900119748367367,0.29542685293052884
0.004700403839781335,11.406110487529482,0.0,0.0,0.0045914083938485934,0.00010899544593274175,0.29296275667119087
0.004673594912204685,11.341055313460506,0.0,0.0,0.004564605253069449,0.00010898965913523577,0.2905317124531972
0.004646448517928324,11.275181234762492,0.0,0.0,0.004537464680355163,0.00010898383757316056,0.2881332769345181
0.004618979695679767,11.208524744765256,0.0,0.0,0.004510001713957711,0.00010897798172205575,0.28576701271987176
0.004591203278996955,11.14112183888078,0.0,0.0,0.0044822311869458726,0.00010897209205108282,0.28343248828095746
0.004563133889727745,11.073007998828905,0.0,0.0,0.004454167720704637,0.00010896616902310833,0.2811292778777599
0.004534785932174879,11.004218178429385,0.0,0.0,0.004425825719080088,0.0001089602130947906,0.27885696148090744
0.0045061735878526125,10.934786790878183,0.0,0.0,0.004397219363135951,0.00010895422471666203,0.27661512469507304
0.004477310810822635,10.864747697429529,0.0,0.0,0.0043683626064894236,0.00010894820433321106,0.2744033586834025
0.004448211323578309,10.794134197408502,0.0,0.0,0.004339269171195346,0.00010894215238296291,0.2722212600929557
0.004418888613447638,10.72297901948239,0.0,0.0,0.004309952544149076,0.00010893606929856191,0.2700684309811485
0.004389355929486612,10.651314314122004,0.0,0.0,0.004280425973979766,0.00010892995550684623,0.2679444787431813
0.004359626279835891,10.579171647187358,0.0,0.0,0.004250702468406962,0.000108923811428929,0.26584901604044076
0.004329712429514921,10.506581994574814,0.0,0.0,0.004220794792034647,0.00010891763748027468,0.2637816607298623
0.004299626898628766,10.433575737865723,0.0,0.0,0.004190715464557993,0.00010891143407077339,0.2617420357942397
0.00426938196096402,10.36018266091926,0.0,0.0,0.004160476759359204,0.00010890520160481607,0.2597297692734693
0.004238989642951228,10.286431947354579,0.0,0.0,0.004130090702469858,0.00010889894048136996,0.25774449419671747
0.004208461722972267,10.212352178870114,0.0,0.0,0.004099569071878219,0.00010889265109404902,0.25578584851549674
0.004177809730992091,10.137971334349949,0.0,0.0,0.004068923397160904,0.0001088863338311866,0.2538534750376402
0.004147044948495202,10.063316789709665,0.0,0.0,0.004038164959419296,0.00010887998907590664,0.2519470213621616
0.004116178408708107,9.988415318436141,0.0,0.0,0.004007304791501914,0.00010887361720619277,0.25006613981498943
0.004085220897089849,9.91329309277792,0.0,0.0,0.003976353678494891,0.00010886721859495872,0.24821048738556176
0.004054182952073584,9.837975685544704,0.0,0.0,0.00394532215846347,0.00010886079361011416,0.24637972566427327
0.004023074866042903,9.762488072476541,0.0,0.0,0.00391422052342827,0.00010885434261463276,0.24457352078076017
0.003991906686527416,9.68685463514505,0.0,0.0,0.0038830588205607955,0.00010884786596662006,0.24279154334301334
0.003960688217602806,9.61109916435083,0.0,0.0,0.0038518468535834313,0.00010884136401937505,0.24103346837730824
0.0039294290214812845,9.535244863982882,0.0,0.0,0.0038205941843598257,0.00010883483712145852,0.2392989752689403
0.003898138420279021,9.459314355307514,0.0,0.0,0.0037893101346622667,0.00010882828561675417,0.23758774770375554
0.003866825497947807,9.383329681655757,0.0,0.0,0.003758003788103275,0.00010882170984453184,0.23589947361046518
0.003835499102358782,9.307312313479772,0.0,0.0,0.0037266839922192726,0.00010881511013950935,0.23423384510373438
0.0038041678475266823,9.231283153750274,0.0,0.0,0.0036953593606947675,0.00010880848683191497,0.23259055842803386
0.003772840115963598,9.155262543668222,0.0,0.0,0.003664038275716053,0.00010880184024754529,0.23096931390224532
0.0037415240611518093,9.07927026866544,0.0,0.0,0.0036327288904439833,0.00010879517070782599,0.22936981586500907
0.0037102276101257563,9.003325564670108,0.0,0.0,0.003601439131595886,0.00010878847852987019,0.22779177262080555
0.0036789584661537198,8.927447124614178,0.0,0.0,0.0035701767021271828,0.00010878176402653685,0.22623489638675948
0.003647724111510242,8.851653105160997,0.0,0.0,0.0035389490840037558,0.00010877502750648627,0.224698903240158
0.0036165318103308073,8.775961133632551,0.0,0.0,0.0035077635410565686,0.00010876826927423884,0.2231835130666723
0.0035853886115407,8.70038831511669,0.0,0.0,0.003476627121910472,0.00010876148963022825,0.22168844950927427
0.0035543013518504057,8.62495123973584,0.0,0.0,0.0034455466629795487,0.000108754688870857,0.22021343991783815
0.003523276658810308,8.54966599005961,0.0,0.0,0.003414528791521757,0.00010874786728855116,0.21875821529941783
0.0034923209539178194,8.474548148644626,0.0,0.0,0.0033835799287460066,0.00010874102517181279,0.21732251026919164
0.0034614404557704514,8.399612805685836,0.0,0.0,0.0033527062929651777,0.00010873416280527377,0.21590606300206516
0.0034306411832586785,8.3248745667644,0.0,0.0,0.0033219139027889323,0.00010872728046974628,0.21450861518492273
0.003399928958792787,8.250347560678032,0.0,0.0,0.0032912085803505128,0.00010872037844227433,0.21312991196951955
0.003369309411558221,8.176045447340504,0.0,0.0,0.003260595954562036,0.00010871345699618527,0.2117697019260062
0.0033387879807942424,8.10198142573771,0.0,0.0,0.0032300814643931035,0.00010870651640113897,0.21042773699707573
0.003308369919091012,8.02816824192845,0.0,0.0,0.003199670362167835,0.00010869955692317665,0.20910377245272663
0.003278060295700491,7.954618197078735,0.0,0.0,0.0031693677168757213,0.00010869257882476994,0.20779756684563186
0.003247863999856817,7.881343155519093,0.0,0.0,0.003139178417491948,0.00010868558236486891,0.20650888196710693
0.003217785744102053,7.808354552814912,0.0,0.0,0.0031091071763031043,0.0001086785677989484,0.20523748280366846
0.0031878300676134994,7.735663403840566,0.0,0.0,0.0030791585322344434,0.00010867153537905598,0.20398313749417574
0.0031580013395289255,7.663280310848507,0.0,0.0,0.0030493368541750694,0.00010866448535385635,0.20274561728754673
0.003128303762266355,7.591215471525131,0.0,0.0,0.0030196463442976767,0.00010865741796867807,0.2015246965010413
0.0030987413748352123,7.519478687025684,0.0,0.0,0.0029900910413696545,0.00010865033346555793,0.20032015247910454
0.0030693180561358812,7.448079369981051,0.0,0.0,0.002960674824052597,0.0001086432320832845,0.19913176555276138
0.003040037528244865,7.377026552469597,0.0,0.0,0.002931401414187423,0.00010863611405744216,0.1979593189995565
0.0030109033596829766,7.306328893947842,0.0,0.0,0.0029022743800625225,0.00010862897962045416,0.1968025990040312
0.0029819189686641242,7.235994689134034,0.0,0.0,0.002873297139662499,0.00010862182900162551,0.19566139461873044
0.002953087626322441,7.166031875839183,0.0,0.0,0.002844472963895258,0.00010861466242718282,0.1945354977257334
0.002924412459915668,7.096448042740458,0.0,0.0,0.0028158049797953498,0.00010860748012031838,0.193424702998699
0.00289589645600284,7.027250437092245,0.0,0.0,0.0027872961737016116,0.00010860028230122842,0.19232880786542192
0.00286754246359448,6.95844597237047,0.0,0.0,0.002758949394407325,0.00010859306918715478,0.19124761247088945
0.002839353197273639,6.8900412358462,0.0,0.0,0.0027307673562812144,0.00010858584099242443,0.19018091964083517
0.0028113312402862486,6.822042496084759,0.0,0.0,0.002702752642357761,0.0001085785979284878,0.18912853484578027
0.0027834790475993777,6.754455710366963,0.0,0.0,0.0026749077073954203,0.00010857134020395764,0.18809026616555832
0.002755798948926112,6.6872865320293675,0.0,0.0,0.0026472348809014642,0.00010856406802464771,0.18706592425431504
0.002728293151715861,6.620540317720621,0.0,0.0,0.0026197363701222515,0.00010855678159360957,0.18605532230597813
0.002700963744109046,6.554222134571369,0.0,0.0,0.0025924142629978764,0.0001085494811111694,0.18505827602018993
0.0026738126978551762,6.488336767275339,0.0,0.0,0.0025652705310802103,0.00010854216677496589,0.18407460356869698
0.0026468418711934555,6.4228887250794795,0.0,0.0,0.00253830703241347,0.00010853483877998547,0.1831041255621908
0.0026200530116951256,6.357882248681259,0.0,0.0,0.002511525514376528,0.00010852749731859745,0.18214666501759305
0.0025934477590668515,6.293321317031427,0.0,0.0,0.0024849276164862627,0.00010852014258058884,0.18120204732577985
0.0025670276479145457,6.229209654040778,0.0,0.0,0.0024585148731613438,0.00010851277475320184,0.18027010021973858
0.002540794110467066,6.165550735189539,0.0,0.0,0.002432288716445903,0.0001085053940211631,0.17935065374315243
0.0025147484792593525,6.1023477940383275,0.0,0.0,0.0024062504786926298,0.00010849800056672283,0.17844354021940556
0.0024888919897745883,6.03960382863969,0.0,0.0,0.002380401395204905,0.00010849059456968319,0.17754859422100489
0.0024632257830450575,5.9773216078493965,0.0,0.0,0.002354742606837622,0.0001084831762074351,0.1766656525394111
0.0024377509082114343,5.91550367753688,0.0,0.0,0.002329275162556447,0.00010847574565498736,0.17579455415527542
0.0024124683250402964,5.854152366694285,0.0,0.0,0.0023040000219552957,0.00010846830308500065,0.1749351402090744
0.0023873789063996913,5.793269793443741,0.0,0.0,0.0022789180577318727,0.00010846084866781873,0.1740872539721396
0.002362483440692677,5.732857870942649,0.0,0.0,0.0022540300581211778,0.00010845338257149914,0.17325074081807532
0.0023377826342487504,5.6729183131867735,0.0,0.0,0.0022293367292869066,0.00010844590496184367,0.17242544819455988
0.002313277113673188,5.613452640711217,0.0,0.0,0.0022048386976707595,0.00010843841600242827,0.17161122559552502
0.0022889674281543044,5.554462186189253,0.0,0.0,0.002180536512299669,0.00010843091585463545,0.1708079245337089
0.0022648540517287183,5.495948099929291,0.0,0.0,0.002156430647051039,0.00010842340467767943,0.17001539851357642
0.002240937385504735,5.437911355270175,0.0,0.0,0.002132521502876096,0.00010841588262863898,0.16923350300460382
0.002217217759843989,5.380352753875216,0.0,0.0,0.002108809409981504,0.00010840834986248495,0.1684620954149207
0.002193695436501536,5.323272930925389,0.0,0.0,0.0020852946299694287,0.00010840080653210741,0.16770103506530615
0.0021703706107245933,5.266672360212178,0.0,0.0,0.0020619773579362483,0.00010839325278834492,0.1669501831635335
0.002147243413310182,5.210551359130716,0.0,0.0,0.0020388577245301714,0.00010838568878001085,0.16620940277905924
0.002124313912621935,5.154910093573798,0.0,0.0,0.0020159357979680132,0.00010837811465392173,0.16547855881805137
0.002101582116566359,5.09974858272754,0.0,0.0,0.001993211586011434,0.00010837053055492452,0.16475751799875266
0.0020790479745288687,5.0450667037694,0.0,0.0,0.001970685037902949,0.00010836293662592008,0.1640461488271747
0.00205671137926994,4.990864196469427,0.0,0.0,0.0019483560462620472,0.00010835533300789248,0.16334432157311762
0.0020345721687817214,4.93714066769556,0.0,0.0,0.0019262244489417876,0.00010834771983993363,0.1626519082465115
0.0020126301281055002,4.883895595823929,0.0,0.0,0.0019042900308462321,0.00010834009725926817,0.16196878257407535
0.001990884991110402,4.831128335055099,0.0,0.0,0.001882552525709123,0.00010833246540127899,0.16129481997628897
0.0019693364422337335,4.778838119637216,0.0,0.0,0.0018610116178342023,0.00010832482439953125,0.16062989754467397
0.0019479841181834013,4.727024067997144,0.0,0.0,0.0018396669437976032,0.00010831717438579797,0.159973894019379
0.0019268276096028293,4.67568518678059,0.0,0.0,0.0018185180941127457,0.00010830951549008354,0.15932668976706607
0.0019058664626988302,4.624820374802334,0.0,0.0,0.0017975646148581832,0.00010830184784064695,0.15868816675909356
0.001885100180832885,4.574428426907668,0.0,0.0,0.0017768060092688595,0.0001082941715640254,0.15805820854999147
0.0018645282260762992,4.5245080377461715,0.0,0.0,0.0017562417392912406,0.00010828648678505863,0.15743670025622591
0.0018441500207297117,4.475057805458991,0.0,0.0,0.0017358712271028024,0.0001082787936269093,0.15682352853524778
0.0018239649488074369,4.426076235280777,0.0,0.0,0.001715693856596349,0.00010827109221108784,0.1562185815648232
0.0018039723574871322,4.377561743057481,0.0,0.0,0.0016957089748296595,0.00010826338265747273,0.1556217490226406
0.0017841715585252868,4.329512658681218,0.0,0.0,0.0016759158934409521,0.00010825566508433457,0.15503292206619151
0.0017645618296390259,4.281927229443378,0.0,0.0,0.0016563138900306707,0.00010824793960835523,0.15445199331292153
0.001745142415854746,4.2348036233072595,0.0,0.0,0.0016369022095100948,0.00010824020634465104,0.15387885682064714
0.0017259125308240724,4.188139932101409,0.0,0.0,0.0016176800654172806,0.00010823246540679193,0.15331340806823557
0.001706871358107668,4.1419341746349305,0.0,0.0,0.0015986466412008435,0.00010822471690682466,0.1527555439365432
0.001688018052427388,4.096184299736002,0.0,0.0,0.0015798010914720969,0.00010821696095529125,0.1522051626896104
0.001669351740887305,4.050888189214838,0.0,0.0,0.0015611425432260552,0.00010820919766124963,0.15166216395610815
0.0016508715241641155,4.006043660752366,0.0,0.0,0.0015426700970318213,0.00010820142713229415,0.1511264487110336
0.0016325764776674398,3.9616484707158266,0.0,0.0,0.0015243828281928655,0.00010819364947457429,0.15059791925765117
0.0016144656526705335,3.917700316902593,0.0,0.0,0.001506279787877719,0.00010818586479281467,0.15007647920967598
0.001596538077411923,3.874196841213422,0.0,0.0,0.001488360004221588,0.00010817807319033505,0.14956203347369604
0.0015787927581684688,3.831135632256377,0.0,0.0,0.0014706224833994025,0.00010817027476906631,0.14905448823183057
0.0015612286803003853,3.7885142278826938,0.0,0.0,0.0014530662106708124,0.00010816246962957279,0.14855375092462045
0.001543844809268703,3.7463301176557833,0.0,0.0,0.0014356901513976358,0.00010815465787106712,0.14805973023414878
0.001526640091625699,3.7045807452546278,0.0,0.0,0.0014184932520342674,0.00010814683959143143,0.14757233606738712
