,APCP_surface,DLWRF_surface,DSWRF_surface,PRES_surface,SPFH_2maboveground,TMP_2maboveground,UGRD_10maboveground,VGRD_10maboveground,precip_rate
2016-12-31 14:00:00,0.0,0.0,0.0,0.0,0.0,0.0,0.0,0.0,0.0
2016-12-31 15:00:00,0.0,0.0,0.0,0.0,0.0,0.0,0.0,0.0,0.0
2016-12-31 16:00:00,0.0,0.0,0.0,0.0,0.0,0.0,0.0,0.0,0.0
2016-12-31 17:00:00,0.0,0.0,0.0,0.0,0.0,0.0,0.0,0.0,0.0
2016-12-31 18:00:00,0.0,0.0,0.0,0.0,0.0,0.0,0.0,0.0,0.0
2016-12-31 19:00:00,0.0,0.0,0.0,0.0,0.0,0.0,0.0,0.0,0.0
2016-12-31 20:00:00,0.0,0.0,0.0,0.0,0.0,0.0,0.0,0.0,0.0
2016-12-31 21:00:00,0.0,0.0,0.0,0.0,0.0,0.0,0.0,0.0,0.0
2016-12-31 22:00:00,0.0,0.0,0.0,0.0,0.0,0.0,0.0,0.0,0.0
2016-12-31 23:00:00,0.0,0.0,0.0,0.0,0.0,0.0,0.0,0.0,0.0
2017-01-01 00:00:00,0.0,281.46976,77.82563,101286.69,0.00509225,283.89233,-0.31325683,-2.170946,0.0
2017-01-01 01:00:00,0.0078125,281.65054,0.0,101390.48,0.0048142094,283.08084,0.9138475,-1.5953285,2.170139e-06
2017-01-01 02:00:00,0.0,286.40347,0.0,101412.27,0.004974748,282.96036,2.1439767,-1.0181721,0.0
2017-01-01 03:00:00,0.0,270.22784,0.0,101485.75,0.005268876,282.94373,3.370698,-0.43574548,0.0
2017-01-01 04:00:00,0.0,270.02756,0.0,101522.98,0.0053884485,282.63705,3.473838,-0.87413,0.0
2017-01-01 05:00:00,0.0,266.3851,0.0,101473.31,0.0051819994,281.7302,3.57899,-1.3038034,0.0
2017-01-01 06:00:00,0.0,259.90067,0.0,101550.63,0.0047107073,280.79407,3.6852248,-1.7417344,0.0
2017-01-01 07:00:00,0.0,261.33234,0.0,101556.25,0.0049159653,281.06427,3.9146144,-1.246504,0.0
2017-01-01 08:00:00,0.0,258.14627,0.0,101566.51,0.0048405305,280.41382,4.1482635,-0.7470282,0.0
2017-01-01 09:00:00,0.0,260.61475,0.0,101527.62,0.0051568877,280.9255,4.3789897,-0.25345984,0.0
2017-01-01 10:00:00,0.0,269.80185,0.0,101481.69,0.006051369,282.56033,4.440497,-0.14025615,0.0
2017-01-01 11:00:00,0.0,272.25195,0.0,101486.29,0.0060939416,283.13364,4.507444,-0.027612254,0.0
2017-01-01 12:00:00,0.0,264.43338,0.0,101426.07,0.0058473665,282.67075,4.573217,0.08379736,0.0
2017-01-01 13:00:00,0.0,264.72256,0.0,101404.59,0.005690865,282.43527,4.3571777,-0.20196645,0.0
2017-01-01 14:00:00,0.028355602,266.2043,0.0,101448.445,0.005762501,282.3109,4.1405625,-0.48780224,7.876556e-06
2017-01-01 15:00:00,0.02128464,274.61905,0.0,101406.91,0.0062993634,282.77127,3.9256306,-0.7711056,5.9124e-06
2017-01-01 16:00:00,0.0,266.90738,74.140755,101401.94,0.0060012513,282.8294,4.2689857,-0.54324293,0.0
2017-01-01 17:00:00,0.0,259.06644,197.4683,101456.586,0.0053038374,283.12875,4.608431,-0.3261594,0.0
2017-01-01 18:00:00,0.0,266.0365,329.1392,101517.46,0.00520641,283.33743,4.9530296,-0.09885612,0.0
2017-01-01 19:00:00,0.0,265.35522,412.55847,101398.44,0.005202336,283.74667,5.4171424,-0.5915368,0.0
2017-01-01 20:00:00,0.0,263.76862,465.63037,101384.69,0.0048694047,284.20486,5.8742943,-1.0889641,0.0
2017-01-01 21:00:00,0.0,263.76035,469.26596,101305.87,0.0051160087,284.12466,6.339829,-1.5875622,0.0
2017-01-01 22:00:00,0.0,265.04376,393.33682,101249.195,0.0049004606,284.36185,5.9548416,-1.9745697,0.0
2017-01-01 23:00:00,0.0,265.84372,269.52493,101258.41,0.004797707,284.36118,5.5804925,-2.3697493,0.0
2017-01-02 00:00:00,0.0,249.36723,100.99615,101322.65,0.004870118,283.915,5.2054687,-2.7583468,0.0
2017-01-02 01:00:00,0.0,251.16878,0.0,101363.27,0.005073774,283.10364,5.0151677,-2.1323948,0.0
2017-01-02 02:00:00,0.0,254.1999,0.0,101412.836,0.005153163,282.71402,4.820511,-1.5017253,0.0
2017-01-02 03:00:00,0.0,264.18448,0.0,101413.56,0.004878301,282.51572,4.6248775,-0.8724281,0.0
2017-01-02 04:00:00,0.014178056,265.83655,0.0,101508.29,0.0052621476,282.1799,4.1269846,-0.34952578,3.938349e-06
2017-01-02 05:00:00,0.26986787,267.81482,0.0,101536.59,0.005763832,281.85544,3.636259,0.17576104,7.4963296e-05
2017-01-02 06:00:00,0.10469134,295.93185,0.0,101573.69,0.005360956,281.2843,3.1398532,0.7002066,2.9080928e-05
2017-01-02 07:00:00,0.11405867,297.70386,0.0,101595.414,0.0054859067,281.18982,2.668087,0.4028014,3.1682965e-05
2017-01-02 08:00:00,0.109375,296.74283,0.0,101621.875,0.0054728314,280.59814,2.19324,0.100762755,3.0381945e-05
2017-01-02 09:00:00,0.18054914,281.01837,0.0,101550.375,0.0053880587,280.54523,1.7246604,-0.2040696,5.015254e-05
2017-01-02 10:00:00,0.28706777,282.9616,0.0,101661.24,0.005439634,280.6713,1.3941342,0.37508368,7.974105e-05
2017-01-02 11:00:00,0.25468367,283.92087,0.0,101665.375,0.005370894,280.64426,1.0674334,0.95732564,7.074547e-05
2017-01-02 12:00:00,0.26015434,336.73123,0.0,101645.09,0.005286284,280.4928,0.7393627,1.5429882,7.2265095e-05
2017-01-02 13:00:00,0.042537928,336.8477,0.0,101679.29,0.005674597,280.51883,0.7133393,1.6451658,1.1816091e-05
2017-01-02 14:00:00,0.03864385,335.05087,0.0,101650.9,0.005625623,280.50436,0.6913708,1.7525445,1.0734402e-05
2017-01-02 15:00:00,0.015625,317.10922,0.0,101614.9,0.0059507955,280.509,0.6652858,1.8525081,4.340278e-06
2017-01-02 16:00:00,0.01062235,310.2794,57.313557,101631.27,0.0055998093,280.38507,0.98451716,2.625972,2.9506527e-06
2017-01-02 17:00:00,0.0,305.1398,153.23958,101718.96,0.0054327548,280.4446,1.3037949,3.3983128,0.0
2017-01-02 18:00:00,0.0,307.8433,230.73396,101776.0,0.0054473877,280.895,1.6269507,4.1688614,0.0
2017-01-02 19:00:00,0.015625,313.43527,289.32388,101695.23,0.0058676265,282.01474,2.2379346,4.3375335,4.340278e-06
2017-01-02 20:00:00,0.015625,314.79626,326.85483,101639.32,0.0056563052,282.71002,2.8484218,4.5071244,4.340278e-06
2017-01-02 21:00:00,0.015625,318.8745,295.7471,101575.1,0.0054048076,283.43903,3.463206,4.6785088,4.340278e-06
2017-01-02 22:00:00,0.015625,319.54337,248.11847,101633.82,0.005647715,283.37363,3.3565934,5.0109534,4.340278e-06
2017-01-02 23:00:00,0.0049028113,321.37817,170.4608,101637.664,0.0056684758,283.75174,3.2571747,5.3479123,1.361892e-06
2017-01-03 00:00:00,0.0,309.45712,76.61581,101605.09,0.005858851,283.8612,3.1511858,5.6819863,0.0
2017-01-03 01:00:00,0.0,309.5705,0.0,101710.78,0.0059120967,283.50806,2.4884236,5.6072116,0.0
2017-01-03 02:00:00,0.0,308.5457,0.0,101702.13,0.005749019,283.06107,1.8216423,5.5249996,0.0
2017-01-03 03:00:00,0.0,300.76038,0.0,101781.26,0.006106081,282.77625,1.149906,5.4510684,0.0
2017-01-03 04:00:00,0.0,300.16287,0.0,101773.22,0.006168298,282.5413,1.1794771,4.931033,0.0
2017-01-03 05:00:00,0.020124447,301.06357,0.0,101786.4,0.006308123,282.57355,1.2042488,4.4160905,5.590124e-06
2017-01-03 06:00:00,0.03125,315.34732,0.0,101870.57,0.0059756176,281.8381,1.2294681,3.8983212,8.680556e-06
2017-01-03 07:00:00,0.04219134,317.25803,0.0,101962.65,0.006069258,282.2469,1.1052014,3.8987522,1.1719817e-05
2017-01-03 08:00:00,0.1116422,315.98135,0.0,101962.79,0.006022982,282.06473,0.98072344,3.8899744,3.101172e-05
2017-01-03 09:00:00,0.1585172,327.3795,0.0,101976.35,0.0061441553,282.09683,0.85411334,3.8852565,4.4032553e-05
2017-01-03 10:00:00,0.1585172,331.29788,0.0,101974.25,0.006211478,282.57373,0.38470113,3.7359722,4.4032553e-05
2017-01-03 11:00:00,0.13195086,331.6721,0.0,101942.81,0.0063057723,282.31284,-0.08729134,3.591138,3.6653015e-05
2017-01-03 12:00:00,0.078125,346.2125,0.0,101953.79,0.0063596866,282.34595,-0.55934626,3.4478633,2.170139e-05
2017-01-03 13:00:00,0.33921763,343.47916,0.0,101915.01,0.0064171217,282.13748,-1.0480024,3.6650288,9.422712e-05
2017-01-03 14:00:00,0.064436674,341.24704,0.0,101843.0,0.0065118396,282.0088,-1.541418,3.882171,1.7899076e-05
2017-01-03 15:00:00,0.11818969,357.43042,0.0,101760.85,0.005980751,282.57584,-2.0338843,4.0962853,3.283047e-05
2017-01-03 16:00:00,0.25388607,354.5809,29.0,101837.65,0.006553173,282.6453,-2.1158774,4.878662,7.052391e-05
2017-01-03 17:00:00,0.32435808,354.44922,77.7861,101760.164,0.006688161,283.54868,-2.197552,5.6530533,9.0099464e-05
2017-01-03 18:00:00,0.14696792,359.6648,104.682686,101785.44,0.006659525,283.80954,-2.2811913,6.4222946,4.0824423e-05
2017-01-03 19:00:00,0.40631115,360.1613,131.30359,101665.125,0.0066524595,284.4562,-1.9985266,7.167549,0.00011286421
2017-01-03 20:00:00,0.6258474,359.1151,148.41852,101578.13,0.0070160567,284.5659,-1.7125083,7.9107704,0.00017384649
2017-01-03 21:00:00,0.9475774,369.40268,143.48833,101503.6,0.0073961094,285.30774,-1.4367977,8.655534,0.00026321594
2017-01-03 22:00:00,0.73536944,365.87167,120.61121,101412.93,0.007510712,285.3966,-1.0337418,8.598794,0.0002042693
2017-01-03 23:00:00,0.59749514,359.8817,83.010765,101324.4,0.007600674,285.01297,-0.6349576,8.547684,0.00016597088
2017-01-04 00:00:00,0.593861,352.07382,38.5972,101308.23,0.00779421,284.40634,-0.23276055,8.489566,0.00016496138
2017-01-04 01:00:00,0.65034765,355.70718,0.0,101211.4,0.007799141,284.66956,-0.16051964,8.623937,0.00018065213
2017-01-04 02:00:00,0.49831647,360.19797,0.0,101221.945,0.00789728,285.0321,-0.091481596,8.747663,0.00013842124
2017-01-04 03:00:00,0.42385983,364.8821,0.0,101254.19,0.007877498,285.32248,-0.024832224,8.880781,0.00011773884
2017-01-04 04:00:00,0.62550914,362.76816,0.0,101230.586,0.007919786,285.20566,0.9442932,9.224467,0.00017375255
2017-01-04 05:00:00,0.8336412,361.44125,0.0,101212.625,0.007824612,285.30798,1.9095907,9.567505,0.000231567
2017-01-04 06:00:00,1.021518,351.2043,0.0,101294.35,0.0077843727,285.2364,2.8749297,9.909104,0.00028375498
2017-01-04 07:00:00,3.310772,350.4067,0.0,101306.9,0.007868675,284.9637,3.097788,9.533165,0.00091965887
2017-01-04 08:00:00,4.308602,349.25443,0.0,101340.28,0.007823777,284.67612,3.310197,9.159429,0.0011968338
2017-01-04 09:00:00,2.3573527,343.15445,0.0,101294.0,0.00790248,284.79465,3.5295715,8.787436,0.0006548202
2017-01-04 10:00:00,1.8851026,353.2441,0.0,101324.56,0.008115678,286.12146,3.8629503,7.924515,0.0005236396
2017-01-04 11:00:00,1.8024116,362.631,0.0,101331.0,0.008713774,287.06046,4.193814,7.0567813,0.0005006699
2017-01-04 12:00:00,2.3539438,374.19394,0.0,101340.32,0.008981071,286.3323,4.52642,6.1952558,0.00065387326
2017-01-04 13:00:00,1.5415176,372.13565,0.0,101302.77,0.008720699,286.41757,4.321163,5.3776774,0.00042819933
2017-01-04 14:00:00,1.2760973,369.91666,0.0,101377.73,0.008743525,286.31726,4.1170335,4.570414,0.00035447147
2017-01-04 15:00:00,0.67468894,362.53055,0.0,101415.85,0.008949026,284.8789,3.9174669,3.7620609,0.00018741359
2017-01-04 16:00:00,0.38941357,358.29135,27.454248,101426.836,0.008569564,284.6268,3.3872888,3.6231062,0.00010817043
2017-01-04 17:00:00,0.27359697,353.9714,73.67416,101468.44,0.007879521,284.52463,2.855439,3.4835494,7.599916e-05
2017-01-04 18:00:00,0.29145283,357.57266,94.115105,101529.6,0.008069259,284.26135,2.3261938,3.3470879,8.095912e-05
2017-01-04 19:00:00,0.2852068,353.9404,118.15237,101526.69,0.008027951,283.81833,2.4811287,2.16057,7.922411e-05
2017-01-04 20:00:00,0.3839683,353.9181,133.60243,101467.375,0.0077176453,284.22778,2.6324434,0.96189994,0.000106657855
2017-01-04 21:00:00,0.445551,354.46487,137.59953,101428.79,0.0075249,284.49966,2.794295,-0.22963293,0.00012376417
2017-01-04 22:00:00,0.6845636,353.71997,115.75468,101429.29,0.007379314,284.06668,2.6882007,-0.7260394,0.00019015656
2017-01-04 23:00:00,0.5263897,355.58102,79.896484,101469.4,0.0072039035,284.15973,2.5819855,-1.2277738,0.00014621936
2017-01-05 00:00:00,0.09367025,345.80566,37.061268,101406.62,0.0069079497,283.5392,2.470086,-1.7266449,2.6019514e-05
2017-01-05 01:00:00,0.09039374,345.69064,0.0,101375.375,0.0066247494,283.13498,1.9721193,-1.3718628,2.5109372e-05
2017-01-05 02:00:00,0.20007676,347.4078,0.0,101428.37,0.006730879,282.83936,1.4700804,-1.0143868,5.557688e-05
2017-01-05 03:00:00,0.10804065,335.82364,0.0,101391.24,0.0065692314,282.5024,0.9634332,-0.6587009,3.0011293e-05
2017-01-05 04:00:00,0.08427069,342.08585,0.0,101481.77,0.0067108124,282.29355,1.4766589,-0.39842662,2.3408526e-05
2017-01-05 05:00:00,0.13909332,349.63327,0.0,101488.03,0.006732684,282.35132,1.9943749,-0.14426382,3.8637034e-05
2017-01-05 06:00:00,0.1551384,342.68045,0.0,101520.87,0.0065767057,281.90683,2.5123103,0.11458317,4.3094e-05
2017-01-05 07:00:00,0.23694077,338.43845,0.0,101661.87,0.006340705,281.39462,2.1891031,-0.2583115,6.581688e-05
2017-01-05 08:00:00,0.14252764,337.66068,0.0,101574.65,0.0062721814,281.44608,1.8711716,-0.6330967,3.959101e-05
2017-01-05 09:00:00,0.011718749,328.79114,0.0,101608.0,0.00638161,281.58618,1.550722,-1.0032319,3.2552082e-06
2017-01-05 10:00:00,0.0,328.93567,0.0,101634.68,0.0062885364,281.49377,1.5500971,-1.1735846,0.0
2017-01-05 11:00:00,0.0,328.54007,0.0,101643.46,0.0060965284,281.36328,1.5488849,-1.3319622,0.0
2017-01-05 12:00:00,0.0,318.76743,0.0,101639.1,0.005911207,281.1768,1.5555091,-1.4893154,0.0
2017-01-05 13:00:00,0.0,323.76477,0.0,101605.48,0.00585651,281.77115,1.3941363,-1.1441116,0.0
2017-01-05 14:00:00,0.0,324.8894,0.0,101670.28,0.005496239,281.7638,1.2383661,-0.79726726,0.0
2017-01-05 15:00:00,0.0,282.14963,0.0,101661.19,0.0050804103,281.65073,1.0773157,-0.44416532,0.0
2017-01-05 16:00:00,0.0,277.64462,66.5922,101713.87,0.004879541,281.41006,2.1065392,-0.6573884,0.0
2017-01-05 17:00:00,0.0,276.4125,179.07524,101769.46,0.005140009,281.56268,3.123264,-0.8688607,0.0
2017-01-05 18:00:00,0.0,263.19327,328.41055,101761.52,0.0046563456,282.50394,4.1484165,-1.0828362,0.0
2017-01-05 19:00:00,0.0,259.57712,412.64966,101772.6,0.0041712397,282.0706,4.4009595,-1.5925994,0.0
2017-01-05 20:00:00,0.0,260.49054,467.0187,101714.02,0.004333155,282.1354,4.6520915,-2.1038213,0.0
2017-01-05 21:00:00,0.0,305.91232,327.6107,101709.086,0.0042847055,282.1434,4.9101014,-2.62197,0.0
2017-01-05 22:00:00,0.0,308.54446,276.03067,101677.75,0.0043336824,282.32706,4.605333,-2.780999,0.0
2017-01-05 23:00:00,0.0,310.85306,190.86827,101664.555,0.004154444,282.7067,4.308367,-2.9376621,0.0
2017-01-06 00:00:00,0.0,250.50635,104.73923,101701.84,0.004189621,282.5764,4.0136085,-3.1041405,0.0
2017-01-06 01:00:00,0.0,252.84929,0.0,101714.25,0.0036276355,282.47745,2.9650624,-3.2613935,0.0
2017-01-06 02:00:00,0.0,258.23587,0.0,101805.12,0.003374774,282.84286,1.9145823,-3.4206953,0.0
2017-01-06 03:00:00,0.0,242.78699,0.0,101807.21,0.003622665,282.15317,0.87104726,-3.5782251,0.0
2017-01-06 04:00:00,0.0,239.10234,0.0,101917.37,0.0038598282,280.585,0.6429963,-3.3502579,0.0
2017-01-06 05:00:00,0.0,239.18144,0.0,101838.32,0.0037094865,280.57608,0.41974926,-3.1233323,0.0
2017-01-06 06:00:00,0.0,238.45782,0.0,102031.96,0.003617483,279.79248,0.18716158,-2.8903153,0.0
2017-01-06 07:00:00,0.0,241.1198,0.0,102039.1,0.003934869,279.7503,-0.08686989,-2.8004024,0.0
2017-01-06 08:00:00,0.0,239.29375,0.0,102028.28,0.003851197,278.95505,-0.3710998,-2.7037296,0.0
2017-01-06 09:00:00,0.0,235.30098,0.0,101987.35,0.003903852,278.67206,-0.6446765,-2.6081798,0.0
2017-01-06 10:00:00,0.0,231.96928,0.0,101998.12,0.0035426135,277.7236,-1.1047426,-2.3080099,0.0
2017-01-06 11:00:00,0.0,230.27588,0.0,102021.43,0.0034360897,276.92496,-1.5510708,-2.012385,0.0
2017-01-06 12:00:00,0.0,219.93872,0.0,101980.44,0.0030034073,276.93094,-2.009078,-1.720548,0.0
2017-01-06 13:00:00,0.0,223.8593,0.0,101997.1,0.0033097519,277.29593,-2.1239345,-1.5630823,0.0
2017-01-06 14:00:00,0.0,227.38533,0.0,102027.305,0.0033735323,277.8844,-2.2460873,-1.403441,0.0
2017-01-06 15:00:00,0.0,233.8094,0.0,102002.805,0.0038241216,277.58264,-2.3611314,-1.2482404,0.0
2017-01-06 16:00:00,0.0,224.1132,79.62683,102048.52,0.0033458055,277.18674,-2.426802,-0.74889207,0.0
2017-01-06 17:00:00,0.0,217.83391,214.17549,102151.44,0.0032152839,277.25415,-2.4920254,-0.2541637,0.0
2017-01-06 18:00:00,0.0,233.57533,334.98734,102098.06,0.0034350648,277.832,-2.5624344,0.24822755,0.0
2017-01-06 19:00:00,0.0,235.48515,420.9191,102047.35,0.0036935948,279.11737,-2.3058264,0.38359988,0.0
2017-01-06 20:00:00,0.0,234.03706,476.6547,101925.28,0.003453757,280.09778,-2.0636287,0.52530277,0.0
2017-01-06 21:00:00,0.0,258.30658,471.84225,101853.914,0.004032908,281.30853,-1.8122135,0.6600663,0.0
2017-01-06 22:00:00,0.0,260.65842,398.02164,101685.73,0.0041040764,282.10696,-1.8449632,0.7217994,0.0
2017-01-06 23:00:00,0.0,259.93985,276.09323,101684.25,0.004025361,282.24704,-1.8908334,0.77611995,0.0
2017-01-07 00:00:00,0.0,286.918,123.256065,101706.02,0.0040017855,282.02783,-1.923501,0.8358682,0.0
2017-01-07 01:00:00,0.0,295.4972,0.0,101752.5,0.004490445,282.39636,-1.5288367,1.3976494,0.0
2017-01-07 02:00:00,0.0,297.69916,0.0,101736.164,0.0044109453,281.86905,-1.1359257,1.9661455,0.0
2017-01-07 03:00:00,0.04462528,333.40967,0.0,101745.02,0.0041192933,282.2482,-0.73921925,2.533551,1.2395911e-05
2017-01-07 04:00:00,0.10167259,333.1224,0.0,101798.19,0.0044166353,281.96524,-0.7634032,2.5160058,2.8242386e-05
2017-01-07 05:00:00,0.21972598,334.4316,0.0,101691.414,0.0046061804,282.129,-0.78314453,2.4944704,6.1034996e-05
2017-01-07 06:00:00,0.38476247,346.70578,0.0,101806.85,0.004416097,281.38623,-0.8035789,2.4763067,0.00010687846
2017-01-07 07:00:00,0.29917285,348.01025,0.0,101831.9,0.0046123005,281.64304,-1.6539346,2.7449303,8.3103565e-05
2017-01-07 08:00:00,0.18110366,346.91846,0.0,101812.51,0.0046150894,281.63324,-2.4890807,3.006298,5.030657e-05
2017-01-07 09:00:00,0.10269863,355.13138,0.0,101669.305,0.0049280827,281.07022,-3.3374798,3.2762864,2.8527398e-05
2017-01-07 10:00:00,0.116194434,354.7571,0.0,101620.01,0.00522987,281.06287,-3.3464453,4.0734787,3.227623e-05
2017-01-07 11:00:00,0.22826882,352.91138,0.0,101561.125,0.0054023173,280.90344,-3.3631399,4.8701634,6.3408006e-05
2017-01-07 12:00:00,0.4671009,357.48972,0.0,101470.695,0.0055904724,281.0153,-3.3731327,5.6656165,0.00012975025
2017-01-07 13:00:00,2.4678109,356.9459,0.0,101426.25,0.005733427,281.50143,-3.0685787,6.141071,0.000685503
2017-01-07 14:00:00,1.9027035,360.46216,0.0,101312.26,0.0064786146,282.32144,-2.7669373,6.614962,0.00052852876
2017-01-07 15:00:00,0.73042357,358.58957,0.0,101291.78,0.007132003,282.77335,-2.458607,7.0872245,0.00020289543
2017-01-07 16:00:00,0.6167645,365.38513,35.49751,101280.46,0.0076328013,284.77884,-2.180213,7.7766595,0.00017132347
2017-01-07 17:00:00,0.6613689,359.4991,95.345276,101367.59,0.007306147,284.84225,-1.8990523,8.463349,0.00018371358
2017-01-07 18:00:00,0.5291875,370.71176,104.38801,101509.87,0.007641994,284.70822,-1.6173185,9.15763,0.00014699652
2017-01-07 19:00:00,0.5693865,372.2169,131.22057,101563.19,0.008237573,285.47913,-0.9498877,8.75023,0.0001581629
2017-01-07 20:00:00,0.46566957,374.40173,148.71974,101425.73,0.008474399,286.56973,-0.28456086,8.335061,0.00012935266
2017-01-07 21:00:00,0.37861416,381.1436,194.04884,101354.02,0.00855608,287.53308,0.38141286,7.928408,0.0001051706
2017-01-07 22:00:00,0.26340652,380.0078,163.86409,101305.375,0.008459096,287.728,0.2837691,7.294731,7.316848e-05
2017-01-07 23:00:00,0.18985981,379.90494,113.97324,101406.555,0.008436423,288.06955,0.19321837,6.672432,5.2738837e-05
2017-01-08 00:00:00,0.14305556,372.52148,47.29556,101439.01,0.00838301,287.85483,0.093580544,6.0429916,3.9737657e-05
2017-01-08 01:00:00,0.19126336,376.75662,0.37138113,101494.24,0.008582804,288.0879,-0.69725347,5.8514495,5.312871e-05
2017-01-08 02:00:00,0.169952,377.96152,0.0,101579.805,0.008431222,287.94165,-1.4911551,5.660753,4.720889e-05
2017-01-08 03:00:00,0.0895406,381.86954,0.0,101547.96,0.008765084,287.53818,-2.2871714,5.4726624,2.4872388e-05
2017-01-08 04:00:00,0.14446051,379.63547,0.0,101628.445,0.00899034,287.27084,-2.4288063,5.3339367,4.012792e-05
2017-01-08 05:00:00,0.22595367,378.3181,0.0,101596.24,0.008967777,287.281,-2.5694852,5.1997094,6.2764906e-05
2017-01-08 06:00:00,0.29936826,370.6099,0.0,101577.47,0.008459258,286.45752,-2.7117088,5.0556316,8.315785e-05
2017-01-08 07:00:00,1.006386,368.44876,0.0,101633.125,0.008756574,286.20328,-2.4376724,5.75198,0.0002795517
2017-01-08 08:00:00,0.715768,368.1523,0.0,101582.25,0.008740989,286.44702,-2.167775,6.4427724,0.00019882443
2017-01-08 09:00:00,0.49137953,369.08374,0.0,101460.97,0.00873043,286.17252,-1.8962301,7.131821,0.00013649432
2017-01-08 10:00:00,0.29815722,369.16806,0.0,101477.54,0.008794709,286.4767,-1.666741,8.320775,8.282145e-05
2017-01-08 11:00:00,0.27595103,371.33218,0.0,101373.44,0.008772532,287.19302,-1.444554,9.517373,7.6653065e-05
2017-01-08 12:00:00,0.53566146,364.7382,0.0,101366.414,0.008903394,287.0192,-1.216633,10.704017,0.00014879485
2017-01-08 13:00:00,0.8323596,367.10593,0.0,101249.625,0.00895438,287.34116,-1.2417487,11.251634,0.000231211
2017-01-08 14:00:00,0.4228712,365.506,0.0,101211.27,0.008553378,287.13705,-1.2636021,11.803195,0.000117464224
2017-01-08 15:00:00,0.17910598,382.73563,0.0,101191.73,0.009086502,288.2843,-1.2939179,12.351682,4.9751663e-05
2017-01-08 16:00:00,0.1535784,379.16748,20.313272,101207.27,0.009172955,287.85995,-1.0468725,12.025139,4.2660668e-05
2017-01-08 17:00:00,0.22779281,377.50443,54.456818,101296.79,0.0091483,287.85147,-0.80767894,11.69699,6.327578e-05
2017-01-08 18:00:00,0.50534457,382.62625,137.55421,101283.47,0.0097961975,288.66614,-0.56674314,11.367473,0.0001403735
2017-01-08 19:00:00,1.6092671,380.45142,173.09987,101354.78,0.009751081,288.59634,0.1485793,11.170651,0.00044701865
2017-01-08 20:00:00,3.6632178,377.9332,196.16203,101192.69,0.009485456,288.5513,0.866723,10.971461,0.0010175605
2017-01-08 21:00:00,2.8990717,370.4846,229.62817,101128.31,0.009488501,289.03638,1.5781833,10.776273,0.0008052977
2017-01-08 22:00:00,2.555029,374.60287,194.20561,101079.84,0.009664651,289.01715,1.6508371,10.433472,0.00070973026
2017-01-08 23:00:00,3.0916295,373.1652,135.22661,101158.52,0.009522111,288.1128,1.7328717,10.083606,0.000858786
2017-01-09 00:00:00,2.847601,372.43857,53.317295,101096.875,0.009439177,288.10056,1.8018275,9.741611,0.00079100026
2017-01-09 01:00:00,2.0160866,380.4832,1.6633377,101082.35,0.00960369,288.57413,2.3347504,9.545007,0.00056002405
2017-01-09 02:00:00,1.4731001,384.41296,0.0,101122.336,0.009842637,288.2317,2.863946,9.346678,0.00040919447
2017-01-09 03:00:00,0.7844248,381.9501,0.0,101252.34,0.009478475,288.27466,3.3950016,9.148602,0.00021789578
2017-01-09 04:00:00,0.5940967,384.15347,0.0,101228.52,0.009506146,288.33255,3.4995308,8.355584,0.00016502687
2017-01-09 05:00:00,0.41317472,382.49857,0.0,101319.47,0.009693275,287.611,3.5975506,7.556011,0.00011477076
2017-01-09 06:00:00,0.4499754,376.84042,0.0,101362.875,0.009149129,287.71347,3.6987636,6.7638955,0.00012499317
2017-01-09 07:00:00,0.5682483,376.80557,0.0,101354.56,0.009296776,287.93033,3.651151,5.6573777,0.00015784673
2017-01-09 08:00:00,0.7648643,372.73306,0.0,101428.77,0.009181122,287.53265,3.598769,4.5484815,0.00021246231
2017-01-09 09:00:00,0.485092,347.53818,0.0,101409.69,0.0087629855,286.40054,3.5482686,3.446195,0.00013474778
2017-01-09 10:00:00,0.42370132,347.02072,0.0,101537.9,0.008341349,286.1763,3.7366629,2.8192704,0.000117694806
2017-01-09 11:00:00,0.27871308,345.4065,0.0,101626.52,0.00802659,285.67978,3.9244826,2.1962774,7.74203e-05
2017-01-09 12:00:00,0.11817107,310.30728,0.0,101635.73,0.007826648,285.21088,4.1148148,1.5665455,3.2825297e-05
2017-01-09 13:00:00,0.04335165,316.42032,0.0,101646.91,0.007920085,285.75717,3.5492125,2.240864,1.2042125e-05
2017-01-09 14:00:00,0.0044730483,319.15073,0.0,101680.19,0.007753397,285.70294,2.9817913,2.9114735,1.2425133e-06
2017-01-09 15:00:00,0.0,307.70398,0.0,101655.625,0.0077221035,285.53238,2.4159207,3.5845966,0.0
2017-01-09 16:00:00,0.0,303.7236,66.99417,101737.6,0.007417234,285.5717,2.7892869,4.160582,0.0
2017-01-09 17:00:00,0.052150108,299.50885,179.59221,101832.06,0.0076708463,285.21976,3.1560175,4.738024,1.4486141e-05
2017-01-09 18:00:00,0.07343073,323.12585,266.5378,101894.91,0.0072785313,285.687,3.527972,5.312696,2.0397425e-05
2017-01-09 19:00:00,0.03125,325.19165,335.32132,101805.96,0.0075665717,286.3059,3.1840496,5.7807784,8.680556e-06
2017-01-09 20:00:00,0.011798498,325.97818,380.264,101755.93,0.00728255,286.97998,2.8416452,6.253088,3.2773605e-06
2017-01-09 21:00:00,0.055188593,345.64404,327.25833,101700.52,0.0071439245,287.28418,2.4980557,6.719274,1.5330164e-05
2017-01-09 22:00:00,0.10506096,346.7842,277.08966,101771.586,0.0071313963,287.22885,2.6717079,7.047457,2.9183599e-05
2017-01-09 23:00:00,0.18686672,346.8137,193.68695,101707.445,0.0072594644,286.85776,2.8447573,7.3737397,5.190742e-05
2017-01-10 00:00:00,0.2092811,324.0956,109.12789,101771.4,0.0073005315,286.56345,3.0212204,7.6975975,5.813364e-05
2017-01-10 01:00:00,0.11882449,328.28275,5.0356784,101754.48,0.0073328,286.35046,3.1425626,7.8857884,3.3006803e-05
2017-01-10 02:00:00,0.14142764,330.83182,0.0,101697.02,0.0075291432,285.70023,3.2676468,8.075387,3.9285456e-05
2017-01-10 03:00:00,0.17439725,357.77634,0.0,101790.56,0.007594727,285.7761,3.3890553,8.262336,4.844368e-05
2017-01-10 04:00:00,0.28466424,354.15536,0.0,101735.23,0.007812594,285.80838,3.0802574,8.116729,7.90734e-05
2017-01-10 05:00:00,0.3158661,351.1708,0.0,101686.44,0.007821035,286.06485,2.7714813,7.966924,8.774059e-05
2017-01-10 06:00:00,0.32187828,336.7932,0.0,101776.164,0.0076036504,285.8021,2.46334,7.820284,8.9410634e-05
2017-01-10 07:00:00,0.2933072,336.8994,0.0,101712.98,0.007895474,285.28055,2.7562692,7.986298,8.1474216e-05
2017-01-10 08:00:00,0.13287918,342.75024,0.0,101733.65,0.007977978,286.0271,3.0558846,8.163091,3.6910882e-05
2017-01-10 09:00:00,0.27318788,375.15286,0.0,101697.086,0.008038863,285.91528,3.3447077,8.333087,7.5885524e-05
2017-01-10 10:00:00,0.42489868,372.87048,0.0,101695.78,0.008254523,285.8994,3.1981156,7.6985054,0.00011802741
2017-01-10 11:00:00,0.59741706,367.9667,0.0,101629.625,0.008291566,285.48666,3.0479813,7.0688405,0.00016594918
2017-01-10 12:00:00,0.52793527,364.224,0.0,101633.72,0.008140133,284.99008,2.907034,6.4409065,0.00014664869
2017-01-10 13:00:00,0.93388104,365.9528,0.0,101500.06,0.008170019,285.48004,2.9001286,6.5520477,0.0002594114
2017-01-10 14:00:00,0.39425457,364.4777,0.0,101506.54,0.008138052,285.3965,2.886688,6.670482,0.00010951515
2017-01-10 15:00:00,0.30427852,363.94043,0.0,101466.46,0.008537374,285.43152,2.882508,6.78525,8.452181e-05
2017-01-10 16:00:00,0.9502952,362.71335,23.5,101462.79,0.008435284,285.5301,2.3048358,7.377812,0.0002639709
2017-01-10 17:00:00,1.3932446,363.28604,63.09447,101445.664,0.008559297,285.85156,1.7220451,7.9655843,0.0003870124
2017-01-10 18:00:00,1.5539383,361.8214,106.986885,101392.46,0.008473859,285.7096,1.1381077,8.558585,0.0004316495
2017-01-10 19:00:00,1.2544065,367.49414,134.52844,101401.37,0.00881754,286.7313,1.4923897,9.381382,0.00034844622
2017-01-10 20:00:00,0.7399426,368.30887,152.66504,101318.34,0.008876,286.98053,1.8423446,10.196687,0.00020553962
2017-01-10 21:00:00,1.731229,365.5437,161.46758,101133.12,0.0090174675,287.0731,2.1901193,11.019177,0.00048089694
2017-01-10 22:00:00,0.8368702,369.219,136.90233,101128.29,0.009031073,286.91565,2.2572706,10.711038,0.00023246395
2017-01-10 23:00:00,0.99567455,376.08826,95.94333,100976.945,0.008894383,287.4094,2.3220847,10.40501,0.00027657626
2017-01-11 00:00:00,2.1407547,379.4922,43.961018,100842.16,0.009020916,287.2642,2.392167,10.095107,0.00059465406
2017-01-11 01:00:00,3.3652296,381.87402,2.6849296,100803.695,0.009022475,287.63025,3.3244126,9.841401,0.000934786
2017-01-11 02:00:00,2.8424888,384.21277,0.0,100651.625,0.009600057,287.7265,4.2657332,9.580518,0.0007895802
2017-01-11 03:00:00,2.554763,363.59787,0.0,100704.23,0.009426824,288.06143,5.195529,9.325929,0.0007096564
2017-01-11 04:00:00,3.553448,353.42294,0.0,100731.21,0.009284214,286.35092,4.636242,8.491703,0.0009870689
2017-01-11 05:00:00,4.184251,348.9739,0.0,100801.09,0.008318428,286.14145,4.078676,7.65172,0.0011622919
2017-01-11 06:00:00,1.2092038,333.40945,0.0,100862.664,0.008196701,285.59335,3.5143917,6.817833,0.00033588996
2017-01-11 07:00:00,0.0,338.07217,0.0,100855.555,0.008397662,286.64087,4.293304,6.2149005,0.0
2017-01-11 08:00:00,0.17339553,339.23712,0.0,100816.97,0.008119661,287.21317,5.0753946,5.614147,4.8165424e-05
2017-01-11 09:00:00,0.18663743,332.07663,0.0,100883.9,0.00762432,286.1955,5.8543763,5.012611,5.184373e-05
2017-01-11 10:00:00,0.16070859,332.75134,0.0,100986.85,0.0072947107,286.0951,6.3045406,4.71215,4.4641274e-05
2017-01-11 11:00:00,0.14320818,333.87387,0.0,100999.664,0.0074077025,285.84027,6.7622104,4.410416,3.978005e-05
2017-01-11 12:00:00,0.13078426,318.01923,0.0,101056.47,0.006951364,285.24744,7.212648,4.096035,3.6328962e-05
2017-01-11 13:00:00,0.028182365,320.16833,0.0,101021.805,0.0071024396,285.35648,6.153257,3.8254936,7.828435e-06
2017-01-11 14:00:00,0.011718749,318.6861,0.0,101065.85,0.0071787983,284.72037,5.0938573,3.555218,3.2552082e-06
2017-01-11 15:00:00,0.048995864,331.62228,0.0,101114.48,0.0075167646,284.55164,4.031343,3.2817814,1.36099625e-05
2017-01-11 16:00:00,0.008453332,327.73367,46.655476,101210.02,0.0069664954,284.62314,3.986065,3.3635082,2.3481477e-06
2017-01-11 17:00:00,0.014847286,324.54803,124.61973,101270.79,0.006824722,284.59518,3.948535,3.45148,4.124246e-06
2017-01-11 18:00:00,0.015625,303.72083,272.77673,101360.66,0.007174419,284.0983,3.9048994,3.538874,4.340278e-06
2017-01-11 19:00:00,0.008983416,303.34122,343.34497,101437.87,0.0067420714,284.6221,3.763862,3.5436852,2.4953931e-06
2017-01-11 20:00:00,0.011718749,301.73987,389.71664,101359.49,0.006429247,284.81534,3.6281312,3.5595963,3.2552082e-06
2017-01-11 21:00:00,0.011718749,319.99307,281.55792,101367.19,0.006224667,285.2517,3.4832506,3.5702105,3.2552082e-06
2017-01-11 22:00:00,0.0078125,325.01752,238.9917,101308.6,0.006245943,285.63852,3.688654,3.3132966,2.170139e-06
2017-01-11 23:00:00,0.0078125,326.93906,168.01024,101302.27,0.0059813056,285.5682,3.8919141,3.054896,2.170139e-06
2017-01-12 00:00:00,0.0050771656,304.66092,96.91575,101304.18,0.005955446,285.18207,4.0871463,2.7992318,1.4103238e-06
2017-01-12 01:00:00,0.002168537,310.15927,7.3701825,101319.555,0.006152522,285.08853,2.977185,2.6619015,6.0237136e-07
2017-01-12 02:00:00,0.0,313.41812,0.0,101280.74,0.005793711,284.88913,1.8632227,2.5169032,0.0
2017-01-12 03:00:00,0.0,310.00357,0.0,101377.695,0.005676407,284.44724,0.7496114,2.3676264,0.0
2017-01-12 04:00:00,0.0,309.57407,0.0,101358.04,0.0060103014,284.0571,1.0309418,2.520208,0.0
2017-01-12 05:00:00,0.0,308.57065,0.0,101297.27,0.0063595828,283.53128,1.3131853,2.6686676,0.0
2017-01-12 06:00:00,0.0,335.09064,0.0,101284.1,0.005944952,283.1788,1.6008505,2.811281,0.0
2017-01-12 07:00:00,0.024072211,332.84048,0.0,101270.71,0.006086149,282.82483,1.1134652,2.6378334,6.686725e-06
2017-01-12 08:00:00,0.0381953,330.72336,0.0,101248.625,0.0060047065,282.6516,0.6280252,2.4586492,1.0609806e-05
2017-01-12 09:00:00,0.19629979,346.15036,0.0,101212.43,0.0060593025,282.31738,0.14381976,2.27994,5.4527718e-05
2017-01-12 10:00:00,0.3926491,347.135,0.0,101223.836,0.006184163,282.49268,0.292117,2.4377563,0.0001090692
2017-01-12 11:00:00,0.6751613,343.11142,0.0,101216.336,0.005887347,281.99387,0.44601217,2.5878887,0.0001875448
2017-01-12 12:00:00,0.28934425,339.45312,0.0,101126.35,0.006406639,281.82852,0.5969747,2.7367172,8.03734e-05
2017-01-12 13:00:00,1.433144,336.73978,0.0,101130.51,0.0062722,281.15405,1.518023,1.9912599,0.00039809555
2017-01-12 14:00:00,0.6909597,337.29733,0.0,101172.99,0.0060847127,281.17636,2.440625,1.2425785,0.00019193324
2017-01-12 15:00:00,0.02442613,321.50922,0.0,101111.414,0.0062634847,281.13193,3.3569558,0.49250278,6.785036e-06
2017-01-12 16:00:00,0.0,320.2478,59.036274,101242.46,0.0062341373,281.39127,3.5204113,0.29419312,0.0
2017-01-12 17:00:00,0.0,319.03677,157.086,101289.164,0.00616788,281.6783,3.6817353,0.10528173,0.0
2017-01-12 18:00:00,0.0,300.71683,242.75427,101364.13,0.0061280727,281.69812,3.8494856,-0.08253458,0.0
2017-01-12 19:00:00,0.065521285,301.70657,305.5984,101376.54,0.0064295665,281.86615,3.749135,-0.86068803,1.8200357e-05
2017-01-12 20:00:00,0.11272477,300.78064,347.09433,101363.97,0.006120386,282.01544,3.650089,-1.6302055,3.1312436e-05
2017-01-12 21:00:00,0.09143145,309.7704,316.5137,101380.22,0.005733583,282.68784,3.555556,-2.401879,2.5397623e-05
2017-01-12 22:00:00,0.076147735,309.16727,268.96997,101338.73,0.0055698366,282.74197,3.2128754,-2.371308,2.115215e-05
2017-01-12 23:00:00,0.0,309.48532,189.40723,101347.4,0.0055064694,282.91916,2.8730774,-2.345648,0.0
2017-01-13 00:00:00,0.042631906,289.46674,93.352425,101426.12,0.0057558115,282.1273,2.5394747,-2.3151023,1.1842196e-05
2017-01-13 01:00:00,0.2980544,294.52042,8.472789,101462.66,0.0059606596,282.24252,2.2844994,-2.4580145,8.279289e-05
2017-01-13 02:00:00,0.06779075,296.61606,0.0,101547.23,0.0055442476,282.14716,2.0294437,-2.5993311,1.8830762e-05
2017-01-13 03:00:00,0.0,290.17355,0.0,101605.414,0.005486679,282.13684,1.7691317,-2.7432222,0.0
2017-01-13 04:00:00,0.0,291.43607,0.0,101668.81,0.0056020194,282.11023,1.1506625,-2.7547963,0.0
2017-01-13 05:00:00,0.0,293.10168,0.0,101669.69,0.005918221,282.03104,0.53422624,-2.7683342,0.0
2017-01-13 06:00:00,0.023650642,293.6901,0.0,101710.02,0.0058578574,281.7215,-0.08947343,-2.7781613,6.5696227e-06
2017-01-13 07:00:00,0.0,292.09488,0.0,101742.79,0.0057861605,281.1794,-0.22968869,-2.7902062,0.0
2017-01-13 08:00:00,0.0,296.92917,0.0,101842.85,0.0058540893,282.0098,-0.37675706,-2.7975035,0.0
2017-01-13 09:00:00,0.0,282.89343,0.0,101836.02,0.0057486165,281.76663,-0.51338744,-2.8037841,0.0
2017-01-13 10:00:00,0.0,279.1449,0.0,101925.51,0.005489378,280.51306,-0.7085584,-2.8776824,0.0
2017-01-13 11:00:00,0.0,280.5392,0.0,101968.16,0.0052604177,280.50278,-0.9065485,-2.9478264,0.0
2017-01-13 12:00:00,0.0,256.0441,0.0,101979.29,0.005033465,280.36014,-1.1009008,-3.0236642,0.0
2017-01-13 13:00:00,0.0,260.05508,0.0,102042.09,0.005324021,280.66263,-1.142522,-3.0392296,0.0
2017-01-13 14:00:00,0.0,259.1377,0.0,102056.99,0.0051479307,280.06763,-1.1827979,-3.0628612,0.0
2017-01-13 15:00:00,0.0,259.10876,0.0,102034.62,0.005156616,279.82263,-1.2249061,-3.0845366,0.0
2017-01-13 16:00:00,0.0,254.56047,78.62683,102108.01,0.0054461597,280.17728,-1.476993,-3.1300452,0.0
2017-01-13 17:00:00,0.0,251.74445,208.29468,102202.18,0.00557943,281.08527,-1.7239465,-3.1789913,0.0
2017-01-13 18:00:00,0.0,258.83084,342.11914,102247.54,0.005275483,280.97314,-1.9782262,-3.2216787,0.0
2017-01-13 19:00:00,0.0,256.51443,430.739,102214.69,0.005843653,280.89774,-1.2951676,-3.713897,0.0
2017-01-13 20:00:00,0.0,254.88432,489.29593,102197.48,0.0061874366,281.1964,-0.61382,-4.2027054,0.0
2017-01-13 21:00:00,0.0,269.05087,482.01514,102171.87,0.005885543,283.07214,0.07339149,-4.70056,0.0
2017-01-13 22:00:00,0.0,272.7056,410.2255,102128.695,0.0052921753,284.55008,0.062809356,-3.9517076,0.0
2017-01-13 23:00:00,0.0,275.3467,289.50586,102170.53,0.005113308,285.4392,0.05012351,-3.20555,0.0
2017-01-14 00:00:00,0.0,259.0974,128.02345,102145.945,0.005306572,285.8114,0.037187576,-2.4581482,0.0
2017-01-14 01:00:00,0.0,263.47144,13.4498,102078.164,0.005805095,285.28073,0.16004898,-2.571419,0.0
2017-01-14 02:00:00,0.0,265.09415,0.0,102141.15,0.0053966423,284.7499,0.27703002,-2.6908188,0.0
2017-01-14 03:00:00,0.0,257.05423,0.0,102174.02,0.0053211637,283.82016,0.39316258,-2.8082228,0.0
2017-01-14 04:00:00,0.0,257.1871,0.0,102203.5,0.0058166147,282.83554,0.81927615,-2.9060469,0.0
2017-01-14 05:00:00,0.0,257.4723,0.0,102217.555,0.0060257525,282.13535,1.249314,-3.0001116,0.0
2017-01-14 06:00:00,0.0,254.66362,0.0,102296.35,0.005193716,281.4846,1.6701808,-3.100707,0.0
2017-01-14 07:00:00,0.0,251.23705,0.0,102415.13,0.004971459,280.79623,0.75900126,-2.5918024,0.0
2017-01-14 08:00:00,0.0,248.79729,0.0,102355.53,0.0050805476,280.09946,-0.15398604,-2.0825696,0.0
2017-01-14 09:00:00,0.0,243.67595,0.0,102341.555,0.0049074646,280.03006,-1.0616559,-1.5695353,0.0
2017-01-14 10:00:00,0.0,242.76758,0.0,102362.586,0.004869305,279.53378,-0.826783,-1.902111,0.0
2017-01-14 11:00:00,0.0,242.06218,0.0,102406.02,0.0049133063,279.00845,-0.58740383,-2.2302625,0.0
2017-01-14 12:00:00,0.0,240.43407,0.0,102351.0,0.004636876,278.7019,-0.35018924,-2.5578344,0.0
2017-01-14 13:00:00,0.0,242.62837,0.0,102405.23,0.004608646,278.69595,-0.9870944,-2.5927618,0.0
2017-01-14 14:00:00,0.0,243.9731,0.0,102376.46,0.0047784005,278.24472,-1.6258011,-2.6389046,0.0
2017-01-14 15:00:00,0.0,253.3351,0.0,102351.38,0.0050284374,278.39255,-2.2593262,-2.6793995,0.0
2017-01-14 16:00:00,0.0,247.07796,79.67506,102481.75,0.004551899,279.0678,-2.1381893,-2.3315647,0.0
2017-01-14 17:00:00,0.0,248.46086,210.20587,102384.32,0.005342033,280.63162,-2.0155303,-1.9793258,0.0
2017-01-14 18:00:00,0.0,256.9989,351.6976,102406.805,0.005709149,280.82416,-1.8860508,-1.6364211,0.0
2017-01-14 19:00:00,0.0,257.2637,442.70712,102328.71,0.0068509732,281.16296,-0.8882,-2.2038734,0.0
2017-01-14 20:00:00,0.0,255.98125,503.14713,102187.37,0.0068894215,281.88013,0.11477947,-2.7674286,0.0
2017-01-14 21:00:00,0.0,264.70657,508.83414,102132.37,0.0063211005,283.83072,1.1134535,-3.3342762,0.0
2017-01-14 22:00:00,0.0,268.03036,433.54404,102137.19,0.005479081,285.2183,0.783233,-3.2439919,0.0
2017-01-14 23:00:00,0.0,269.7927,306.89542,102088.12,0.005468426,285.57324,0.46252075,-3.1498775,0.0
2017-01-15 00:00:00,0.0,258.65854,132.11281,102067.85,0.0060015614,285.70093,0.14103009,-3.0535038,0.0
2017-01-15 01:00:00,0.0,260.8425,15.757225,102082.305,0.005972712,284.6482,0.38397264,-3.078934,0.0
2017-01-15 02:00:00,0.0,264.56036,0.0,102045.945,0.005709395,284.1515,0.6299223,-3.1007946,0.0
2017-01-15 03:00:00,0.0,265.18677,0.0,102104.68,0.0066497787,284.0695,0.88308686,-3.1263227,0.0
2017-01-15 04:00:00,0.0,265.22116,0.0,102138.25,0.0065910523,283.76334,0.78826237,-3.1306505,0.0
2017-01-15 05:00:00,0.0,264.96268,0.0,102140.29,0.0066126897,283.33524,0.70303017,-3.1321228,0.0
2017-01-15 06:00:00,0.0,265.08774,0.0,102177.805,0.005766835,282.212,0.61349565,-3.1430337,0.0
2017-01-15 07:00:00,0.0,258.08292,0.0,102104.01,0.005367847,280.56357,0.45131955,-2.9691956,0.0
2017-01-15 08:00:00,0.0,255.9211,0.0,102127.02,0.0049946085,280.17905,0.2834638,-2.794337,0.0
2017-01-15 09:00:00,0.0,255.29015,0.0,102123.29,0.005120628,279.92215,0.12018473,-2.6240814,0.0
2017-01-15 10:00:00,0.0,256.02872,0.0,102125.805,0.0050270855,280.03232,0.1431504,-2.7404797,0.0
2017-01-15 11:00:00,0.0,253.20427,0.0,102132.805,0.004953251,279.2023,0.16363041,-2.8565273,0.0
2017-01-15 12:00:00,0.0,259.14786,0.0,102128.586,0.0047263284,278.9534,0.19392405,-2.9729254,0.0
2017-01-15 13:00:00,0.0,257.65033,0.0,102161.664,0.0046446384,278.21298,-0.035324145,-3.0166767,0.0
2017-01-15 14:00:00,0.0,263.5037,0.0,102127.54,0.005055958,278.9337,-0.25689727,-3.0651677,0.0
2017-01-15 15:00:00,0.0,270.32693,0.0,102059.81,0.0051959325,279.09302,-0.47795072,-3.1102028,0.0
2017-01-15 16:00:00,0.0,265.3933,76.57306,102085.22,0.0053411457,279.52792,-0.4683703,-2.9530785,0.0
2017-01-15 17:00:00,0.0,263.2971,200.76149,102115.875,0.0058428273,280.3634,-0.45729497,-2.790161,0.0
2017-01-15 18:00:00,0.0,266.18405,342.6232,102137.77,0.0060646893,280.2511,-0.4559513,-2.6298802,0.0
2017-01-15 19:00:00,0.0,263.08975,431.3204,102161.125,0.0058106743,280.8144,-0.49520373,-2.9608376,0.0
2017-01-15 20:00:00,0.0,261.30652,490.34787,102018.68,0.006203191,281.236,-0.53589505,-3.2833111,0.0
2017-01-15 21:00:00,0.0,263.19205,507.7316,101975.5,0.0060785585,282.2212,-0.5763616,-3.6152592,0.0
2017-01-15 22:00:00,0.0,264.24307,433.17984,101992.93,0.00611671,282.38406,-0.11538023,-3.5700457,0.0
2017-01-15 23:00:00,0.0,267.77396,307.3375,101900.98,0.006148061,283.20047,0.34740222,-3.5326557,0.0
2017-01-16 00:00:00,0.0,252.86455,133.78316,101923.16,0.005997455,283.48898,0.8095159,-3.4840136,0.0
2017-01-16 01:00:00,0.0,256.2993,17.827074,101924.47,0.00565876,282.90054,0.27066013,-3.4617767,0.0
2017-01-16 02:00:00,0.0,263.8538,0.0,102014.02,0.0057620476,283.01334,-0.27313557,-3.4378622,0.0
2017-01-16 03:00:00,0.0,256.6312,0.0,102021.99,0.005765309,282.6566,-0.80700356,-3.4095812,0.0
2017-01-16 04:00:00,0.0,256.24368,0.0,101977.07,0.005787397,281.95877,-0.8943653,-3.3872254,0.0
2017-01-16 05:00:00,0.0,255.67229,0.0,102094.35,0.005689046,281.30234,-0.9836555,-3.3635967,0.0
2017-01-16 06:00:00,0.0,253.56194,0.0,102183.62,0.004935905,280.608,-1.0708736,-3.3421352,0.0
2017-01-16 07:00:00,0.0,252.17513,0.0,102134.98,0.0049106088,279.90527,-1.504413,-3.071041,0.0
2017-01-16 08:00:00,0.0,251.37694,0.0,102166.54,0.0046383794,279.6014,-1.9431257,-2.796942,0.0
2017-01-16 09:00:00,0.0,249.33209,0.0,102118.99,0.004393306,279.68607,-2.3796484,-2.5209494,0.0
2017-01-16 10:00:00,0.0,247.95781,0.0,102135.6,0.0045623737,278.78952,-2.1525717,-2.1101894,0.0
2017-01-16 11:00:00,0.0,253.89343,0.0,102114.34,0.004870596,279.7438,-1.9202725,-1.6941651,0.0
2017-01-16 12:00:00,0.0,250.72066,0.0,102126.37,0.0049627186,279.91074,-1.6904478,-1.2801079,0.0
2017-01-16 13:00:00,0.0,256.19885,0.0,102162.09,0.005156113,280.79373,-1.795323,-1.7488254,0.0
2017-01-16 14:00:00,0.0,251.58928,0.0,102112.25,0.0049636452,279.32974,-1.8935677,-2.2231767,0.0
2017-01-16 15:00:00,0.0,256.81238,0.0,102139.49,0.0048405714,279.4064,-1.9937907,-2.6956823,0.0
2017-01-16 16:00:00,0.0,247.53432,81.856636,102183.836,0.0046548224,279.21097,-1.5838933,-2.5691774,0.0
2017-01-16 17:00:00,0.0,245.45583,213.38422,102130.99,0.0051493603,280.29617,-1.1758952,-2.442857,0.0
2017-01-16 18:00:00,0.0,263.30417,347.68784,102158.664,0.0053408123,280.3657,-0.7626799,-2.3139222,0.0
2017-01-16 19:00:00,0.0,261.52325,437.5986,102130.914,0.0053468775,281.4013,-0.7014906,-2.2652066,0.0
2017-01-16 20:00:00,0.0,261.44528,497.60837,102129.27,0.00626303,282.15726,-0.6398647,-2.2204473,0.0
2017-01-16 21:00:00,0.0,276.28003,495.7496,102074.96,0.0059313127,283.3831,-0.5777608,-2.1707,0.0
2017-01-16 22:00:00,0.0,276.9652,423.5072,101940.0,0.005109018,284.4308,-0.5712717,-1.977877,0.0
2017-01-16 23:00:00,0.0,279.8695,301.26126,101927.305,0.0054435576,285.04312,-0.5624343,-1.7797529,0.0
2017-01-17 00:00:00,0.0,252.99048,136.2248,101877.055,0.005071722,284.65533,-0.5565483,-1.5852019,0.0
2017-01-17 01:00:00,0.0,259.38367,20.024977,101876.59,0.005129714,284.53223,-0.7081399,-1.7301158,0.0
2017-01-17 02:00:00,0.0,266.7852,0.0,101882.695,0.0054700896,284.37305,-0.8652963,-1.867979,0.0
2017-01-17 03:00:00,0.0,263.5938,0.0,101961.31,0.006006129,283.70908,-1.0200355,-2.0073957,0.0
2017-01-17 04:00:00,0.0,262.78113,0.0,101984.54,0.0057875887,283.0121,-1.6191406,-1.7958475,0.0
2017-01-17 05:00:00,0.0,262.32162,0.0,101989.18,0.0056932117,282.31384,-2.2147577,-1.5819858,0.0
2017-01-17 06:00:00,0.0,263.1969,0.0,102037.055,0.0051904563,281.9786,-2.810566,-1.3689338,0.0
2017-01-17 07:00:00,0.0,262.56485,0.0,102022.77,0.0053454195,281.8289,-2.256914,-1.1413559,0.0
2017-01-17 08:00:00,0.0,256.10672,0.0,102049.305,0.0050338493,280.53836,-1.7109848,-0.91211754,0.0
2017-01-17 09:00:00,0.0,251.56322,0.0,102040.77,0.004896837,279.6471,-1.1603545,-0.6753619,0.0
2017-01-17 10:00:00,0.0,253.26392,0.0,102022.16,0.0048882943,279.36942,-1.6224197,-0.5589126,0.0
2017-01-17 11:00:00,0.0,255.26025,0.0,102060.97,0.004689025,279.35068,-2.088564,-0.43856373,0.0
2017-01-17 12:00:00,0.0,248.44562,0.0,102001.055,0.0045493874,278.42722,-2.5544431,-0.32282877,0.0
2017-01-17 13:00:00,0.0,251.65709,0.0,101957.56,0.0045306585,279.14145,-2.3902056,-0.20298265,0.0
2017-01-17 14:00:00,0.0,251.0719,0.0,102008.29,0.004465489,278.87515,-2.2308185,-0.08348461,0.0
2017-01-17 15:00:00,0.0,258.42688,0.0,101980.81,0.004860095,278.46957,-2.065551,0.028820558,0.0
2017-01-17 16:00:00,0.0,252.1164,81.16798,101956.695,0.0049036047,278.79736,-2.0938709,0.42405662,0.0
2017-01-17 17:00:00,0.0,247.48816,210.33826,102031.945,0.005012023,279.45984,-2.119031,0.8204244,0.0
2017-01-17 18:00:00,0.0,265.2972,349.69873,101971.23,0.0055451277,280.66086,-2.1522186,1.2112151,0.0
2017-01-17 19:00:00,0.0,263.17722,440.05008,102093.125,0.005696935,281.3999,-0.7319626,0.88764167,0.0
2017-01-17 20:00:00,0.0,258.4951,500.527,102080.4,0.0060435683,281.3074,0.68692064,0.56057245,0.0
2017-01-17 21:00:00,0.0,263.90012,502.21054,101923.625,0.005987991,282.09717,2.106932,0.2412442,0.0
2017-01-17 22:00:00,0.0,265.6309,429.53854,101945.74,0.0056554484,283.00366,1.1050229,0.7360684,0.0
2017-01-17 23:00:00,0.0,266.8256,306.3053,101873.164,0.0058061476,283.4025,0.10346195,1.2415832,0.0
2017-01-18 00:00:00,0.0,250.68816,145.0176,101956.555,0.00619398,283.6507,-0.9048876,1.7412857,0.0
2017-01-18 01:00:00,0.0,255.48259,23.27671,101920.01,0.0059295553,283.42618,-0.47958565,1.9930207,0.0
2017-01-18 02:00:00,0.0,264.139,0.0,101997.586,0.0061951918,283.75546,-0.060000002,2.2439585,0.0
2017-01-18 03:00:00,0.0,275.6304,0.0,101950.28,0.006348759,283.62808,0.3623761,2.4944046,0.0
2017-01-18 04:00:00,0.0,277.03354,0.0,101980.914,0.006233229,283.5811,0.22117472,2.3225617,0.0
2017-01-18 05:00:00,0.0,276.06015,0.0,102009.66,0.006384851,282.76477,0.07620636,2.1561878,0.0
2017-01-18 06:00:00,0.0,340.9366,0.0,101959.81,0.0059413654,282.5979,-0.06658626,1.9881945,0.0
2017-01-18 07:00:00,0.0,338.3577,0.0,101947.414,0.0058988356,282.56058,-0.32153502,2.2990491,0.0
2017-01-18 08:00:00,0.0,334.94644,0.0,101907.56,0.0058451467,282.38043,-0.57804155,2.6130512,0.0
2017-01-18 09:00:00,0.0,359.00497,0.0,101893.49,0.0058377236,282.59683,-0.8324609,2.9293697,0.0
2017-01-18 10:00:00,0.0,357.34116,0.0,101961.98,0.006016473,282.4469,-1.186527,3.4916153,0.0
2017-01-18 11:00:00,0.0,358.3108,0.0,101896.65,0.0059675365,282.9736,-1.5378765,4.0528674,0.0
2017-01-18 12:00:00,0.0,345.306,0.0,101929.555,0.005719245,282.49557,-1.8924832,4.6126475,0.0
2017-01-18 13:00:00,0.17625345,346.3602,0.0,101765.69,0.005925663,282.13535,-2.37852,4.4392486,4.8959293e-05
2017-01-18 14:00:00,0.14879875,350.1621,0.0,101812.27,0.0057864115,282.55667,-2.8688812,4.2562346,4.1332987e-05
2017-01-18 15:00:00,0.09786853,368.19962,0.0,101666.62,0.00632674,283.37985,-3.3528683,4.0742803,2.7185704e-05
2017-01-18 16:00:00,0.2961754,367.11975,22.25,101636.65,0.006358467,284.04385,-3.6698081,5.3200426,8.227094e-05
2017-01-18 17:00:00,1.3299263,365.12793,57.2329,101651.086,0.006527595,284.43268,-3.9920971,6.5626965,0.00036942397
2017-01-18 18:00:00,1.3041834,366.21506,89.85803,101680.65,0.006581651,284.25803,-4.313412,7.809565,0.00036227316
2017-01-18 19:00:00,0.3074875,363.4996,113.01388,101671.836,0.006885838,283.91257,-3.8682916,9.363005,8.5413194e-05
2017-01-18 20:00:00,0.71169776,365.48657,128.61253,101419.81,0.007022306,284.58063,-3.4217188,10.925686,0.00019769382
2017-01-18 21:00:00,1.0448333,364.49918,133.48997,101358.25,0.006892981,284.28952,-2.9824617,12.480632,0.00029023146
2017-01-18 22:00:00,1.4448059,364.4192,114.28628,101067.02,0.007108081,284.4867,-1.9356292,12.471909,0.00040133495
2017-01-18 23:00:00,1.7765728,360.2987,81.68456,101028.6,0.007122276,284.0391,-0.8958605,12.473942,0.00049349247
2017-01-19 00:00:00,0.9212358,360.55606,48.612885,100921.81,0.0071215034,284.5758,0.15622689,12.4732485,0.00025589883
2017-01-19 01:00:00,0.07638947,361.31546,8.450746,100741.336,0.0076167122,284.3835,1.7698308,11.802234,2.1219297e-05
2017-01-19 02:00:00,0.21158522,361.2555,0.0,100736.63,0.007591232,284.32693,3.3868597,11.133199,5.8773672e-05
2017-01-19 03:00:00,3.0245721,336.23227,0.0,100697.81,0.0075781457,284.11597,5.0082955,10.462439,0.0008401589
2017-01-19 04:00:00,2.6187732,344.10464,0.0,100888.46,0.0075299633,284.64053,4.532767,9.120873,0.00072743703
2017-01-19 05:00:00,1.9836371,353.29993,0.0,100888.27,0.007714925,285.24417,4.0629654,7.7864566,0.0005510103
2017-01-19 06:00:00,0.7429321,326.06113,0.0,101030.73,0.0071009044,284.88278,3.5846927,6.445484,0.00020637002
2017-01-19 07:00:00,0.28291714,326.62808,0.0,101007.15,0.007221751,285.15018,3.5897992,5.529282,7.858809e-05
2017-01-19 08:00:00,0.06796591,324.24057,0.0,101031.99,0.0073068324,284.81204,3.5928872,4.6148725,1.887942e-05
2017-01-19 09:00:00,0.11581689,327.67368,0.0,101005.96,0.006903144,284.81995,3.5935485,3.7023914,3.217136e-05
2017-01-19 10:00:00,0.21425056,329.541,0.0,101005.85,0.007085778,284.83292,3.2067616,3.3913329,5.9514045e-05
2017-01-19 11:00:00,0.25759757,330.3479,0.0,101098.99,0.0069068,284.85757,2.827009,3.0865765,7.155488e-05
2017-01-19 12:00:00,0.12576199,327.0973,0.0,101058.98,0.006955907,285.36786,2.442169,2.773873,3.4933884e-05
2017-01-19 13:00:00,0.23801978,323.7225,0.0,101032.97,0.007223103,284.5632,2.9015715,2.8071482,6.6116605e-05
2017-01-19 14:00:00,0.69909185,317.89603,0.0,101083.47,0.007015279,283.51065,3.3553257,2.8290093,0.00019419218
2017-01-19 15:00:00,0.44886228,320.57993,0.0,101221.47,0.0068847598,283.40915,3.8121126,2.8592002,0.00012468397
2017-01-19 16:00:00,0.21983986,321.30283,51.254932,101177.71,0.007189469,284.00012,4.2891884,2.9321048,6.1066625e-05
2017-01-19 17:00:00,0.85339504,321.03036,131.10555,101209.28,0.0077229724,284.25168,4.7702093,3.0048485,0.00023705418
2017-01-19 18:00:00,0.55223536,323.268,236.30034,101254.72,0.0071793087,283.33716,5.249647,3.0790625,0.00015339871
2017-01-19 19:00:00,0.3041733,330.44907,297.16098,101287.34,0.007268207,284.95868,4.663587,2.7927716,8.449258e-05
2017-01-19 20:00:00,0.27588943,331.32434,338.30945,101100.44,0.0075865374,285.13208,4.076576,2.5070126,7.663595e-05
2017-01-19 21:00:00,0.23271136,341.20975,282.96558,101061.0,0.007811205,285.4548,3.4928923,2.227251,6.4642045e-05
2017-01-19 22:00:00,0.19616507,347.6992,242.58391,101031.586,0.007814734,286.24704,3.7422063,2.219325,5.4490298e-05
2017-01-19 23:00:00,0.14534463,344.73996,173.8914,101005.875,0.0065826126,285.91556,3.98581,2.2138755,4.0373507e-05
2017-01-20 00:00:00,0.125,303.46512,129.93634,101053.79,0.0064666024,285.70798,4.2374544,2.2114403,3.4722223e-05
2017-01-20 01:00:00,0.03125,307.08328,24.25647,100992.0,0.0067121456,285.558,3.3897305,2.4852297,8.680556e-06
2017-01-20 02:00:00,0.10542048,308.28857,0.0,101003.836,0.0065450408,285.12753,2.5487807,2.7610018,2.9283467e-05
2017-01-20 03:00:00,0.072672315,335.0013,0.0,100925.27,0.0064181616,284.77118,1.7046167,3.0319135,2.0186753e-05
2017-01-20 04:00:00,0.023437498,335.0914,0.0,100857.375,0.0066346116,284.49106,1.3700076,4.1784163,6.5104164e-06
2017-01-20 05:00:00,0.20034802,335.31653,0.0,100773.414,0.006609442,284.3988,1.0297765,5.3228326,5.565223e-05
2017-01-20 06:00:00,0.5462014,362.59836,0.0,100804.914,0.0066059506,284.19345,0.69472766,6.4674053,0.00015172262
2017-01-20 07:00:00,0.5549539,360.09158,0.0,100705.1,0.0068788403,283.7604,0.06837239,7.1207337,0.00015415385
2017-01-20 08:00:00,0.20704368,357.62268,0.0,100491.805,0.0068045394,283.54935,-0.55860204,7.7752876,5.7512134e-05
2017-01-20 09:00:00,0.8207054,356.5516,0.0,100305.26,0.006519521,282.8203,-1.1867963,8.421607,0.00022797372
2017-01-20 10:00:00,1.577103,355.40747,0.0,100142.37,0.00665495,283.27063,-0.83834696,9.352721,0.00043808416
2017-01-20 11:00:00,2.4761074,352.19803,0.0,99814.49,0.0067339507,283.34842,-0.4938054,10.281306,0.0006878076
2017-01-20 12:00:00,4.6815057,344.64548,0.0,99586.875,0.006636984,283.08932,-0.13946158,11.206707,0.0013004183
2017-01-20 13:00:00,9.129953,339.67444,0.0,99617.28,0.0063489084,281.59225,1.3506027,10.234117,0.0025360982
2017-01-20 14:00:00,4.301044,348.2754,0.0,99470.914,0.0068438216,282.23007,2.8323162,9.26831,0.0011947345
2017-01-20 15:00:00,0.09514862,346.14075,0.0,99495.07,0.007190831,282.7788,4.3152623,8.295054,2.6430173e-05
2017-01-20 16:00:00,0.17415805,343.41638,43.306858,99548.22,0.0070973323,282.9762,4.4919147,6.5263724,4.8377235e-05
2017-01-20 17:00:00,0.12025748,344.954,109.94265,99407.414,0.00724488,283.88034,4.67416,4.763497,3.3404856e-05
2017-01-20 18:00:00,0.3271228,329.08325,228.15962,99506.06,0.0068468377,283.20068,4.8504596,2.995865,9.086745e-05
2017-01-20 19:00:00,0.36855426,334.81424,286.91714,99488.73,0.006763391,284.76065,5.8973694,3.355531,0.00010237619
2017-01-20 20:00:00,0.82039154,332.67337,326.50027,99382.77,0.007191343,284.37125,6.948486,3.7133293,0.00022788654
2017-01-20 21:00:00,0.61847,326.96317,310.0203,99356.21,0.0067226365,284.52844,8.002791,4.0738564,0.00017179723
2017-01-20 22:00:00,0.390625,319.6441,265.99576,99414.06,0.006402202,282.84753,7.545077,4.525501,0.000108506945
2017-01-20 23:00:00,0.39855182,327.3164,191.10493,99409.77,0.006810428,283.84933,7.0923963,4.981947,0.00011070884
2017-01-21 00:00:00,0.27110043,317.29935,104.58099,99486.914,0.006290088,283.50967,6.6407,5.4276443,7.5305674e-05
2017-01-21 01:00:00,0.23195209,316.9324,20.833374,99525.695,0.0062370603,282.98593,7.2105746,4.784613,6.443114e-05
2017-01-21 02:00:00,0.4249275,317.9616,0.0,99636.1,0.0061800648,282.75616,7.7823715,4.1352887,0.000118035416
2017-01-21 03:00:00,0.6662534,330.22745,0.0,99672.79,0.006231723,282.8558,8.353324,3.482126,0.00018507038
2017-01-21 04:00:00,0.5743286,329.17578,0.0,99706.44,0.0061912783,282.5516,7.736923,3.0490544,0.00015953572
2017-01-21 05:00:00,0.45452195,330.418,0.0,99832.43,0.006330142,282.6026,7.1156163,2.6090229,0.0001262561
2017-01-21 06:00:00,0.38544634,332.60843,0.0,99970.85,0.006073113,283.15604,6.4983535,2.1713836,0.00010706843
2017-01-21 07:00:00,0.28825703,334.5155,0.0,99980.18,0.0062815305,283.3234,6.5025444,2.2858465,8.00714e-05
2017-01-21 08:00:00,0.42932504,333.47562,0.0,100049.79,0.005998038,283.25497,6.504915,2.3963642,0.000119256954
2017-01-21 09:00:00,0.41872293,336.3585,0.0,100125.04,0.006188354,283.31677,6.508629,2.5060322,0.00011631192
2017-01-21 10:00:00,0.4038271,335.7747,0.0,100188.0,0.006356571,283.1758,6.1142373,2.6216314,0.000112174195
2017-01-21 11:00:00,0.5394292,335.5914,0.0,100327.01,0.0065466724,283.10995,5.7180343,2.7395728,0.00014984143
2017-01-21 12:00:00,0.5138591,342.64438,0.0,100323.79,0.006235225,283.1628,5.3249354,2.8602169,0.00014273863
2017-01-21 13:00:00,0.098433666,340.0631,0.0,100433.805,0.0063178088,282.68106,5.2577496,2.5024576,2.7342685e-05
2017-01-21 14:00:00,0.07768201,340.43356,0.0,100556.43,0.0063097985,282.85416,5.1835055,2.1496096,2.1578337e-05
2017-01-21 15:00:00,0.03125,336.68472,0.0,100610.26,0.0067410623,283.47247,5.1151614,1.7926909,8.680556e-06
2017-01-21 16:00:00,0.022894843,333.4398,59.20116,100815.53,0.006455721,283.53827,5.270849,2.18879,6.3596785e-06
2017-01-21 17:00:00,0.015625,332.19928,148.882,100878.19,0.0065258257,283.7898,5.4236226,2.5848737,4.340278e-06
2017-01-21 18:00:00,0.0078125,332.46793,230.4969,100986.164,0.006939108,284.78214,5.581965,2.9766657,2.170139e-06
2017-01-21 19:00:00,0.0078125,331.75418,289.77826,101055.47,0.0065325107,285.26352,4.3960967,4.032242,2.170139e-06
2017-01-21 20:00:00,0.0,333.18985,329.78036,101047.79,0.006395792,286.01663,3.2185946,5.0802445,0.0
2017-01-21 21:00:00,0.015625,343.85583,336.3598,101043.37,0.0063965544,285.99112,2.0312655,6.1311603,4.340278e-06
2017-01-21 22:00:00,0.008355157,346.65677,289.07483,101050.52,0.0063159266,286.4332,1.6414152,6.1945863,2.320877e-06
2017-01-21 23:00:00,0.0046836603,345.5669,208.1345,101127.63,0.006152241,286.14157,1.2517474,6.265203,1.3010167e-06
2017-01-22 00:00:00,0.015625,334.63513,136.47998,101194.54,0.00596448,285.66675,0.8590023,6.3296256,4.340278e-06
2017-01-22 01:00:00,0.046874996,337.9153,28.928186,101152.66,0.006481981,285.14685,-0.96327835,6.136801,1.3020833e-05
2017-01-22 02:00:00,0.21492487,339.06577,0.0,101124.03,0.0065380116,284.54126,-2.7812388,5.9422774,5.9701353e-05
2017-01-22 03:00:00,0.6559134,351.71313,0.0,101158.28,0.006418862,283.52487,-4.601988,5.746193,0.00018219817
2017-01-22 04:00:00,0.68595695,350.59875,0.0,101105.13,0.0066657066,283.3445,-4.9601345,6.7209873,0.0001905436
2017-01-22 05:00:00,0.39530864,348.68628,0.0,101044.414,0.006690325,283.15994,-5.3189173,7.70213,0.00010980796
2017-01-22 06:00:00,0.10390432,346.5616,0.0,100992.73,0.0065340786,283.20752,-5.6703315,8.679811,2.8862312e-05
2017-01-22 07:00:00,0.30762568,346.8325,0.0,100873.28,0.0063771964,283.76917,-4.309311,9.3041,8.545158e-05
2017-01-22 08:00:00,0.77466387,345.54337,0.0,100754.25,0.006526666,283.8298,-2.948294,9.921535,0.00021518441
2017-01-22 09:00:00,0.71610767,346.50595,0.0,100643.664,0.0065633394,283.23376,-1.5833591,10.541797,0.0001989188
2017-01-22 10:00:00,0.389649,349.324,0.0,100631.77,0.006636904,282.7123,-0.77476025,10.509304,0.000108235836
2017-01-22 11:00:00,0.38840878,353.55643,0.0,100501.24,0.0067450707,282.4198,0.031490427,10.472614,0.00010789133
2017-01-22 12:00:00,0.6511198,349.4294,0.0,100426.164,0.0067389454,281.8499,0.8377803,10.442901,0.00018086661
2017-01-22 13:00:00,3.3148398,349.49258,0.0,100580.375,0.0066540013,281.68277,1.8988657,9.301941,0.00092078885
2017-01-22 14:00:00,2.4485054,365.36002,0.0,100636.75,0.0073997607,283.99258,2.9460566,8.155072,0.0006801404
2017-01-22 15:00:00,0.7434787,358.42825,0.0,100661.41,0.007787034,283.8042,4.0086303,7.0168595,0.00020652187
2017-01-22 16:00:00,0.19809255,352.77603,35.543736,100713.66,0.0075978492,283.63046,3.3794715,6.911644,5.502571e-05
2017-01-22 17:00:00,0.0625,351.45303,88.62949,100822.664,0.007607737,284.1741,2.7485008,6.813005,1.7361112e-05
2017-01-22 18:00:00,0.015625,336.40494,201.70026,100821.9,0.007365823,284.2447,2.1149719,6.7172756,4.340278e-06
2017-01-22 19:00:00,0.0,336.7211,253.50542,100722.21,0.0077853366,284.74442,2.3207033,6.910799,0.0
2017-01-22 20:00:00,0.0,335.38535,288.54187,100592.69,0.007933409,285.0616,2.5318072,7.1079135,0.0
2017-01-22 21:00:00,0.03942707,336.8121,235.86981,100617.49,0.0072735497,285.81998,2.736982,7.306021,1.0951964e-05
2017-01-22 22:00:00,0.04174835,334.54852,202.96936,100419.5,0.0071540936,285.0763,1.9854198,7.6214843,1.1596763e-05
2017-01-22 23:00:00,1.0104423,331.18628,146.58385,100395.77,0.0070605823,284.08994,1.241861,7.9338937,0.0002806784
2017-01-23 00:00:00,0.23042049,336.77353,60.92099,100449.93,0.0068051084,283.19476,0.49257818,8.246075,6.400569e-05
2017-01-23 01:00:00,1.2329913,332.69785,13.670909,100519.96,0.006503398,282.28384,0.9193824,8.085931,0.0003424976
2017-01-23 02:00:00,2.811123,336.6344,0.0,100539.46,0.0065677497,282.75894,1.3515545,7.920839,0.00078086747
2017-01-23 03:00:00,0.86455363,318.82486,0.0,100588.71,0.005953718,282.4031,1.775186,7.757223,0.0002401538
2017-01-23 04:00:00,0.47117293,321.15567,0.0,100554.79,0.0061900727,282.46048,2.6715136,6.6350217,0.00013088137
2017-01-23 05:00:00,0.33326182,323.35556,0.0,100545.46,0.005951066,282.83102,3.5528593,5.5097485,9.257273e-05
2017-01-23 06:00:00,0.27656636,315.25952,0.0,100608.336,0.0057084407,281.9082,4.440666,4.3859572,7.6823984e-05
2017-01-23 07:00:00,0.31415558,320.63232,0.0,100584.98,0.0061672907,282.4999,4.7582154,4.180857,8.726544e-05
2017-01-23 08:00:00,0.38865042,318.73074,0.0,100648.96,0.006172884,281.86612,5.0775323,3.9799864,0.00010795845
2017-01-23 09:00:00,0.4027465,312.487,0.0,100745.336,0.0059436653,281.43277,5.3901653,3.774677,0.000111874026
2017-01-23 10:00:00,0.281312,312.7902,0.0,100757.375,0.006083231,281.21823,4.6401086,2.9584465,7.814222e-05
2017-01-23 11:00:00,0.2826972,314.03793,0.0,100704.195,0.005860347,281.49533,3.8949354,2.1448581,7.8527e-05
2017-01-23 12:00:00,0.20512271,295.19022,0.0,100806.06,0.0056443266,281.23666,3.1507823,1.3264357,5.697853e-05
2017-01-23 13:00:00,0.5081631,299.10995,0.0,100920.664,0.005906056,281.32144,2.6331518,1.341767,0.00014115642
2017-01-23 14:00:00,0.60158455,300.17087,0.0,100911.875,0.005718246,281.08682,2.1210244,1.3587469,0.00016710682
2017-01-23 15:00:00,0.75784314,313.40524,0.0,100916.96,0.00596256,281.11044,1.6080295,1.372595,0.00021051198
2017-01-23 16:00:00,0.8838115,306.58456,60.32255,100996.35,0.0059996736,280.8556,2.22962,1.7070727,0.00024550318
2017-01-23 17:00:00,0.5710477,302.50668,149.10713,101024.35,0.0062463097,281.0388,2.8582256,2.0306222,0.00015862436
2017-01-23 18:00:00,0.4271421,296.0663,269.89905,101149.87,0.006223885,281.4703,3.4811957,2.3575022,0.00011865058
2017-01-23 19:00:00,0.312511,298.19308,338.82266,101218.57,0.006348191,282.06253,3.977541,2.35886,8.680861e-05
2017-01-23 20:00:00,0.041312225,297.7717,385.84375,101181.74,0.0062861466,282.20395,4.4686713,2.349698,1.1475618e-05
2017-01-23 21:00:00,0.28567046,304.03204,420.08994,101043.72,0.0061122593,283.32523,4.9573455,2.3532236,7.93529e-05
2017-01-23 22:00:00,0.22887601,303.87482,361.81754,101023.71,0.0057823807,283.3127,4.7844787,2.5141776,6.357667e-05
2017-01-23 23:00:00,0.19650832,306.07233,261.73044,101030.4,0.0057401047,283.61905,4.599919,2.6779373,5.4585646e-05
2017-01-24 00:00:00,0.15253031,294.15323,156.58043,101104.59,0.00563007,283.94785,4.4202886,2.8388898,4.236953e-05
2017-01-24 01:00:00,0.20701812,296.00833,36.971172,101109.24,0.0059604165,283.57315,4.1303177,2.6887386,5.7505033e-05
2017-01-24 02:00:00,0.05019974,293.54062,0.0,101120.74,0.005085148,283.17273,3.8376482,2.5338495,1.3944372e-05
2017-01-24 03:00:00,0.07923735,313.3845,0.0,101186.73,0.0056902897,282.38293,3.5525625,2.3844268,2.2010376e-05
2017-01-24 04:00:00,0.08206168,311.70316,0.0,101180.66,0.0056321677,281.90732,3.0459604,2.4852297,2.2794911e-05
2017-01-24 05:00:00,0.12149144,309.8331,0.0,101210.84,0.005782899,281.22818,2.5389268,2.5863488,3.3747623e-05
2017-01-24 06:00:00,0.11842845,305.02798,0.0,101372.31,0.00562665,281.08923,2.0217197,2.6951401,3.289679e-05
2017-01-24 07:00:00,0.015179069,306.39188,0.0,101316.82,0.005659472,281.2018,1.6107668,2.8587687,4.216408e-06
2017-01-24 08:00:00,0.0,305.75638,0.0,101333.28,0.0057639326,280.81516,1.1896453,3.0202897,0.0
2017-01-24 09:00:00,0.0,297.86353,0.0,101326.26,0.0055635027,280.30984,0.77284116,3.183603,0.0
2017-01-24 10:00:00,0.0,298.3726,0.0,101372.664,0.0054582763,280.23288,0.29532155,2.9835622,0.0
2017-01-24 11:00:00,0.0,298.68274,0.0,101357.836,0.0054038777,280.06693,-0.17765634,2.7777956,0.0
2017-01-24 12:00:00,0.0,322.36807,0.0,101426.12,0.005183979,279.9281,-0.6561659,2.581789,0.0
2017-01-24 13:00:00,0.0,319.4575,0.0,101537.6,0.0050907135,279.54617,-1.121226,1.9738275,0.0
2017-01-24 14:00:00,0.0,317.05154,0.0,101541.97,0.004893418,279.355,-1.5917965,1.3666639,0.0
2017-01-24 15:00:00,0.0,289.86447,0.0,101553.56,0.0050637755,279.51245,-2.0451596,0.76063466,0.0
2017-01-24 16:00:00,0.0,289.01706,60.20369,101668.27,0.005283524,279.99466,-2.3540847,-0.26831135,0.0
2017-01-24 17:00:00,0.0,284.93176,147.4325,101757.43,0.0051586586,280.0355,-2.6572545,-1.3040895,0.0
2017-01-24 18:00:00,0.0,276.76428,295.1959,101877.65,0.005196899,280.077,-2.9608653,-2.3374746,0.0
2017-01-24 19:00:00,0.0,278.2112,370.5608,101870.28,0.0053803995,281.13,-2.716985,-2.2964914,0.0
2017-01-24 20:00:00,0.0,281.21194,421.8671,101856.03,0.0057144444,282.44022,-2.4833658,-2.2599144,0.0
2017-01-24 21:00:00,0.0,262.7601,545.0566,101821.52,0.0056167715,283.41678,-2.2513921,-2.2184556,0.0
2017-01-24 22:00:00,0.0,263.48996,469.95926,101810.25,0.005233633,284.02936,-1.7810544,-2.7811852,0.0
2017-01-24 23:00:00,0.0,266.0565,340.85196,101811.586,0.0055892537,284.50815,-1.3160499,-3.3389256,0.0
2017-01-25 00:00:00,0.0,249.79413,168.1982,101847.875,0.0056027784,284.00623,-0.85628253,-3.8891811,0.0
2017-01-25 01:00:00,0.0,255.5916,41.676716,102001.15,0.005618755,283.97705,-0.42345646,-3.7611237,0.0
2017-01-25 02:00:00,0.0,260.41473,0.0,102083.21,0.0056412374,283.63345,-0.00199027,-3.6238174,0.0
2017-01-25 03:00:00,0.0,255.56953,0.0,102189.24,0.0053166524,283.2302,0.4269302,-3.48931,0.0
2017-01-25 04:00:00,0.0,256.64944,0.0,102192.9,0.005813612,282.92416,0.23389441,-3.3151214,0.0
2017-01-25 05:00:00,0.0,252.39752,0.0,102195.88,0.0056011863,281.7606,0.043227255,-3.1367514,0.0
2017-01-25 06:00:00,0.0,245.53514,0.0,102288.71,0.00510726,280.73996,-0.14405741,-2.9606974,0.0
2017-01-25 07:00:00,0.0,245.1534,0.0,102351.38,0.005166394,280.24167,0.19564717,-2.61152,0.0
2017-01-25 08:00:00,0.0,243.44049,0.0,102425.086,0.0048692455,279.69324,0.5312045,-2.2594764,0.0
2017-01-25 09:00:00,0.0,241.07265,0.0,102420.15,0.0048171724,279.26584,0.86628,-1.9133037,0.0
2017-01-25 10:00:00,0.0,239.66057,0.0,102558.73,0.004734427,278.7935,0.7089675,-1.6698605,0.0
2017-01-25 11:00:00,0.0,239.95613,0.0,102524.6,0.0049305903,278.5408,0.5474476,-1.4267031,0.0
2017-01-25 12:00:00,0.0,241.34178,0.0,102562.49,0.0045894887,278.53702,0.39196038,-1.1736045,0.0
2017-01-25 13:00:00,0.0,240.97221,0.0,102606.74,0.0046832482,278.35287,0.09734618,-0.70612174,0.0
2017-01-25 14:00:00,0.0,238.9825,0.0,102617.695,0.004465164,278.03528,-0.18985398,-0.24149841,0.0
2017-01-25 15:00:00,0.0,250.98012,0.0,102650.01,0.005029027,278.667,-0.48138312,0.21830119,0.0
2017-01-25 16:00:00,0.0,245.38902,86.57494,102648.23,0.0049316823,278.69113,-0.6210645,0.29234827,0.0
2017-01-25 17:00:00,0.0,245.04144,209.94673,102704.1,0.0052136243,279.7696,-0.7663686,0.3645494,0.0
2017-01-25 18:00:00,0.0,289.23148,227.8192,102778.586,0.0054508955,280.9446,-0.9024913,0.43807933,0.0
2017-01-25 19:00:00,0.0,291.9702,285.7135,102748.35,0.006160212,281.55078,-0.15035425,0.2699894,0.0
2017-01-25 20:00:00,0.0,296.06726,325.3984,102649.32,0.0062835906,282.9388,0.6069012,0.11019394,0.0
2017-01-25 21:00:00,0.0,316.67188,302.9834,102639.73,0.0064288764,283.75345,1.3572518,-0.056405786,0.0
2017-01-25 22:00:00,0.0,316.8811,261.5271,102617.13,0.006160705,284.0463,1.0826892,-0.4212221,0.0
2017-01-25 23:00:00,0.0,319.2703,189.98303,102610.12,0.006293952,284.5353,0.80541754,-0.7929713,0.0
2017-01-26 00:00:00,0.0,266.07834,155.7614,102709.4,0.0057575447,284.92245,0.5271866,-1.155779,0.0
2017-01-26 01:00:00,0.0,271.0195,40.371395,102680.26,0.0059954897,284.8334,0.31552753,-0.83938056,0.0
2017-01-26 02:00:00,0.0,270.65555,0.0,102696.35,0.0058458964,283.69247,0.09524706,-0.5261951,0.0
2017-01-26 03:00:00,0.0,256.2467,0.0,102770.75,0.005930105,283.71887,-0.12405994,-0.21045585,0.0
2017-01-26 04:00:00,0.0,255.98778,0.0,102785.71,0.0056625283,283.4147,-0.18676384,0.0384068,0.0
2017-01-26 05:00:00,0.0,254.35149,0.0,102813.305,0.0058772736,282.3446,-0.25392726,0.28776047,0.0
2017-01-26 06:00:00,0.0,260.19568,0.0,102890.77,0.005391313,281.59354,-0.31957695,0.5294482,0.0
2017-01-26 07:00:00,0.0,258.92883,0.0,102942.79,0.005236514,281.1599,-0.3560072,0.8684802,0.0
2017-01-26 08:00:00,0.0,254.14587,0.0,102979.336,0.00495277,279.91553,-0.38522586,1.2000197,0.0
2017-01-26 09:00:00,0.0,272.49924,0.0,102939.26,0.0050446554,279.3041,-0.41492942,1.5349045,0.0
2017-01-26 10:00:00,0.0,270.95764,0.0,102946.47,0.0049893446,279.0065,0.013871641,1.4556423,0.0
2017-01-26 11:00:00,0.0,272.41428,0.0,103002.46,0.0049882066,279.39282,0.43887672,1.3787932,0.0
2017-01-26 12:00:00,0.0,284.0173,0.0,102984.805,0.0052911504,279.38406,0.8682966,1.3045291,0.0
2017-01-26 13:00:00,0.0,285.00287,0.0,103057.15,0.0051790443,279.49942,0.24500811,0.39075565,0.0
2017-01-26 14:00:00,0.0,286.8668,0.0,103019.94,0.005278081,279.6325,-0.38569808,-0.5220142,0.0
2017-01-26 15:00:00,0.0,280.4136,0.0,102978.48,0.0054994063,280.00516,-1.0138688,-1.4267143,0.0
2017-01-26 16:00:00,0.0,274.13037,90.20829,102994.625,0.0057316907,280.07648,-1.0309225,-1.503369,0.0
2017-01-26 17:00:00,0.0,272.1357,216.70076,103136.5,0.0058119283,281.27817,-1.0397987,-1.5804838,0.0
2017-01-26 18:00:00,0.0,268.6857,371.00668,103117.73,0.0059643076,281.5029,-1.0639874,-1.645703,0.0
2017-01-26 19:00:00,0.0,268.54178,465.15292,103080.34,0.006335694,282.02707,-1.1741095,-1.8337322,0.0
2017-01-26 20:00:00,0.0,267.46426,529.60504,102963.055,0.0059861448,282.82852,-1.2847719,-2.0137184,0.0
2017-01-26 21:00:00,0.0,269.34286,549.5677,102949.82,0.006283725,284.10355,-1.4022075,-2.1993196,0.0
2017-01-26 22:00:00,0.0,272.63358,474.9047,102874.29,0.0058454573,285.18362,-0.9826796,-2.632376,0.0
2017-01-26 23:00:00,0.0,273.34607,346.01913,102946.02,0.00576763,285.34778,-0.565641,-3.0684273,0.0
2017-01-27 00:00:00,0.0,258.53052,174.20161,102958.73,0.005924839,285.42947,-0.14904772,-3.4998395,0.0
2017-01-27 01:00:00,0.0,264.4471,47.076916,102928.68,0.0060163736,285.26617,-0.46286216,-3.5779965,0.0
2017-01-27 02:00:00,0.0,265.74673,0.0,102973.5,0.005771077,284.1486,-0.7795684,-3.649326,0.0
2017-01-27 03:00:00,0.0,265.1222,0.0,103042.81,0.005963851,284.11655,-1.0942756,-3.723251,0.0
2017-01-27 04:00:00,0.0,263.88516,0.0,103017.125,0.0056278445,283.5262,-1.0673522,-3.575573,0.0
2017-01-27 05:00:00,0.0,263.01572,0.0,103035.445,0.0056835194,282.70493,-1.0374385,-3.4284732,0.0
2017-01-27 06:00:00,0.0,256.6801,0.0,103161.0,0.0052943393,281.83008,-1.0058838,-3.2838137,0.0
2017-01-27 07:00:00,0.0,252.91931,0.0,103223.47,0.0047799493,280.90842,-0.5658723,-3.3365498,0.0
2017-01-27 08:00:00,0.0,251.01265,0.0,103237.51,0.0046154032,280.16406,-0.12832646,-3.3924592,0.0
2017-01-27 09:00:00,0.0,245.47472,0.0,103284.27,0.004911427,279.7488,0.31114486,-3.4399426,0.0
2017-01-27 10:00:00,0.0,244.30428,0.0,103206.51,0.004827225,279.12036,-0.24749012,-3.427661,0.0
2017-01-27 11:00:00,0.0,242.76666,0.0,103257.836,0.0046533584,278.4734,-0.8040278,-3.4122868,0.0
2017-01-27 12:00:00,0.0,234.9123,0.0,103273.04,0.0047125774,278.5781,-1.3636361,-3.3965662,0.0
2017-01-27 13:00:00,0.0,239.76668,0.0,103322.15,0.004956111,279.30588,-1.712296,-3.2675922,0.0
2017-01-27 14:00:00,0.0,241.35356,0.0,103434.43,0.0047660316,279.47842,-2.0626402,-3.143138,0.0
2017-01-27 15:00:00,0.0,247.65552,0.0,103455.18,0.0050764196,280.1531,-2.405013,-3.0198574,0.0
2017-01-27 16:00:00,0.0,240.55817,102.577095,103373.4,0.0046626516,280.66623,-2.0284896,-2.2900403,0.0
2017-01-27 17:00:00,0.0,235.98767,243.85901,103472.56,0.0044789542,281.60828,-1.6435428,-1.5640465,0.0
2017-01-27 18:00:00,0.0,253.15178,390.54715,103524.94,0.0045290743,283.70596,-1.2603546,-0.8393534,0.0
2017-01-27 19:00:00,0.0,250.32176,489.27518,103431.71,0.005114626,283.45422,-1.2109692,-1.1592993,0.0
2017-01-27 20:00:00,0.0,249.36053,557.03595,103386.96,0.0054011755,284.0348,-1.1696085,-1.4796263,0.0
2017-01-27 21:00:00,0.0,258.8035,568.5588,103377.31,0.0047546905,285.68326,-1.1292824,-1.8060004,0.0
2017-01-27 22:00:00,0.0,260.23438,491.79614,103319.81,0.0054701217,285.47946,-0.6372046,-1.9476763,0.0
2017-01-27 23:00:00,0.0,258.7714,359.09058,103350.84,0.004447479,286.10178,-0.14331149,-2.0878203,0.0
2017-01-28 00:00:00,0.0,253.89917,181.34718,103314.21,0.005189926,286.39,0.33906484,-2.2258904,0.0
2017-01-28 01:00:00,0.0,257.30737,50.979847,103374.46,0.0057716765,285.6258,-0.15988539,-1.3645163,0.0
2017-01-28 02:00:00,0.0,256.78024,0.0,103456.01,0.005193789,284.74072,-0.65653425,-0.5071753,0.0
2017-01-28 03:00:00,0.0,253.78923,0.0,103477.72,0.006073039,284.65976,-1.1560234,0.3555429,0.0
2017-01-28 04:00:00,0.0,251.74236,0.0,103511.336,0.005378051,283.7529,-1.4660978,-0.23710178,0.0
2017-01-28 05:00:00,0.0,248.89021,0.0,103514.65,0.005134646,282.27988,-1.7730169,-0.8327942,0.0
2017-01-28 06:00:00,0.0,244.17548,0.0,103559.38,0.004522795,281.19736,-2.0854373,-1.4268304,0.0
2017-01-28 07:00:00,0.0,248.4554,0.0,103555.664,0.0047641727,281.5348,-2.5796099,-1.4284297,0.0
2017-01-28 08:00:00,0.0,244.46248,0.0,103558.44,0.004585412,280.01077,-3.0797923,-1.4276208,0.0
2017-01-28 09:00:00,0.0,241.74721,0.0,103508.03,0.0047326125,279.18756,-3.577285,-1.4285704,0.0
2017-01-28 10:00:00,0.0,241.8879,0.0,103494.18,0.0045278897,279.27005,-3.5998418,-1.2893068,0.0
2017-01-28 11:00:00,0.0,242.64001,0.0,103500.87,0.0045133014,279.32434,-3.6245205,-1.14914,0.0
2017-01-28 12:00:00,0.0,240.3319,0.0,103492.23,0.0042826626,278.69595,-3.644552,-1.0078417,0.0
2017-01-28 13:00:00,0.0,242.24785,0.0,103507.15,0.004199222,279.34586,-4.053852,-1.4233278,0.0
2017-01-28 14:00:00,0.0,237.01453,0.0,103591.53,0.004252121,277.8424,-4.4672813,-1.8332024,0.0
2017-01-28 15:00:00,0.0,241.60948,0.0,103459.78,0.004657332,278.3933,-4.8767776,-2.2481449,0.0
2017-01-28 16:00:00,0.0,237.77075,104.33761,103465.94,0.0045639933,279.33948,-4.9394364,-2.1548457,0.0
2017-01-28 17:00:00,0.0,236.7429,245.59868,103514.945,0.004902095,280.65564,-5.0007224,-2.0724885,0.0
2017-01-28 18:00:00,0.0,247.63191,393.17603,103468.945,0.00482373,281.3111,-5.06633,-1.9806113,0.0
2017-01-28 19:00:00,0.0,249.61778,492.239,103402.93,0.005287492,283.04178,-4.3194265,-2.0975144,0.0
2017-01-28 20:00:00,0.0,251.50142,560.3936,103321.125,0.0061094295,284.49295,-3.5667334,-2.2042696,0.0
2017-01-28 21:00:00,0.0,261.4235,574.87445,103250.79,0.0066430606,285.8917,-2.8165023,-2.3154304,0.0
2017-01-28 22:00:00,0.0,260.79163,497.75064,103106.93,0.0065186084,285.98343,-2.627488,-2.221727,0.0
2017-01-28 23:00:00,0.0,258.13016,364.2108,103151.375,0.0068003745,285.24216,-2.4337494,-2.1189787,0.0
2017-01-29 00:00:00,0.0,249.5194,186.28426,103140.31,0.006846925,285.51025,-2.2392356,-2.0294824,0.0
2017-01-29 01:00:00,0.0,258.499,54.336918,103123.38,0.0071651153,285.77942,-2.1017659,-1.9827105,0.0
2017-01-29 02:00:00,0.0,264.423,0.0,103118.47,0.006747521,285.6296,-1.9643602,-1.9380342,0.0
2017-01-29 03:00:00,0.0,260.12103,0.0,103191.88,0.0069065043,285.11316,-1.8274091,-1.8927575,0.0
2017-01-29 04:00:00,0.0,257.47562,0.0,103184.76,0.0064945766,284.1813,-2.3598847,-1.3873221,0.0
2017-01-29 05:00:00,0.0,255.49086,0.0,103237.93,0.0058025643,283.6356,-2.896097,-0.88369554,0.0
2017-01-29 06:00:00,0.0,244.36505,0.0,103247.81,0.0053313584,281.51755,-3.428404,-0.37809148,0.0
2017-01-29 07:00:00,0.0,247.56831,0.0,103251.52,0.005635997,281.63663,-3.1719503,-0.48236886,0.0
2017-01-29 08:00:00,0.0,245.66072,0.0,103181.445,0.0055573937,280.6564,-2.9290822,-0.58236927,0.0
2017-01-29 09:00:00,0.0,244.01503,0.0,103174.18,0.0053435788,280.73294,-2.666209,-0.68234134,0.0
2017-01-29 10:00:00,0.0,242.24634,0.0,103187.65,0.0051859487,280.08487,-2.8972437,-0.6955342,0.0
2017-01-29 11:00:00,0.0,242.43207,0.0,103215.5,0.0050292057,279.9689,-3.1174314,-0.7133089,0.0
2017-01-29 12:00:00,0.0,240.16585,0.0,103136.4,0.004892091,279.41837,-3.3377302,-0.72944885,0.0
2017-01-29 13:00:00,0.0,240.01506,0.0,103072.99,0.0047415397,279.2056,-3.3005924,-0.5405317,0.0
2017-01-29 14:00:00,0.0,238.69446,0.0,103146.664,0.004822241,278.43896,-3.2603552,-0.35091364,0.0
2017-01-29 15:00:00,0.0,245.44385,0.0,103101.88,0.005150974,278.924,-3.2224982,-0.15421516,0.0
2017-01-29 16:00:00,0.0,238.81337,107.50872,103097.1,0.0049975906,279.59146,-3.0398753,-0.9659268,0.0
2017-01-29 17:00:00,0.0,239.16473,250.45345,103165.164,0.0055780294,281.52353,-2.8609724,-1.7728783,0.0
2017-01-29 18:00:00,0.0,255.64732,396.7191,103170.71,0.0052702264,283.21005,-2.679821,-2.5857348,0.0
2017-01-29 19:00:00,0.0,254.26973,496.2839,103001.23,0.0060438346,283.9289,-2.7128553,-2.5072763,0.0
2017-01-29 20:00:00,0.0,247.12968,564.91174,102981.73,0.0059276163,283.7505,-2.7442515,-2.4250102,0.0
2017-01-29 21:00:00,0.0,254.1311,580.9716,102878.51,0.0057487264,285.3898,-2.7778645,-2.349265,0.0
2017-01-29 22:00:00,0.0,261.79526,503.54614,102742.72,0.0060817203,287.35898,-2.6809225,-2.2188156,0.0
2017-01-29 23:00:00,0.0,266.08337,369.2617,102692.91,0.0062278495,288.56018,-2.5889723,-2.0915015,0.0
2017-01-30 00:00:00,0.0,253.74797,190.97218,102689.98,0.0063387007,288.79724,-2.4883342,-1.965354,0.0
2017-01-30 01:00:00,0.0,252.96959,57.680668,102631.78,0.006401805,286.39157,-2.782509,-2.208024,0.0
2017-01-30 02:00:00,0.0,258.06848,0.0,102631.48,0.0067323535,285.36716,-3.0849352,-2.4596336,0.0
2017-01-30 03:00:00,0.0,256.78656,0.0,102678.56,0.006876052,285.0233,-3.3729208,-2.7024481,0.0
2017-01-30 04:00:00,0.0,256.10696,0.0,102571.96,0.006504901,284.43042,-3.2612379,-2.55849,0.0
2017-01-30 05:00:00,0.0,254.61504,0.0,102648.79,0.0061861365,283.57114,-3.136673,-2.4149692,0.0
2017-01-30 06:00:00,0.0,251.3357,0.0,102639.21,0.0058999895,282.62888,-3.020995,-2.2779584,0.0
2017-01-30 07:00:00,0.0,251.17122,0.0,102623.26,0.0055913106,282.3823,-2.9633954,-2.2396266,0.0
2017-01-30 08:00:00,0.0,249.5165,0.0,102598.62,0.0056727487,281.43262,-2.9118798,-2.2090876,0.0
2017-01-30 09:00:00,0.0,244.48499,0.0,102532.28,0.005518319,281.06274,-2.8510695,-2.174286,0.0
2017-01-30 10:00:00,0.0,244.74101,0.0,102534.875,0.0053384397,280.91617,-2.9894803,-1.8038101,0.0
2017-01-30 11:00:00,0.0,246.10976,0.0,102552.23,0.0050536273,281.1742,-3.1273663,-1.43256,0.0
2017-01-30 12:00:00,0.0,241.4528,0.0,102511.875,0.0048428304,280.28983,-3.2685928,-1.0607864,0.0
2017-01-30 13:00:00,0.0,238.81886,0.0,102503.66,0.004736135,279.40207,-3.5951564,-1.0809466,0.0
2017-01-30 14:00:00,0.0,236.02669,0.0,102442.4,0.0047301133,278.3619,-3.9188383,-1.1023909,0.0
2017-01-30 15:00:00,0.0,243.46889,0.0,102380.0,0.0047852206,278.83728,-4.244548,-1.1223248,0.0
2017-01-30 16:00:00,0.0,239.0966,110.37683,102404.94,0.005072214,279.8201,-3.824953,-1.3047881,0.0
2017-01-30 17:00:00,0.0,236.85521,254.52905,102404.445,0.005206996,281.4902,-3.4031928,-1.479469,0.0
2017-01-30 18:00:00,0.0,253.78877,396.9012,102356.85,0.0058676167,282.88608,-2.9832184,-1.6584805,0.0
2017-01-30 19:00:00,0.0,248.33879,496.0869,102411.49,0.0057603247,283.38986,-2.731753,-1.4330878,0.0
2017-01-30 20:00:00,0.0,242.58904,564.67755,102267.81,0.005887167,283.59457,-2.4772637,-1.2067285,0.0
2017-01-30 21:00:00,0.0,247.78662,569.71234,102220.44,0.0058749206,284.27054,-2.2231033,-0.9792258,0.0
2017-01-30 22:00:00,0.0,252.35533,494.29858,102114.82,0.005917438,285.6368,-2.104903,-0.88181543,0.0
2017-01-30 23:00:00,0.0,254.60194,363.25,102090.16,0.0065044835,285.9342,-1.9827566,-0.7827384,0.0
2017-01-31 00:00:00,0.0,242.3427,196.88786,102087.15,0.007201858,286.60025,-1.8691052,-0.68629456,0.0
2017-01-31 01:00:00,0.0,251.15588,61.45167,102003.72,0.007047719,286.69516,-1.4046278,-0.8672693,0.0
2017-01-31 02:00:00,0.0,258.10544,0.0,102042.0,0.007367151,285.8738,-0.93291396,-1.0461823,0.0
2017-01-31 03:00:00,0.0,256.5175,0.0,102031.53,0.007272957,285.61584,-0.46705952,-1.2312266,0.0
2017-01-31 04:00:00,0.0,252.7423,0.0,102059.74,0.006703123,284.5289,-0.49434865,-1.1114591,0.0
2017-01-31 05:00:00,0.0,250.94109,0.0,102073.31,0.0064451117,283.78397,-0.5113202,-0.9927353,0.0
2017-01-31 06:00:00,0.0,248.23674,0.0,102167.35,0.006070581,283.01242,-0.5352475,-0.87825865,0.0
2017-01-31 07:00:00,0.0,241.87541,0.0,102182.23,0.005597442,281.34158,-0.97120506,-0.40932098,0.0
2017-01-31 08:00:00,0.0,240.00044,0.0,102194.21,0.0057138973,280.4542,-1.4112755,0.06341171,0.0
2017-01-31 09:00:00,0.0,259.11197,0.0,102101.445,0.0056623407,280.74106,-1.8504515,0.5344315,0.0
2017-01-31 10:00:00,0.0,258.35214,0.0,102094.305,0.005258626,280.71143,-1.7115154,0.28433934,0.0
2017-01-31 11:00:00,0.0,256.39474,0.0,102156.49,0.0051872707,280.08844,-1.5735945,0.030828193,0.0
2017-01-31 12:00:00,0.0,247.16296,0.0,102059.69,0.005180704,280.04202,-1.4290563,-0.22317831,0.0
2017-01-31 13:00:00,0.0,248.18703,0.0,102085.59,0.004952362,280.13992,-1.7921718,0.0401727,0.0
2017-01-31 14:00:00,0.0,247.90485,0.0,102027.9,0.0049431142,279.6942,-2.144296,0.30446836,0.0
2017-01-31 15:00:00,0.0,253.10834,0.0,101983.25,0.0050052437,279.67032,-2.4969785,0.5645118,0.0
2017-01-31 16:00:00,0.0,248.58104,108.61121,102089.664,0.005107008,280.3467,-2.0045016,0.2835677,0.0
2017-01-31 17:00:00,0.0,249.4973,247.71379,102091.94,0.00561123,282.12503,-1.5104623,0.0071687642,0.0
2017-01-31 18:00:00,0.0,264.6888,373.40384,102011.79,0.0061302837,282.34555,-1.0169469,-0.27767214,0.0
2017-01-31 19:00:00,0.0,261.06345,466.34714,102000.336,0.0062508327,282.85672,-1.1928372,-0.5283179,0.0
2017-01-31 20:00:00,0.0,259.444,530.7325,101925.19,0.006353023,283.88736,-1.3673021,-0.78026396,0.0
2017-01-31 21:00:00,0.0,274.5392,526.6026,101751.88,0.007212036,283.90295,-1.5446368,-1.0310225,0.0
2017-01-31 22:00:00,0.0,278.0195,457.32968,101696.336,0.0069093523,285.08743,-1.1399865,-0.49660352,0.0
2017-01-31 23:00:00,0.0,280.77975,336.82468,101663.85,0.007435037,285.56903,-0.7398066,0.045870822,0.0
2017-02-01 00:00:00,0.0,272.5988,208.37042,101705.695,0.007489737,285.46414,-0.33509597,0.58413976,0.0
