Time Step,Time,EVAPOTRANS,sloth_ice_fraction_schaake,sloth_ice_fraction_xinan,sloth_smp
0,2017-01-01 00:00:00,0.000000,0.000000,0.000000,0.000000
1,2017-01-01 01:00:00,0.000000,0.000000,0.000000,0.000000
2,2017-01-01 02:00:00,0.000000,0.000000,0.000000,0.000000
3,2017-01-01 03:00:00,0.000000,0.000000,0.000000,0.000000
4,2017-01-01 04:00:00,0.000000,0.000000,0.000000,0.000000
5,2017-01-01 05:00:00,0.000000,0.000000,0.000000,0.000000
6,2017-01-01 06:00:00,0.000000,0.000000,0.000000,0.000000
7,2017-01-01 07:00:00,0.000000,0.000000,0.000000,0.000000
8,2017-01-01 08:00:00,0.000000,0.000000,0.000000,0.000000
9,2017-01-01 09:00:00,0.000000,0.000000,0.000000,0.000000
10,2017-01-01 10:00:00,0.000000,0.000000,0.000000,0.000000
11,2017-01-01 11:00:00,0.000000,0.000000,0.000000,0.000000
12,2017-01-01 12:00:00,0.000000,0.000000,0.000000,0.000000
13,2017-01-01 13:00:00,0.000000,0.000000,0.000000,0.000000
14,2017-01-01 14:00:00,0.000000,0.000000,0.000000,0.000000
15,2017-01-01 15:00:00,0.000000,0.000000,0.000000,0.000000
16,2017-01-01 16:00:00,0.000000,0.000000,0.000000,0.000000
17,2017-01-01 17:00:00,0.000000,0.000000,0.000000,0.000000
18,2017-01-01 18:00:00,0.000000,0.000000,0.000000,0.000000
19,2017-01-01 19:00:00,0.000000,0.000000,0.000000,0.000000
20,2017-01-01 20:00:00,0.000000,0.000000,0.000000,0.000000
21,2017-01-01 21:00:00,0.000000,0.000000,0.000000,0.000000
22,2017-01-01 22:00:00,0.000000,0.000000,0.000000,0.000000
23,2017-01-01 23:00:00,0.000000,0.000000,0.000000,0.000000
24,2017-01-02 00:00:00,0.000000,0.000000,0.000000,0.000000
25,2017-01-02 01:00:00,0.000000,0.000000,0.000000,0.000000
26,2017-01-02 02:00:00,0.000000,0.000000,0.000000,0.000000
27,2017-01-02 03:00:00,0.000000,0.000000,0.000000,0.000000
28,2017-01-02 04:00:00,0.000000,0.000000,0.000000,0.000000
29,2017-01-02 05:00:00,0.000000,0.000000,0.000000,0.000000
30,2017-01-02 06:00:00,0.000000,0.000000,0.000000,0.000000
31,2017-01-02 07:00:00,0.000000,0.000000,0.000000,0.000000
32,2017-01-02 08:00:00,0.000000,0.000000,0.000000,0.000000
33,2017-01-02 09:00:00,0.000000,0.000000,0.000000,0.000000
34,2017-01-02 10:00:00,0.000000,0.000000,0.000000,0.000000
35,2017-01-02 11:00:00,0.000000,0.000000,0.000000,0.000000
36,2017-01-02 12:00:00,0.000000,0.000000,0.000000,0.000000
37,2017-01-02 13:00:00,0.000000,0.000000,0.000000,0.000000
38,2017-01-02 14:00:00,0.000000,0.000000,0.000000,0.000000
39,2017-01-02 15:00:00,0.000000,0.000000,0.000000,0.000000
40,2017-01-02 16:00:00,0.000000,0.000000,0.000000,0.000000
41,2017-01-02 17:00:00,0.000000,0.000000,0.000000,0.000000
42,2017-01-02 18:00:00,0.000000,0.000000,0.000000,0.000000
43,2017-01-02 19:00:00,0.000000,0.000000,0.000000,0.000000
44,2017-01-02 20:00:00,0.000000,0.000000,0.000000,0.000000
45,2017-01-02 21:00:00,0.000000,0.000000,0.000000,0.000000
46,2017-01-02 22:00:00,0.000000,0.000000,0.000000,0.000000
47,2017-01-02 23:00:00,0.000000,0.000000,0.000000,0.000000
48,2017-01-03 00:00:00,0.000000,0.000000,0.000000,0.000000
49,2017-01-03 01:00:00,0.000000,0.000000,0.000000,0.000000
50,2017-01-03 02:00:00,0.000000,0.000000,0.000000,0.000000
51,2017-01-03 03:00:00,0.000000,0.000000,0.000000,0.000000
52,2017-01-03 04:00:00,0.000000,0.000000,0.000000,0.000000
53,2017-01-03 05:00:00,0.000000,0.000000,0.000000,0.000000
54,2017-01-03 06:00:00,0.000000,0.000000,0.000000,0.000000
55,2017-01-03 07:00:00,0.000000,0.000000,0.000000,0.000000
56,2017-01-03 08:00:00,0.000000,0.000000,0.000000,0.000000
57,2017-01-03 09:00:00,0.000000,0.000000,0.000000,0.000000
58,2017-01-03 10:00:00,0.000000,0.000000,0.000000,0.000000
59,2017-01-03 11:00:00,0.000000,0.000000,0.000000,0.000000
60,2017-01-03 12:00:00,0.000000,0.000000,0.000000,0.000000
61,2017-01-03 13:00:00,0.000000,0.000000,0.000000,0.000000
62,2017-01-03 14:00:00,0.000000,0.000000,0.000000,0.000000
63,2017-01-03 15:00:00,0.000000,0.000000,0.000000,0.000000
64,2017-01-03 16:00:00,0.000000,0.000000,0.000000,0.000000
65,2017-01-03 17:00:00,0.000000,0.000000,0.000000,0.000000
66,2017-01-03 18:00:00,0.000000,0.000000,0.000000,0.000000
67,2017-01-03 19:00:00,0.000000,0.000000,0.000000,0.000000
68,2017-01-03 20:00:00,0.000000,0.000000,0.000000,0.000000
69,2017-01-03 21:00:00,0.000000,0.000000,0.000000,0.000000
70,2017-01-03 22:00:00,0.000000,0.000000,0.000000,0.000000
71,2017-01-03 23:00:00,0.000000,0.000000,0.000000,0.000000
72,2017-01-04 00:00:00,0.000000,0.000000,0.000000,0.000000
73,2017-01-04 01:00:00,0.000000,0.000000,0.000000,0.000000
74,2017-01-04 02:00:00,0.000000,0.000000,0.000000,0.000000
75,2017-01-04 03:00:00,0.000000,0.000000,0.000000,0.000000
76,2017-01-04 04:00:00,0.000000,0.000000,0.000000,0.000000
77,2017-01-04 05:00:00,0.000000,0.000000,0.000000,0.000000
78,2017-01-04 06:00:00,0.000000,0.000000,0.000000,0.000000
79,2017-01-04 07:00:00,0.000000,0.000000,0.000000,0.000000
80,2017-01-04 08:00:00,0.000000,0.000000,0.000000,0.000000
81,2017-01-04 09:00:00,0.000000,0.000000,0.000000,0.000000
82,2017-01-04 10:00:00,0.000000,0.000000,0.000000,0.000000
83,2017-01-04 11:00:00,0.000000,0.000000,0.000000,0.000000
84,2017-01-04 12:00:00,0.000000,0.000000,0.000000,0.000000
85,2017-01-04 13:00:00,0.000000,0.000000,0.000000,0.000000
86,2017-01-04 14:00:00,0.000000,0.000000,0.000000,0.000000
87,2017-01-04 15:00:00,0.000000,0.000000,0.000000,0.000000
88,2017-01-04 16:00:00,0.000000,0.000000,0.000000,0.000000
89,2017-01-04 17:00:00,0.000000,0.000000,0.000000,0.000000
90,2017-01-04 18:00:00,0.000000,0.000000,0.000000,0.000000
91,2017-01-04 19:00:00,0.000000,0.000000,0.000000,0.000000
92,2017-01-04 20:00:00,0.000000,0.000000,0.000000,0.000000
93,2017-01-04 21:00:00,0.000000,0.000000,0.000000,0.000000
94,2017-01-04 22:00:00,0.000000,0.000000,0.000000,0.000000
95,2017-01-04 23:00:00,0.000000,0.000000,0.000000,0.000000
96,2017-01-05 00:00:00,0.000000,0.000000,0.000000,0.000000
97,2017-01-05 01:00:00,0.000000,0.000000,0.000000,0.000000
98,2017-01-05 02:00:00,0.000000,0.000000,0.000000,0.000000
99,2017-01-05 03:00:00,0.000000,0.000000,0.000000,0.000000
100,2017-01-05 04:00:00,0.000000,0.000000,0.000000,0.000000
101,2017-01-05 05:00:00,0.000000,0.000000,0.000000,0.000000
102,2017-01-05 06:00:00,0.000000,0.000000,0.000000,0.000000
103,2017-01-05 07:00:00,0.000000,0.000000,0.000000,0.000000
104,2017-01-05 08:00:00,0.000000,0.000000,0.000000,0.000000
105,2017-01-05 09:00:00,0.000000,0.000000,0.000000,0.000000
106,2017-01-05 10:00:00,0.000000,0.000000,0.000000,0.000000
107,2017-01-05 11:00:00,0.000000,0.000000,0.000000,0.000000
108,2017-01-05 12:00:00,0.000000,0.000000,0.000000,0.000000
109,2017-01-05 13:00:00,0.000000,0.000000,0.000000,0.000000
110,2017-01-05 14:00:00,0.000000,0.000000,0.000000,0.000000
111,2017-01-05 15:00:00,0.000000,0.000000,0.000000,0.000000
112,2017-01-05 16:00:00,0.000000,0.000000,0.000000,0.000000
113,2017-01-05 17:00:00,0.000000,0.000000,0.000000,0.000000
114,2017-01-05 18:00:00,0.000000,0.000000,0.000000,0.000000
115,2017-01-05 19:00:00,0.000000,0.000000,0.000000,0.000000
116,2017-01-05 20:00:00,0.000000,0.000000,0.000000,0.000000
117,2017-01-05 21:00:00,0.000000,0.000000,0.000000,0.000000
118,2017-01-05 22:00:00,0.000000,0.000000,0.000000,0.000000
119,2017-01-05 23:00:00,0.000000,0.000000,0.000000,0.000000
120,2017-01-06 00:00:00,0.000000,0.000000,0.000000,0.000000
121,2017-01-06 01:00:00,0.000000,0.000000,0.000000,0.000000
122,2017-01-06 02:00:00,0.000000,0.000000,0.000000,0.000000
123,2017-01-06 03:00:00,0.000000,0.000000,0.000000,0.000000
124,2017-01-06 04:00:00,0.000000,0.000000,0.000000,0.000000
125,2017-01-06 05:00:00,0.000000,0.000000,0.000000,0.000000
126,2017-01-06 06:00:00,0.000000,0.000000,0.000000,0.000000
127,2017-01-06 07:00:00,0.000000,0.000000,0.000000,0.000000
128,2017-01-06 08:00:00,0.000000,0.000000,0.000000,0.000000
129,2017-01-06 09:00:00,0.000000,0.000000,0.000000,0.000000
130,2017-01-06 10:00:00,0.000000,0.000000,0.000000,0.000000
131,2017-01-06 11:00:00,0.000000,0.000000,0.000000,0.000000
132,2017-01-06 12:00:00,0.000000,0.000000,0.000000,0.000000
133,2017-01-06 13:00:00,0.000000,0.000000,0.000000,0.000000
134,2017-01-06 14:00:00,0.000000,0.000000,0.000000,0.000000
135,2017-01-06 15:00:00,0.000000,0.000000,0.000000,0.000000
136,2017-01-06 16:00:00,0.000000,0.000000,0.000000,0.000000
137,2017-01-06 17:00:00,0.000000,0.000000,0.000000,0.000000
138,2017-01-06 18:00:00,0.000000,0.000000,0.000000,0.000000
139,2017-01-06 19:00:00,0.000000,0.000000,0.000000,0.000000
140,2017-01-06 20:00:00,0.000000,0.000000,0.000000,0.000000
141,2017-01-06 21:00:00,0.000000,0.000000,0.000000,0.000000
142,2017-01-06 22:00:00,0.000000,0.000000,0.000000,0.000000
143,2017-01-06 23:00:00,0.000000,0.000000,0.000000,0.000000
144,2017-01-07 00:00:00,0.000000,0.000000,0.000000,0.000000
145,2017-01-07 01:00:00,0.000000,0.000000,0.000000,0.000000
146,2017-01-07 02:00:00,0.000000,0.000000,0.000000,0.000000
147,2017-01-07 03:00:00,0.000000,0.000000,0.000000,0.000000
148,2017-01-07 04:00:00,0.000000,0.000000,0.000000,0.000000
149,2017-01-07 05:00:00,0.000000,0.000000,0.000000,0.000000
150,2017-01-07 06:00:00,0.000000,0.000000,0.000000,0.000000
151,2017-01-07 07:00:00,0.000000,0.000000,0.000000,0.000000
152,2017-01-07 08:00:00,0.000000,0.000000,0.000000,0.000000
153,2017-01-07 09:00:00,0.000000,0.000000,0.000000,0.000000
154,2017-01-07 10:00:00,0.000000,0.000000,0.000000,0.000000
155,2017-01-07 11:00:00,0.000000,0.000000,0.000000,0.000000
156,2017-01-07 12:00:00,0.000000,0.000000,0.000000,0.000000
157,2017-01-07 13:00:00,0.000000,0.000000,0.000000,0.000000
158,2017-01-07 14:00:00,0.000000,0.000000,0.000000,0.000000
159,2017-01-07 15:00:00,0.000000,0.000000,0.000000,0.000000
160,2017-01-07 16:00:00,0.000000,0.000000,0.000000,0.000000
161,2017-01-07 17:00:00,0.000000,0.000000,0.000000,0.000000
162,2017-01-07 18:00:00,0.000000,0.000000,0.000000,0.000000
163,2017-01-07 19:00:00,0.000000,0.000000,0.000000,0.000000
164,2017-01-07 20:00:00,0.000000,0.000000,0.000000,0.000000
165,2017-01-07 21:00:00,0.000000,0.000000,0.000000,0.000000
166,2017-01-07 22:00:00,0.000000,0.000000,0.000000,0.000000
167,2017-01-07 23:00:00,0.000000,0.000000,0.000000,0.000000
168,2017-01-08 00:00:00,0.000000,0.000000,0.000000,0.000000
169,2017-01-08 01:00:00,0.000000,0.000000,0.000000,0.000000
170,2017-01-08 02:00:00,0.000000,0.000000,0.000000,0.000000
171,2017-01-08 03:00:00,0.000000,0.000000,0.000000,0.000000
172,2017-01-08 04:00:00,0.000000,0.000000,0.000000,0.000000
173,2017-01-08 05:00:00,0.000000,0.000000,0.000000,0.000000
174,2017-01-08 06:00:00,0.000000,0.000000,0.000000,0.000000
175,2017-01-08 07:00:00,0.000000,0.000000,0.000000,0.000000
176,2017-01-08 08:00:00,0.000000,0.000000,0.000000,0.000000
177,2017-01-08 09:00:00,0.000000,0.000000,0.000000,0.000000
178,2017-01-08 10:00:00,0.000000,0.000000,0.000000,0.000000
179,2017-01-08 11:00:00,0.000000,0.000000,0.000000,0.000000
180,2017-01-08 12:00:00,0.000000,0.000000,0.000000,0.000000
181,2017-01-08 13:00:00,0.000000,0.000000,0.000000,0.000000
182,2017-01-08 14:00:00,0.000000,0.000000,0.000000,0.000000
183,2017-01-08 15:00:00,0.000000,0.000000,0.000000,0.000000
184,2017-01-08 16:00:00,0.000000,0.000000,0.000000,0.000000
185,2017-01-08 17:00:00,0.000000,0.000000,0.000000,0.000000
186,2017-01-08 18:00:00,0.000000,0.000000,0.000000,0.000000
187,2017-01-08 19:00:00,0.000000,0.000000,0.000000,0.000000
188,2017-01-08 20:00:00,0.000000,0.000000,0.000000,0.000000
189,2017-01-08 21:00:00,0.000000,0.000000,0.000000,0.000000
190,2017-01-08 22:00:00,0.000000,0.000000,0.000000,0.000000
191,2017-01-08 23:00:00,0.000000,0.000000,0.000000,0.000000
192,2017-01-09 00:00:00,0.000000,0.000000,0.000000,0.000000
193,2017-01-09 01:00:00,0.000000,0.000000,0.000000,0.000000
194,2017-01-09 02:00:00,0.000000,0.000000,0.000000,0.000000
195,2017-01-09 03:00:00,0.000000,0.000000,0.000000,0.000000
196,2017-01-09 04:00:00,0.000000,0.000000,0.000000,0.000000
197,2017-01-09 05:00:00,0.000000,0.000000,0.000000,0.000000
198,2017-01-09 06:00:00,0.000000,0.000000,0.000000,0.000000
199,2017-01-09 07:00:00,0.000000,0.000000,0.000000,0.000000
200,2017-01-09 08:00:00,0.000000,0.000000,0.000000,0.000000
201,2017-01-09 09:00:00,0.000000,0.000000,0.000000,0.000000
202,2017-01-09 10:00:00,0.000000,0.000000,0.000000,0.000000
203,2017-01-09 11:00:00,0.000000,0.000000,0.000000,0.000000
204,2017-01-09 12:00:00,0.000000,0.000000,0.000000,0.000000
205,2017-01-09 13:00:00,0.000000,0.000000,0.000000,0.000000
206,2017-01-09 14:00:00,0.000000,0.000000,0.000000,0.000000
207,2017-01-09 15:00:00,0.000000,0.000000,0.000000,0.000000
208,2017-01-09 16:00:00,0.000000,0.000000,0.000000,0.000000
209,2017-01-09 17:00:00,0.000000,0.000000,0.000000,0.000000
210,2017-01-09 18:00:00,0.000000,0.000000,0.000000,0.000000
211,2017-01-09 19:00:00,0.000000,0.000000,0.000000,0.000000
212,2017-01-09 20:00:00,0.000000,0.000000,0.000000,0.000000
213,2017-01-09 21:00:00,0.000000,0.000000,0.000000,0.000000
214,2017-01-09 22:00:00,0.000000,0.000000,0.000000,0.000000
215,2017-01-09 23:00:00,0.000000,0.000000,0.000000,0.000000
216,2017-01-10 00:00:00,0.000000,0.000000,0.000000,0.000000
217,2017-01-10 01:00:00,0.000000,0.000000,0.000000,0.000000
218,2017-01-10 02:00:00,0.000000,0.000000,0.000000,0.000000
219,2017-01-10 03:00:00,0.000000,0.000000,0.000000,0.000000
220,2017-01-10 04:00:00,0.000000,0.000000,0.000000,0.000000
221,2017-01-10 05:00:00,0.000000,0.000000,0.000000,0.000000
222,2017-01-10 06:00:00,0.000000,0.000000,0.000000,0.000000
223,2017-01-10 07:00:00,0.000000,0.000000,0.000000,0.000000
224,2017-01-10 08:00:00,0.000000,0.000000,0.000000,0.000000
225,2017-01-10 09:00:00,0.000000,0.000000,0.000000,0.000000
226,2017-01-10 10:00:00,0.000000,0.000000,0.000000,0.000000
227,2017-01-10 11:00:00,0.000000,0.000000,0.000000,0.000000
228,2017-01-10 12:00:00,0.000000,0.000000,0.000000,0.000000
229,2017-01-10 13:00:00,0.000000,0.000000,0.000000,0.000000
230,2017-01-10 14:00:00,0.000000,0.000000,0.000000,0.000000
231,2017-01-10 15:00:00,0.000000,0.000000,0.000000,0.000000
232,2017-01-10 16:00:00,0.000000,0.000000,0.000000,0.000000
233,2017-01-10 17:00:00,0.000000,0.000000,0.000000,0.000000
234,2017-01-10 18:00:00,0.000000,0.000000,0.000000,0.000000
235,2017-01-10 19:00:00,0.000000,0.000000,0.000000,0.000000
236,2017-01-10 20:00:00,0.000000,0.000000,0.000000,0.000000
237,2017-01-10 21:00:00,0.000000,0.000000,0.000000,0.000000
238,2017-01-10 22:00:00,0.000000,0.000000,0.000000,0.000000
239,2017-01-10 23:00:00,0.000000,0.000000,0.000000,0.000000
240,2017-01-11 00:00:00,0.000000,0.000000,0.000000,0.000000
241,2017-01-11 01:00:00,0.000000,0.000000,0.000000,0.000000
242,2017-01-11 02:00:00,0.000000,0.000000,0.000000,0.000000
243,2017-01-11 03:00:00,0.000000,0.000000,0.000000,0.000000
244,2017-01-11 04:00:00,0.000000,0.000000,0.000000,0.000000
245,2017-01-11 05:00:00,0.000000,0.000000,0.000000,0.000000
246,2017-01-11 06:00:00,0.000000,0.000000,0.000000,0.000000
247,2017-01-11 07:00:00,0.000000,0.000000,0.000000,0.000000
248,2017-01-11 08:00:00,0.000000,0.000000,0.000000,0.000000
249,2017-01-11 09:00:00,0.000000,0.000000,0.000000,0.000000
250,2017-01-11 10:00:00,0.000000,0.000000,0.000000,0.000000
251,2017-01-11 11:00:00,0.000000,0.000000,0.000000,0.000000
252,2017-01-11 12:00:00,0.000000,0.000000,0.000000,0.000000
253,2017-01-11 13:00:00,0.000000,0.000000,0.000000,0.000000
254,2017-01-11 14:00:00,0.000000,0.000000,0.000000,0.000000
255,2017-01-11 15:00:00,0.000000,0.000000,0.000000,0.000000
256,2017-01-11 16:00:00,0.000000,0.000000,0.000000,0.000000
257,2017-01-11 17:00:00,0.000000,0.000000,0.000000,0.000000
258,2017-01-11 18:00:00,0.000000,0.000000,0.000000,0.000000
259,2017-01-11 19:00:00,0.000000,0.000000,0.000000,0.000000
260,2017-01-11 20:00:00,0.000000,0.000000,0.000000,0.000000
261,2017-01-11 21:00:00,0.000000,0.000000,0.000000,0.000000
262,2017-01-11 22:00:00,0.000000,0.000000,0.000000,0.000000
263,2017-01-11 23:00:00,0.000000,0.000000,0.000000,0.000000
264,2017-01-12 00:00:00,0.000000,0.000000,0.000000,0.000000
265,2017-01-12 01:00:00,0.000000,0.000000,0.000000,0.000000
266,2017-01-12 02:00:00,0.000000,0.000000,0.000000,0.000000
267,2017-01-12 03:00:00,0.000000,0.000000,0.000000,0.000000
268,2017-01-12 04:00:00,0.000000,0.000000,0.000000,0.000000
269,2017-01-12 05:00:00,0.000000,0.000000,0.000000,0.000000
270,2017-01-12 06:00:00,0.000000,0.000000,0.000000,0.000000
271,2017-01-12 07:00:00,0.000000,0.000000,0.000000,0.000000
272,2017-01-12 08:00:00,0.000000,0.000000,0.000000,0.000000
273,2017-01-12 09:00:00,0.000000,0.000000,0.000000,0.000000
274,2017-01-12 10:00:00,0.000000,0.000000,0.000000,0.000000
275,2017-01-12 11:00:00,0.000000,0.000000,0.000000,0.000000
276,2017-01-12 12:00:00,0.000000,0.000000,0.000000,0.000000
277,2017-01-12 13:00:00,0.000000,0.000000,0.000000,0.000000
278,2017-01-12 14:00:00,0.000000,0.000000,0.000000,0.000000
279,2017-01-12 15:00:00,0.000000,0.000000,0.000000,0.000000
280,2017-01-12 16:00:00,0.000000,0.000000,0.000000,0.000000
281,2017-01-12 17:00:00,0.000000,0.000000,0.000000,0.000000
282,2017-01-12 18:00:00,0.000000,0.000000,0.000000,0.000000
283,2017-01-12 19:00:00,0.000000,0.000000,0.000000,0.000000
284,2017-01-12 20:00:00,0.000000,0.000000,0.000000,0.000000
285,2017-01-12 21:00:00,0.000000,0.000000,0.000000,0.000000
286,2017-01-12 22:00:00,0.000000,0.000000,0.000000,0.000000
287,2017-01-12 23:00:00,0.000000,0.000000,0.000000,0.000000
288,2017-01-13 00:00:00,0.000000,0.000000,0.000000,0.000000
289,2017-01-13 01:00:00,0.000000,0.000000,0.000000,0.000000
290,2017-01-13 02:00:00,0.000000,0.000000,0.000000,0.000000
291,2017-01-13 03:00:00,0.000000,0.000000,0.000000,0.000000
292,2017-01-13 04:00:00,0.000000,0.000000,0.000000,0.000000
293,2017-01-13 05:00:00,0.000000,0.000000,0.000000,0.000000
294,2017-01-13 06:00:00,0.000000,0.000000,0.000000,0.000000
295,2017-01-13 07:00:00,0.000000,0.000000,0.000000,0.000000
296,2017-01-13 08:00:00,0.000000,0.000000,0.000000,0.000000
297,2017-01-13 09:00:00,0.000000,0.000000,0.000000,0.000000
298,2017-01-13 10:00:00,0.000000,0.000000,0.000000,0.000000
299,2017-01-13 11:00:00,0.000000,0.000000,0.000000,0.000000
300,2017-01-13 12:00:00,0.000000,0.000000,0.000000,0.000000
301,2017-01-13 13:00:00,0.000000,0.000000,0.000000,0.000000
302,2017-01-13 14:00:00,0.000000,0.000000,0.000000,0.000000
303,2017-01-13 15:00:00,0.000000,0.000000,0.000000,0.000000
304,2017-01-13 16:00:00,0.000000,0.000000,0.000000,0.000000
305,2017-01-13 17:00:00,0.000000,0.000000,0.000000,0.000000
306,2017-01-13 18:00:00,0.000000,0.000000,0.000000,0.000000
307,2017-01-13 19:00:00,0.000000,0.000000,0.000000,0.000000
308,2017-01-13 20:00:00,0.000000,0.000000,0.000000,0.000000
309,2017-01-13 21:00:00,0.000000,0.000000,0.000000,0.000000
310,2017-01-13 22:00:00,0.000000,0.000000,0.000000,0.000000
311,2017-01-13 23:00:00,0.000000,0.000000,0.000000,0.000000
312,2017-01-14 00:00:00,0.000000,0.000000,0.000000,0.000000
313,2017-01-14 01:00:00,0.000000,0.000000,0.000000,0.000000
314,2017-01-14 02:00:00,0.000000,0.000000,0.000000,0.000000
315,2017-01-14 03:00:00,0.000000,0.000000,0.000000,0.000000
316,2017-01-14 04:00:00,0.000000,0.000000,0.000000,0.000000
317,2017-01-14 05:00:00,0.000000,0.000000,0.000000,0.000000
318,2017-01-14 06:00:00,0.000000,0.000000,0.000000,0.000000
319,2017-01-14 07:00:00,0.000000,0.000000,0.000000,0.000000
320,2017-01-14 08:00:00,0.000000,0.000000,0.000000,0.000000
321,2017-01-14 09:00:00,0.000000,0.000000,0.000000,0.000000
322,2017-01-14 10:00:00,0.000000,0.000000,0.000000,0.000000
323,2017-01-14 11:00:00,0.000000,0.000000,0.000000,0.000000
324,2017-01-14 12:00:00,0.000000,0.000000,0.000000,0.000000
325,2017-01-14 13:00:00,0.000000,0.000000,0.000000,0.000000
326,2017-01-14 14:00:00,0.000000,0.000000,0.000000,0.000000
327,2017-01-14 15:00:00,0.000000,0.000000,0.000000,0.000000
328,2017-01-14 16:00:00,0.000000,0.000000,0.000000,0.000000
329,2017-01-14 17:00:00,0.000000,0.000000,0.000000,0.000000
330,2017-01-14 18:00:00,0.000000,0.000000,0.000000,0.000000
331,2017-01-14 19:00:00,0.000000,0.000000,0.000000,0.000000
332,2017-01-14 20:00:00,0.000000,0.000000,0.000000,0.000000
333,2017-01-14 21:00:00,0.000000,0.000000,0.000000,0.000000
334,2017-01-14 22:00:00,0.000000,0.000000,0.000000,0.000000
335,2017-01-14 23:00:00,0.000000,0.000000,0.000000,0.000000
336,2017-01-15 00:00:00,0.000000,0.000000,0.000000,0.000000
337,2017-01-15 01:00:00,0.000000,0.000000,0.000000,0.000000
338,2017-01-15 02:00:00,0.000000,0.000000,0.000000,0.000000
339,2017-01-15 03:00:00,0.000000,0.000000,0.000000,0.000000
340,2017-01-15 04:00:00,0.000000,0.000000,0.000000,0.000000
341,2017-01-15 05:00:00,0.000000,0.000000,0.000000,0.000000
342,2017-01-15 06:00:00,0.000000,0.000000,0.000000,0.000000
343,2017-01-15 07:00:00,0.000000,0.000000,0.000000,0.000000
344,2017-01-15 08:00:00,0.000000,0.000000,0.000000,0.000000
345,2017-01-15 09:00:00,0.000000,0.000000,0.000000,0.000000
346,2017-01-15 10:00:00,0.000000,0.000000,0.000000,0.000000
347,2017-01-15 11:00:00,0.000000,0.000000,0.000000,0.000000
348,2017-01-15 12:00:00,0.000000,0.000000,0.000000,0.000000
349,2017-01-15 13:00:00,0.000000,0.000000,0.000000,0.000000
350,2017-01-15 14:00:00,0.000000,0.000000,0.000000,0.000000
351,2017-01-15 15:00:00,0.000000,0.000000,0.000000,0.000000
352,2017-01-15 16:00:00,0.000000,0.000000,0.000000,0.000000
353,2017-01-15 17:00:00,0.000000,0.000000,0.000000,0.000000
354,2017-01-15 18:00:00,0.000000,0.000000,0.000000,0.000000
355,2017-01-15 19:00:00,0.000000,0.000000,0.000000,0.000000
356,2017-01-15 20:00:00,0.000000,0.000000,0.000000,0.000000
357,2017-01-15 21:00:00,0.000000,0.000000,0.000000,0.000000
358,2017-01-15 22:00:00,0.000000,0.000000,0.000000,0.000000
359,2017-01-15 23:00:00,0.000000,0.000000,0.000000,0.000000
360,2017-01-16 00:00:00,0.000000,0.000000,0.000000,0.000000
361,2017-01-16 01:00:00,0.000000,0.000000,0.000000,0.000000
362,2017-01-16 02:00:00,0.000000,0.000000,0.000000,0.000000
363,2017-01-16 03:00:00,0.000000,0.000000,0.000000,0.000000
364,2017-01-16 04:00:00,0.000000,0.000000,0.000000,0.000000
365,2017-01-16 05:00:00,0.000000,0.000000,0.000000,0.000000
366,2017-01-16 06:00:00,0.000000,0.000000,0.000000,0.000000
367,2017-01-16 07:00:00,0.000000,0.000000,0.000000,0.000000
368,2017-01-16 08:00:00,0.000000,0.000000,0.000000,0.000000
369,2017-01-16 09:00:00,0.000000,0.000000,0.000000,0.000000
370,2017-01-16 10:00:00,0.000000,0.000000,0.000000,0.000000
371,2017-01-16 11:00:00,0.000000,0.000000,0.000000,0.000000
372,2017-01-16 12:00:00,0.000000,0.000000,0.000000,0.000000
373,2017-01-16 13:00:00,0.000000,0.000000,0.000000,0.000000
374,2017-01-16 14:00:00,0.000000,0.000000,0.000000,0.000000
375,2017-01-16 15:00:00,0.000000,0.000000,0.000000,0.000000
376,2017-01-16 16:00:00,0.000000,0.000000,0.000000,0.000000
377,2017-01-16 17:00:00,0.000000,0.000000,0.000000,0.000000
378,2017-01-16 18:00:00,0.000000,0.000000,0.000000,0.000000
379,2017-01-16 19:00:00,0.000000,0.000000,0.000000,0.000000
380,2017-01-16 20:00:00,0.000000,0.000000,0.000000,0.000000
381,2017-01-16 21:00:00,0.000000,0.000000,0.000000,0.000000
382,2017-01-16 22:00:00,0.000000,0.000000,0.000000,0.000000
383,2017-01-16 23:00:00,0.000000,0.000000,0.000000,0.000000
384,2017-01-17 00:00:00,0.000000,0.000000,0.000000,0.000000
385,2017-01-17 01:00:00,0.000000,0.000000,0.000000,0.000000
386,2017-01-17 02:00:00,0.000000,0.000000,0.000000,0.000000
387,2017-01-17 03:00:00,0.000000,0.000000,0.000000,0.000000
388,2017-01-17 04:00:00,0.000000,0.000000,0.000000,0.000000
389,2017-01-17 05:00:00,0.000000,0.000000,0.000000,0.000000
390,2017-01-17 06:00:00,0.000000,0.000000,0.000000,0.000000
391,2017-01-17 07:00:00,0.000000,0.000000,0.000000,0.000000
392,2017-01-17 08:00:00,0.000000,0.000000,0.000000,0.000000
393,2017-01-17 09:00:00,0.000000,0.000000,0.000000,0.000000
394,2017-01-17 10:00:00,0.000000,0.000000,0.000000,0.000000
395,2017-01-17 11:00:00,0.000000,0.000000,0.000000,0.000000
396,2017-01-17 12:00:00,0.000000,0.000000,0.000000,0.000000
397,2017-01-17 13:00:00,0.000000,0.000000,0.000000,0.000000
398,2017-01-17 14:00:00,0.000000,0.000000,0.000000,0.000000
399,2017-01-17 15:00:00,0.000000,0.000000,0.000000,0.000000
400,2017-01-17 16:00:00,0.000000,0.000000,0.000000,0.000000
401,2017-01-17 17:00:00,0.000000,0.000000,0.000000,0.000000
402,2017-01-17 18:00:00,0.000000,0.000000,0.000000,0.000000
403,2017-01-17 19:00:00,0.000000,0.000000,0.000000,0.000000
404,2017-01-17 20:00:00,0.000000,0.000000,0.000000,0.000000
405,2017-01-17 21:00:00,0.000000,0.000000,0.000000,0.000000
406,2017-01-17 22:00:00,0.000000,0.000000,0.000000,0.000000
407,2017-01-17 23:00:00,0.000000,0.000000,0.000000,0.000000
408,2017-01-18 00:00:00,0.000000,0.000000,0.000000,0.000000
409,2017-01-18 01:00:00,0.000000,0.000000,0.000000,0.000000
410,2017-01-18 02:00:00,0.000000,0.000000,0.000000,0.000000
411,2017-01-18 03:00:00,0.000000,0.000000,0.000000,0.000000
412,2017-01-18 04:00:00,0.000000,0.000000,0.000000,0.000000
413,2017-01-18 05:00:00,0.000000,0.000000,0.000000,0.000000
414,2017-01-18 06:00:00,0.000000,0.000000,0.000000,0.000000
415,2017-01-18 07:00:00,0.000000,0.000000,0.000000,0.000000
416,2017-01-18 08:00:00,0.000000,0.000000,0.000000,0.000000
417,2017-01-18 09:00:00,0.000000,0.000000,0.000000,0.000000
418,2017-01-18 10:00:00,0.000000,0.000000,0.000000,0.000000
419,2017-01-18 11:00:00,0.000000,0.000000,0.000000,0.000000
420,2017-01-18 12:00:00,0.000000,0.000000,0.000000,0.000000
421,2017-01-18 13:00:00,0.000000,0.000000,0.000000,0.000000
422,2017-01-18 14:00:00,0.000000,0.000000,0.000000,0.000000
423,2017-01-18 15:00:00,0.000000,0.000000,0.000000,0.000000
424,2017-01-18 16:00:00,0.000000,0.000000,0.000000,0.000000
425,2017-01-18 17:00:00,0.000000,0.000000,0.000000,0.000000
426,2017-01-18 18:00:00,0.000000,0.000000,0.000000,0.000000
427,2017-01-18 19:00:00,0.000000,0.000000,0.000000,0.000000
428,2017-01-18 20:00:00,0.000000,0.000000,0.000000,0.000000
429,2017-01-18 21:00:00,0.000000,0.000000,0.000000,0.000000
430,2017-01-18 22:00:00,0.000000,0.000000,0.000000,0.000000
431,2017-01-18 23:00:00,0.000000,0.000000,0.000000,0.000000
432,2017-01-19 00:00:00,0.000000,0.000000,0.000000,0.000000
433,2017-01-19 01:00:00,0.000000,0.000000,0.000000,0.000000
434,2017-01-19 02:00:00,0.000000,0.000000,0.000000,0.000000
435,2017-01-19 03:00:00,0.000000,0.000000,0.000000,0.000000
436,2017-01-19 04:00:00,0.000000,0.000000,0.000000,0.000000
437,2017-01-19 05:00:00,0.000000,0.000000,0.000000,0.000000
438,2017-01-19 06:00:00,0.000000,0.000000,0.000000,0.000000
439,2017-01-19 07:00:00,0.000000,0.000000,0.000000,0.000000
440,2017-01-19 08:00:00,0.000000,0.000000,0.000000,0.000000
441,2017-01-19 09:00:00,0.000000,0.000000,0.000000,0.000000
442,2017-01-19 10:00:00,0.000000,0.000000,0.000000,0.000000
443,2017-01-19 11:00:00,0.000000,0.000000,0.000000,0.000000
444,2017-01-19 12:00:00,0.000000,0.000000,0.000000,0.000000
445,2017-01-19 13:00:00,0.000000,0.000000,0.000000,0.000000
446,2017-01-19 14:00:00,0.000000,0.000000,0.000000,0.000000
447,2017-01-19 15:00:00,0.000000,0.000000,0.000000,0.000000
448,2017-01-19 16:00:00,0.000000,0.000000,0.000000,0.000000
449,2017-01-19 17:00:00,0.000000,0.000000,0.000000,0.000000
450,2017-01-19 18:00:00,0.000000,0.000000,0.000000,0.000000
451,2017-01-19 19:00:00,0.000000,0.000000,0.000000,0.000000
452,2017-01-19 20:00:00,0.000000,0.000000,0.000000,0.000000
453,2017-01-19 21:00:00,0.000000,0.000000,0.000000,0.000000
454,2017-01-19 22:00:00,0.000000,0.000000,0.000000,0.000000
455,2017-01-19 23:00:00,0.000000,0.000000,0.000000,0.000000
456,2017-01-20 00:00:00,0.000000,0.000000,0.000000,0.000000
457,2017-01-20 01:00:00,0.000000,0.000000,0.000000,0.000000
458,2017-01-20 02:00:00,0.000000,0.000000,0.000000,0.000000
459,2017-01-20 03:00:00,0.000000,0.000000,0.000000,0.000000
460,2017-01-20 04:00:00,0.000000,0.000000,0.000000,0.000000
461,2017-01-20 05:00:00,0.000000,0.000000,0.000000,0.000000
462,2017-01-20 06:00:00,0.000000,0.000000,0.000000,0.000000
463,2017-01-20 07:00:00,0.000000,0.000000,0.000000,0.000000
464,2017-01-20 08:00:00,0.000000,0.000000,0.000000,0.000000
465,2017-01-20 09:00:00,0.000000,0.000000,0.000000,0.000000
466,2017-01-20 10:00:00,0.000000,0.000000,0.000000,0.000000
467,2017-01-20 11:00:00,0.000000,0.000000,0.000000,0.000000
468,2017-01-20 12:00:00,0.000000,0.000000,0.000000,0.000000
469,2017-01-20 13:00:00,0.000000,0.000000,0.000000,0.000000
470,2017-01-20 14:00:00,0.000000,0.000000,0.000000,0.000000
471,2017-01-20 15:00:00,0.000000,0.000000,0.000000,0.000000
472,2017-01-20 16:00:00,0.000000,0.000000,0.000000,0.000000
473,2017-01-20 17:00:00,0.000000,0.000000,0.000000,0.000000
474,2017-01-20 18:00:00,0.000000,0.000000,0.000000,0.000000
475,2017-01-20 19:00:00,0.000000,0.000000,0.000000,0.000000
476,2017-01-20 20:00:00,0.000000,0.000000,0.000000,0.000000
477,2017-01-20 21:00:00,0.000000,0.000000,0.000000,0.000000
478,2017-01-20 22:00:00,0.000000,0.000000,0.000000,0.000000
479,2017-01-20 23:00:00,0.000000,0.000000,0.000000,0.000000
480,2017-01-21 00:00:00,0.000000,0.000000,0.000000,0.000000
481,2017-01-21 01:00:00,0.000000,0.000000,0.000000,0.000000
482,2017-01-21 02:00:00,0.000000,0.000000,0.000000,0.000000
483,2017-01-21 03:00:00,0.000000,0.000000,0.000000,0.000000
484,2017-01-21 04:00:00,0.000000,0.000000,0.000000,0.000000
485,2017-01-21 05:00:00,0.000000,0.000000,0.000000,0.000000
486,2017-01-21 06:00:00,0.000000,0.000000,0.000000,0.000000
487,2017-01-21 07:00:00,0.000000,0.000000,0.000000,0.000000
488,2017-01-21 08:00:00,0.000000,0.000000,0.000000,0.000000
489,2017-01-21 09:00:00,0.000000,0.000000,0.000000,0.000000
490,2017-01-21 10:00:00,0.000000,0.000000,0.000000,0.000000
491,2017-01-21 11:00:00,0.000000,0.000000,0.000000,0.000000
492,2017-01-21 12:00:00,0.000000,0.000000,0.000000,0.000000
493,2017-01-21 13:00:00,0.000000,0.000000,0.000000,0.000000
494,2017-01-21 14:00:00,0.000000,0.000000,0.000000,0.000000
495,2017-01-21 15:00:00,0.000000,0.000000,0.000000,0.000000
496,2017-01-21 16:00:00,0.000000,0.000000,0.000000,0.000000
497,2017-01-21 17:00:00,0.000000,0.000000,0.000000,0.000000
498,2017-01-21 18:00:00,0.000000,0.000000,0.000000,0.000000
499,2017-01-21 19:00:00,0.000000,0.000000,0.000000,0.000000
500,2017-01-21 20:00:00,0.000000,0.000000,0.000000,0.000000
501,2017-01-21 21:00:00,0.000000,0.000000,0.000000,0.000000
502,2017-01-21 22:00:00,0.000000,0.000000,0.000000,0.000000
503,2017-01-21 23:00:00,0.000000,0.000000,0.000000,0.000000
504,2017-01-22 00:00:00,0.000000,0.000000,0.000000,0.000000
505,2017-01-22 01:00:00,0.000000,0.000000,0.000000,0.000000
506,2017-01-22 02:00:00,0.000000,0.000000,0.000000,0.000000
507,2017-01-22 03:00:00,0.000000,0.000000,0.000000,0.000000
508,2017-01-22 04:00:00,0.000000,0.000000,0.000000,0.000000
509,2017-01-22 05:00:00,0.000000,0.000000,0.000000,0.000000
510,2017-01-22 06:00:00,0.000000,0.000000,0.000000,0.000000
511,2017-01-22 07:00:00,0.000000,0.000000,0.000000,0.000000
512,2017-01-22 08:00:00,0.000000,0.000000,0.000000,0.000000
513,2017-01-22 09:00:00,0.000000,0.000000,0.000000,0.000000
514,2017-01-22 10:00:00,0.000000,0.000000,0.000000,0.000000
515,2017-01-22 11:00:00,0.000000,0.000000,0.000000,0.000000
516,2017-01-22 12:00:00,0.000000,0.000000,0.000000,0.000000
517,2017-01-22 13:00:00,0.000000,0.000000,0.000000,0.000000
518,2017-01-22 14:00:00,0.000000,0.000000,0.000000,0.000000
519,2017-01-22 15:00:00,0.000000,0.000000,0.000000,0.000000
520,2017-01-22 16:00:00,0.000000,0.000000,0.000000,0.000000
521,2017-01-22 17:00:00,0.000000,0.000000,0.000000,0.000000
522,2017-01-22 18:00:00,0.000000,0.000000,0.000000,0.000000
523,2017-01-22 19:00:00,0.000000,0.000000,0.000000,0.000000
524,2017-01-22 20:00:00,0.000000,0.000000,0.000000,0.000000
525,2017-01-22 21:00:00,0.000000,0.000000,0.000000,0.000000
526,2017-01-22 22:00:00,0.000000,0.000000,0.000000,0.000000
527,2017-01-22 23:00:00,0.000000,0.000000,0.000000,0.000000
528,2017-01-23 00:00:00,0.000000,0.000000,0.000000,0.000000
529,2017-01-23 01:00:00,0.000000,0.000000,0.000000,0.000000
530,2017-01-23 02:00:00,0.000000,0.000000,0.000000,0.000000
531,2017-01-23 03:00:00,0.000000,0.000000,0.000000,0.000000
532,2017-01-23 04:00:00,0.000000,0.000000,0.000000,0.000000
533,2017-01-23 05:00:00,0.000000,0.000000,0.000000,0.000000
534,2017-01-23 06:00:00,0.000000,0.000000,0.000000,0.000000
535,2017-01-23 07:00:00,0.000000,0.000000,0.000000,0.000000
536,2017-01-23 08:00:00,0.000000,0.000000,0.000000,0.000000
537,2017-01-23 09:00:00,0.000000,0.000000,0.000000,0.000000
538,2017-01-23 10:00:00,0.000000,0.000000,0.000000,0.000000
539,2017-01-23 11:00:00,0.000000,0.000000,0.000000,0.000000
540,2017-01-23 12:00:00,0.000000,0.000000,0.000000,0.000000
541,2017-01-23 13:00:00,0.000000,0.000000,0.000000,0.000000
542,2017-01-23 14:00:00,0.000000,0.000000,0.000000,0.000000
543,2017-01-23 15:00:00,0.000000,0.000000,0.000000,0.000000
544,2017-01-23 16:00:00,0.000000,0.000000,0.000000,0.000000
545,2017-01-23 17:00:00,0.000000,0.000000,0.000000,0.000000
546,2017-01-23 18:00:00,0.000000,0.000000,0.000000,0.000000
547,2017-01-23 19:00:00,0.000000,0.000000,0.000000,0.000000
548,2017-01-23 20:00:00,0.000000,0.000000,0.000000,0.000000
549,2017-01-23 21:00:00,0.000000,0.000000,0.000000,0.000000
550,2017-01-23 22:00:00,0.000000,0.000000,0.000000,0.000000
551,2017-01-23 23:00:00,0.000000,0.000000,0.000000,0.000000
552,2017-01-24 00:00:00,0.000000,0.000000,0.000000,0.000000
553,2017-01-24 01:00:00,0.000000,0.000000,0.000000,0.000000
554,2017-01-24 02:00:00,0.000000,0.000000,0.000000,0.000000
555,2017-01-24 03:00:00,0.000000,0.000000,0.000000,0.000000
556,2017-01-24 04:00:00,0.000000,0.000000,0.000000,0.000000
557,2017-01-24 05:00:00,0.000000,0.000000,0.000000,0.000000
558,2017-01-24 06:00:00,0.000000,0.000000,0.000000,0.000000
559,2017-01-24 07:00:00,0.000000,0.000000,0.000000,0.000000
560,2017-01-24 08:00:00,0.000000,0.000000,0.000000,0.000000
561,2017-01-24 09:00:00,0.000000,0.000000,0.000000,0.000000
562,2017-01-24 10:00:00,0.000000,0.000000,0.000000,0.000000
563,2017-01-24 11:00:00,0.000000,0.000000,0.000000,0.000000
564,2017-01-24 12:00:00,0.000000,0.000000,0.000000,0.000000
565,2017-01-24 13:00:00,0.000000,0.000000,0.000000,0.000000
566,2017-01-24 14:00:00,0.000000,0.000000,0.000000,0.000000
567,2017-01-24 15:00:00,0.000000,0.000000,0.000000,0.000000
568,2017-01-24 16:00:00,0.000000,0.000000,0.000000,0.000000
569,2017-01-24 17:00:00,0.000000,0.000000,0.000000,0.000000
570,2017-01-24 18:00:00,0.000000,0.000000,0.000000,0.000000
571,2017-01-24 19:00:00,0.000000,0.000000,0.000000,0.000000
572,2017-01-24 20:00:00,0.000000,0.000000,0.000000,0.000000
573,2017-01-24 21:00:00,0.000000,0.000000,0.000000,0.000000
574,2017-01-24 22:00:00,0.000000,0.000000,0.000000,0.000000
575,2017-01-24 23:00:00,0.000000,0.000000,0.000000,0.000000
576,2017-01-25 00:00:00,0.000000,0.000000,0.000000,0.000000
577,2017-01-25 01:00:00,0.000000,0.000000,0.000000,0.000000
578,2017-01-25 02:00:00,0.000000,0.000000,0.000000,0.000000
579,2017-01-25 03:00:00,0.000000,0.000000,0.000000,0.000000
580,2017-01-25 04:00:00,0.000000,0.000000,0.000000,0.000000
581,2017-01-25 05:00:00,0.000000,0.000000,0.000000,0.000000
582,2017-01-25 06:00:00,0.000000,0.000000,0.000000,0.000000
583,2017-01-25 07:00:00,0.000000,0.000000,0.000000,0.000000
584,2017-01-25 08:00:00,0.000000,0.000000,0.000000,0.000000
585,2017-01-25 09:00:00,0.000000,0.000000,0.000000,0.000000
586,2017-01-25 10:00:00,0.000000,0.000000,0.000000,0.000000
587,2017-01-25 11:00:00,0.000000,0.000000,0.000000,0.000000
588,2017-01-25 12:00:00,0.000000,0.000000,0.000000,0.000000
589,2017-01-25 13:00:00,0.000000,0.000000,0.000000,0.000000
590,2017-01-25 14:00:00,0.000000,0.000000,0.000000,0.000000
591,2017-01-25 15:00:00,0.000000,0.000000,0.000000,0.000000
592,2017-01-25 16:00:00,0.000000,0.000000,0.000000,0.000000
593,2017-01-25 17:00:00,0.000000,0.000000,0.000000,0.000000
594,2017-01-25 18:00:00,0.000000,0.000000,0.000000,0.000000
595,2017-01-25 19:00:00,0.000000,0.000000,0.000000,0.000000
596,2017-01-25 20:00:00,0.000000,0.000000,0.000000,0.000000
597,2017-01-25 21:00:00,0.000000,0.000000,0.000000,0.000000
598,2017-01-25 22:00:00,0.000000,0.000000,0.000000,0.000000
599,2017-01-25 23:00:00,0.000000,0.000000,0.000000,0.000000
600,2017-01-26 00:00:00,0.000000,0.000000,0.000000,0.000000
601,2017-01-26 01:00:00,0.000000,0.000000,0.000000,0.000000
602,2017-01-26 02:00:00,0.000000,0.000000,0.000000,0.000000
603,2017-01-26 03:00:00,0.000000,0.000000,0.000000,0.000000
604,2017-01-26 04:00:00,0.000000,0.000000,0.000000,0.000000
605,2017-01-26 05:00:00,0.000000,0.000000,0.000000,0.000000
606,2017-01-26 06:00:00,0.000000,0.000000,0.000000,0.000000
607,2017-01-26 07:00:00,0.000000,0.000000,0.000000,0.000000
608,2017-01-26 08:00:00,0.000000,0.000000,0.000000,0.000000
609,2017-01-26 09:00:00,0.000000,0.000000,0.000000,0.000000
610,2017-01-26 10:00:00,0.000000,0.000000,0.000000,0.000000
611,2017-01-26 11:00:00,0.000000,0.000000,0.000000,0.000000
612,2017-01-26 12:00:00,0.000000,0.000000,0.000000,0.000000
613,2017-01-26 13:00:00,0.000000,0.000000,0.000000,0.000000
614,2017-01-26 14:00:00,0.000000,0.000000,0.000000,0.000000
615,2017-01-26 15:00:00,0.000000,0.000000,0.000000,0.000000
616,2017-01-26 16:00:00,0.000000,0.000000,0.000000,0.000000
617,2017-01-26 17:00:00,0.000000,0.000000,0.000000,0.000000
618,2017-01-26 18:00:00,0.000000,0.000000,0.000000,0.000000
619,2017-01-26 19:00:00,0.000000,0.000000,0.000000,0.000000
620,2017-01-26 20:00:00,0.000000,0.000000,0.000000,0.000000
621,2017-01-26 21:00:00,0.000000,0.000000,0.000000,0.000000
622,2017-01-26 22:00:00,0.000000,0.000000,0.000000,0.000000
623,2017-01-26 23:00:00,0.000000,0.000000,0.000000,0.000000
624,2017-01-27 00:00:00,0.000000,0.000000,0.000000,0.000000
625,2017-01-27 01:00:00,0.000000,0.000000,0.000000,0.000000
626,2017-01-27 02:00:00,0.000000,0.000000,0.000000,0.000000
627,2017-01-27 03:00:00,0.000000,0.000000,0.000000,0.000000
628,2017-01-27 04:00:00,0.000000,0.000000,0.000000,0.000000
629,2017-01-27 05:00:00,0.000000,0.000000,0.000000,0.000000
630,2017-01-27 06:00:00,0.000000,0.000000,0.000000,0.000000
631,2017-01-27 07:00:00,0.000000,0.000000,0.000000,0.000000
632,2017-01-27 08:00:00,0.000000,0.000000,0.000000,0.000000
633,2017-01-27 09:00:00,0.000000,0.000000,0.000000,0.000000
634,2017-01-27 10:00:00,0.000000,0.000000,0.000000,0.000000
635,2017-01-27 11:00:00,0.000000,0.000000,0.000000,0.000000
636,2017-01-27 12:00:00,0.000000,0.000000,0.000000,0.000000
637,2017-01-27 13:00:00,0.000000,0.000000,0.000000,0.000000
638,2017-01-27 14:00:00,0.000000,0.000000,0.000000,0.000000
639,2017-01-27 15:00:00,0.000000,0.000000,0.000000,0.000000
640,2017-01-27 16:00:00,0.000000,0.000000,0.000000,0.000000
641,2017-01-27 17:00:00,0.000000,0.000000,0.000000,0.000000
642,2017-01-27 18:00:00,0.000000,0.000000,0.000000,0.000000
643,2017-01-27 19:00:00,0.000000,0.000000,0.000000,0.000000
644,2017-01-27 20:00:00,0.000000,0.000000,0.000000,0.000000
645,2017-01-27 21:00:00,0.000000,0.000000,0.000000,0.000000
646,2017-01-27 22:00:00,0.000000,0.000000,0.000000,0.000000
647,2017-01-27 23:00:00,0.000000,0.000000,0.000000,0.000000
648,2017-01-28 00:00:00,0.000000,0.000000,0.000000,0.000000
649,2017-01-28 01:00:00,0.000000,0.000000,0.000000,0.000000
650,2017-01-28 02:00:00,0.000000,0.000000,0.000000,0.000000
651,2017-01-28 03:00:00,0.000000,0.000000,0.000000,0.000000
652,2017-01-28 04:00:00,0.000000,0.000000,0.000000,0.000000
653,2017-01-28 05:00:00,0.000000,0.000000,0.000000,0.000000
654,2017-01-28 06:00:00,0.000000,0.000000,0.000000,0.000000
655,2017-01-28 07:00:00,0.000000,0.000000,0.000000,0.000000
656,2017-01-28 08:00:00,0.000000,0.000000,0.000000,0.000000
657,2017-01-28 09:00:00,0.000000,0.000000,0.000000,0.000000
658,2017-01-28 10:00:00,0.000000,0.000000,0.000000,0.000000
659,2017-01-28 11:00:00,0.000000,0.000000,0.000000,0.000000
660,2017-01-28 12:00:00,0.000000,0.000000,0.000000,0.000000
661,2017-01-28 13:00:00,0.000000,0.000000,0.000000,0.000000
662,2017-01-28 14:00:00,0.000000,0.000000,0.000000,0.000000
663,2017-01-28 15:00:00,0.000000,0.000000,0.000000,0.000000
664,2017-01-28 16:00:00,0.000000,0.000000,0.000000,0.000000
665,2017-01-28 17:00:00,0.000000,0.000000,0.000000,0.000000
666,2017-01-28 18:00:00,0.000000,0.000000,0.000000,0.000000
667,2017-01-28 19:00:00,0.000000,0.000000,0.000000,0.000000
668,2017-01-28 20:00:00,0.000000,0.000000,0.000000,0.000000
669,2017-01-28 21:00:00,0.000000,0.000000,0.000000,0.000000
670,2017-01-28 22:00:00,0.000000,0.000000,0.000000,0.000000
671,2017-01-28 23:00:00,0.000000,0.000000,0.000000,0.000000
672,2017-01-29 00:00:00,0.000000,0.000000,0.000000,0.000000
673,2017-01-29 01:00:00,0.000000,0.000000,0.000000,0.000000
674,2017-01-29 02:00:00,0.000000,0.000000,0.000000,0.000000
675,2017-01-29 03:00:00,0.000000,0.000000,0.000000,0.000000
676,2017-01-29 04:00:00,0.000000,0.000000,0.000000,0.000000
677,2017-01-29 05:00:00,0.000000,0.000000,0.000000,0.000000
678,2017-01-29 06:00:00,0.000000,0.000000,0.000000,0.000000
679,2017-01-29 07:00:00,0.000000,0.000000,0.000000,0.000000
680,2017-01-29 08:00:00,0.000000,0.000000,0.000000,0.000000
681,2017-01-29 09:00:00,0.000000,0.000000,0.000000,0.000000
682,2017-01-29 10:00:00,0.000000,0.000000,0.000000,0.000000
683,2017-01-29 11:00:00,0.000000,0.000000,0.000000,0.000000
684,2017-01-29 12:00:00,0.000000,0.000000,0.000000,0.000000
