divide_id,gw_Coeff,gw_Zmax,gw_Expon,bexp_soil_layers_stag=1,bexp_soil_layers_stag=2,bexp_soil_layers_stag=3,bexp_soil_layers_stag=4,ISLTYP,IVGTYP,dksat_soil_layers_stag=1,dksat_soil_layers_stag=2,dksat_soil_layers_stag=3,dksat_soil_layers_stag=4,psisat_soil_layers_stag=1,psisat_soil_layers_stag=2,psisat_soil_layers_stag=3,psisat_soil_layers_stag=4,cwpvt,mfsno,mp,quartz_soil_layers_stag=1,quartz_soil_layers_stag=2,quartz_soil_layers_stag=3,quartz_soil_layers_stag=4,refkdt,slope,smcmax_soil_layers_stag=1,smcmax_soil_layers_stag=2,smcmax_soil_layers_stag=3,smcmax_soil_layers_stag=4,smcwlt_soil_layers_stag=1,smcwlt_soil_layers_stag=2,smcwlt_soil_layers_stag=3,smcwlt_soil_layers_stag=4,vcmx25
cat-3400629,0.005,148.389556885,1.0,2.3265130519866943,2.3265130519866943,2.3265130519866943,2.3265130519866943,3,7,1.9522735841233842e-09,1.9522735841233842e-09,1.9522735841233842e-09,1.9522735841233842e-09,0.00045167123920114566,0.00045167123920114566,0.00045167123920114566,0.00045167123920114566,0.26914891600608826,2.0,7.008266835884947,0.5562335945436372,0.5562335945436372,0.5562335945436372,0.5562335945436372,3.5384380817413335,0.11897246539592743,0.42975613554664394,0.42975613554664394,0.42975613554664394,0.42975613554664394,0.04462410698564543,0.04462410698564543,0.04462410698564543,0.04462410698564543,33.71380985973009
cat-3400543,0.005,148.389556885,1.0,2.3265130519866943,2.3265130519866943,2.3265130519866943,2.3265130519866943,3,7,6.422721685037324e-07,6.422721685037324e-07,6.422721685037324e-07,6.422721685037324e-07,0.06563381181121496,0.06563381181121496,0.06563381181121496,0.06563381181121496,0.2670591624212137,2.0,6.434014553796151,0.5626852866140091,0.5626852866140091,0.5626852866140091,0.5626852866140091,3.5049910838197715,0.1197613830168402,0.43002435413748136,0.43002435413748136,0.43002435413748136,0.43002435413748136,0.044974341628582465,0.044974341628582465,0.044974341628582465,0.044974341628582465,36.27335492290867
cat-3400583,0.005,148.389556885,1.0,2.3265130519866943,2.3265130519866943,2.3265130519866943,2.3265130519866943,3,7,3.097949778257725e-07,3.097949778257725e-07,3.097949778257725e-07,3.097949778257725e-07,0.049342513771179784,0.049342513771179784,0.049342513771179784,0.049342513771179784,0.26914891600608826,2.0,6.635225572272553,0.6000000238418579,0.6000000238418579,0.6000000238418579,0.6000000238418579,3.538438081741333,0.11897246539592743,0.43137189745903015,0.43137189745903015,0.43137189745903015,0.43137189745903015,0.04699999839067459,0.04699999839067459,0.04699999839067459,0.04699999839067459,35.026379683216405
cat-3400605,0.005,148.389556885,1.0,2.3265130519866943,2.3265130519866943,2.3265130519866943,2.3265130519866943,3,8,8.955970194992215e-08,8.955970194992215e-08,8.955970194992215e-08,8.955970194992215e-08,0.020720221741037572,0.020720221741037572,0.020720221741037572,0.020720221741037572,0.26914891600608826,2.0,6.702738006655942,0.6000000238418579,0.6000000238418579,0.6000000238418579,0.6000000238418579,3.538438081741333,0.11897246539592743,0.43137189745903015,0.43137189745903015,0.43137189745903015,0.43137189745903015,0.0469999983906746,0.0469999983906746,0.0469999983906746,0.0469999983906746,34.78883281447694
cat-3400606,0.005,148.389556885,1.0,2.3265130519866943,2.3265130519866943,2.3265130519866943,2.3265130519866943,3,14,2.067829219446031e-07,2.067829219446031e-07,2.067829219446031e-07,2.067829219446031e-07,0.05777488517467454,0.05777488517467454,0.05777488517467454,0.05777488517467454,0.26914891600608826,2.0,5.117530723435166,0.6000000238418579,0.6000000238418579,0.6000000238418579,0.6000000238418579,3.538438081741333,0.11897246539592743,0.43137189745903015,0.43137189745903015,0.43137189745903015,0.43137189745903015,0.04699999839067459,0.04699999839067459,0.04699999839067459,0.04699999839067459,40.36648721060895
cat-3400584,0.005,148.389556885,1.0,2.3265130519866943,2.3265130519866943,2.3265130519866943,2.3265130519866943,3,14,1.1654106724347872e-07,1.1654106724347872e-07,1.1654106724347872e-07,1.1654106724347872e-07,0.018551973595336255,0.018551973595336255,0.018551973595336255,0.018551973595336255,0.2618991456009825,2.0,6.101573766993104,0.5603840812319886,0.5603840812319886,0.5603840812319886,0.5603840812319886,3.42240380027081,0.12170937737519467,0.43001230750551495,0.43001230750551495,0.43001230750551495,0.43001230750551495,0.044849419075474586,0.044849419075474586,0.044849419075474586,0.044849419075474586,38.75956139744852
cat-3400544,0.005,148.389556885,1.0,2.3265130519866943,2.3265130519866943,2.3265130519866943,2.3265130519866943,3,7,7.498536247768702e-07,7.498536247768702e-07,7.498536247768702e-07,7.498536247768702e-07,0.09048336745878137,0.09048336745878137,0.09048336745878137,0.09048336745878137,0.2691489160060883,2.0,6.516665001737784,0.6000000238418579,0.6000000238418579,0.6000000238418579,0.6000000238418579,3.5384380817413335,0.11897246539592742,0.43137189745903015,0.43137189745903015,0.43137189745903015,0.43137189745903015,0.0469999983906746,0.0469999983906746,0.0469999983906746,0.0469999983906746,35.443542722051035
cat-3400569,0.005,148.389556885,1.0,2.3265130519866943,2.3265130519866943,2.3265130519866943,2.3265130519866943,3,14,3.147916528659584e-06,3.147916528659584e-06,3.147916528659584e-06,3.147916528659584e-06,0.040638474136419106,0.040638474136419106,0.040638474136419106,0.040638474136419106,0.26047852573352936,2.0,5.287996597640766,0.5939143427817087,0.5939143427817087,0.5939143427817087,0.5939143427817087,3.3996664449682767,0.12224568560510486,0.43127068618388914,0.43127068618388914,0.43127068618388914,0.43127068618388914,0.046669632912923704,0.046669632912923704,0.046669632912923704,0.046669632912923704,41.9896933994907
cat-3400626,0.005,148.389556885,1.0,2.3265130519866943,2.3265130519866943,2.3265130519866943,2.3265130519866943,3,7,2.5270473655461145e-07,2.5270473655461145e-07,2.5270473655461145e-07,2.5270473655461145e-07,0.05830561580375809,0.05830561580375809,0.05830561580375809,0.05830561580375809,0.26914891600608826,2.0,6.360646942378114,0.6000000238418579,0.6000000238418579,0.6000000238418579,0.6000000238418579,3.5384380817413326,0.11897246539592744,0.43137189745903015,0.43137189745903015,0.43137189745903015,0.43137189745903015,0.04699999839067459,0.04699999839067459,0.04699999839067459,0.04699999839067459,35.99250235898594
cat-3400570,0.005,148.389556885,1.0,2.3265130519866943,2.3265130519866943,2.3265130519866943,2.3265130519866943,3,7,4.4380375884913186e-07,4.4380375884913186e-07,4.4380375884913186e-07,4.4380375884913186e-07,0.0159149858523637,0.0159149858523637,0.0159149858523637,0.0159149858523637,0.2691489160060882,2.0,6.2084005716717465,0.6000000238418579,0.6000000238418579,0.6000000238418579,0.6000000238418579,3.538438081741333,0.11897246539592743,0.4313718974590301,0.4313718974590301,0.4313718974590301,0.4313718974590301,0.04699999839067459,0.04699999839067459,0.04699999839067459,0.04699999839067459,36.5281910653488
cat-3400607,0.005,148.389556885,1.0,2.3265130519866943,2.3265130519866943,2.3265130519866943,2.3265130519866943,3,7,2.3093709916679123e-07,2.3093709916679123e-07,2.3093709916679123e-07,2.3093709916679123e-07,0.0628075762986869,0.0628075762986869,0.0628075762986869,0.0628075762986869,0.26914891600608826,2.0,6.53669747966489,0.6000000238418578,0.6000000238418578,0.6000000238418578,0.6000000238418578,3.538438081741333,0.11897246539592744,0.43137189745903015,0.43137189745903015,0.43137189745903015,0.43137189745903015,0.046999998390674584,0.046999998390674584,0.046999998390674584,0.046999998390674584,35.3730571522721
cat-3400628,0.005,148.389556885,1.0,2.3265130519866943,2.3265130519866943,2.3265130519866943,2.3265130519866943,3,7,1.915915600831123e-07,1.915915600831123e-07,1.915915600831123e-07,1.915915600831123e-07,0.04603060316836871,0.04603060316836871,0.04603060316836871,0.04603060316836871,0.26914891600608826,2.0,5.928797194128763,0.6000000238418579,0.6000000238418579,0.6000000238418579,0.6000000238418579,3.5384380817413326,0.11897246539592744,0.43137189745903015,0.43137189745903015,0.43137189745903015,0.43137189745903015,0.04699999839067459,0.04699999839067459,0.04699999839067459,0.04699999839067459,37.51199364084377
cat-3400627,0.005,148.389556885,1.0,2.3265130519866943,2.3265130519866943,2.3265130519866943,2.3265130519866943,3,14,1.1212518579448779e-07,1.1212518579448779e-07,1.1212518579448779e-07,1.1212518579448779e-07,0.025940893748349937,0.025940893748349937,0.025940893748349937,0.025940893748349937,0.2691489160060882,2.0,5.237754888279245,0.5999665182123195,0.5999665182123195,0.5999665182123195,0.5999665182123195,3.538438081741333,0.11897246539592742,0.431370660503653,0.431370660503653,0.431370660503653,0.431370660503653,0.04699817951400321,0.04699817951400321,0.04699817951400321,0.04699817951400321,39.943470707554894
cat-3400630,0.005,148.389556885,1.0,2.3265130519866943,2.3265130519866943,2.3265130519866943,2.3265130519866943,3,7,2.963312967678775e-07,2.963312967678775e-07,2.963312967678775e-07,2.963312967678775e-07,0.06855818012070722,0.06855818012070722,0.06855818012070722,0.06855818012070722,0.26914891600608826,2.0,7.109982967376709,0.6000000238418579,0.6000000238418579,0.6000000238418579,0.6000000238418579,3.538438081741333,0.11897246539592744,0.43137189745903015,0.43137189745903015,0.43137189745903015,0.43137189745903015,0.04699999839067459,0.04699999839067459,0.04699999839067459,0.04699999839067459,33.35591506958008
cat-3400545,0.005,148.389556885,1.0,2.3265130519866943,2.3265130519866943,2.3265130519866943,2.3265130519866943,3,7,3.36149091029583e-07,3.36149091029583e-07,3.36149091029583e-07,3.36149091029583e-07,0.03435108551028303,0.03435108551028303,0.03435108551028303,0.03435108551028303,0.26914891600608826,2.0,6.771090437176313,0.626981017369908,0.626981017369908,0.626981017369908,0.626981017369908,3.538438081741333,0.11897246539592743,0.4297872245166723,0.4297872245166723,0.4297872245166723,0.4297872245166723,0.0446698216519681,0.0446698216519681,0.0446698216519681,0.0446698216519681,34.54833036497794
cat-3400598,0.005,148.389556885,1.0,2.3265130519866943,2.3265130519866943,2.3265130519866943,2.3265130519866943,3,14,7.006868399713917e-08,7.006868399713917e-08,7.006868399713917e-08,7.006868399713917e-08,0.01621084748959096,0.01621084748959096,0.01621084748959096,0.01621084748959096,0.2641478488377976,2.0,5.849266485681679,0.5967669550339642,0.5967669550339642,0.5967669550339642,0.5967669550339642,3.4583948247783605,0.1208604535496454,0.43163658748997163,0.43163658748997163,0.43163658748997163,0.43163658748997163,0.04747202640858838,0.04747202640858838,0.04747202640858838,0.04747202640858838,39.08173156368625
cat-3400556,0.005,148.389556885,1.0,2.3265130519866943,2.3265130519866943,2.3265130519866943,2.3265130519866943,3,8,1.5684421267207465e-06,1.5684421267207465e-06,1.5684421267207465e-06,1.5684421267207465e-06,0.09481972476407191,0.09481972476407191,0.09481972476407191,0.09481972476407191,0.2608326719904921,2.0,6.616200246679031,0.42507434819701573,0.42507434819701573,0.42507434819701573,0.42507434819701573,3.4053346391545647,0.12211198935281924,0.44192935235900727,0.44192935235900727,0.44192935235900727,0.44192935235900727,0.07288462901927298,0.07288462901927298,0.07288462901927298,0.07288462901927298,37.2382949623125
cat-3400597,0.005,148.389556885,1.0,2.3265130519866943,2.3265130519866943,2.3265130519866943,2.3265130519866943,3,8,1.490464379649499e-07,1.490464379649499e-07,1.490464379649499e-07,1.490464379649499e-07,0.03448286648019871,0.03448286648019871,0.03448286648019871,0.03448286648019871,0.2637776933760613,2.0,6.652547234238976,0.6074647120164128,0.6074647120164128,0.6074647120164128,0.6074647120164128,3.384298882910164,0.1289274209858044,0.4307478918063664,0.4307478918063664,0.4307478918063664,0.4307478918063664,0.04635532076870481,0.04635532076870481,0.04635532076870481,0.04635532076870481,34.844017106503685
cat-3400625,0.005,148.389556885,1.0,2.3265130519866943,2.3265130519866943,2.3265130519866943,2.3265130519866943,3,14,4.0110718524035246e-07,4.0110718524035246e-07,4.0110718524035246e-07,4.0110718524035246e-07,0.09079546619088598,0.09079546619088598,0.09079546619088598,0.09079546619088598,0.26914891600608826,2.0,4.739988803863525,0.6000000238418579,0.6000000238418579,0.6000000238418579,0.6000000238418579,3.538438081741333,0.11897246539592743,0.43137189745903015,0.43137189745903015,0.43137189745903015,0.43137189745903015,0.04699999839067459,0.04699999839067459,0.04699999839067459,0.04699999839067459,41.69489288330078
cat-3400557,0.005,148.389556885,1.0,2.3265130519866943,2.3265130519866943,2.3265130519866943,2.3265130519866943,3,14,2.699399996294812e-07,2.699399996294812e-07,2.699399996294812e-07,2.699399996294812e-07,0.01753425130062705,0.01753425130062705,0.01753425130062705,0.01753425130062705,0.2691489160060882,2.0,5.568222193994825,0.5842139216946698,0.5842139216946698,0.5842139216946698,0.5842139216946698,3.538438081741333,0.11897246539592743,0.4333655951598411,0.4333655951598411,0.4333655951598411,0.4333655951598411,0.050646374296310165,0.050646374296310165,0.050646374296310165,0.050646374296310165,38.7807001096572
cat-3400610,0.005,148.389556885,1.0,2.3265130519866943,2.3265130519866943,2.3265130519866943,2.3265130519866943,3,8,4.1044760286594366e-07,4.1044760286594366e-07,4.1044760286594366e-07,4.1044760286594366e-07,0.027857966706900848,0.027857966706900848,0.027857966706900848,0.027857966706900848,0.2558526572490744,2.0,6.834637093466439,0.6000000238418579,0.6000000238418579,0.6000000238418579,0.6000000238418579,3.3248186315649373,0.12408618462630681,0.43155988369232134,0.43155988369232134,0.43155988369232134,0.43155988369232134,0.04699999839067459,0.04699999839067459,0.04699999839067459,0.04699999839067459,37.67099351590329
cat-3400574,0.005,146.832844597,1.0,2.3265130519866943,2.3265130519866943,2.3265130519866943,2.3265130519866943,3,8,7.822908707469406e-08,7.822908707469406e-08,7.822908707469406e-08,7.822908707469406e-08,0.03745415994926315,0.03745415994926315,0.03745415994926315,0.03745415994926315,0.2641526951983332,2.0,6.408694565319203,0.6910287323957409,0.6910287323957409,0.6910287323957409,0.6910287323957409,3.45847239191926,0.12085862396588416,0.4260995702830918,0.4260995702830918,0.4260995702830918,0.4260995702830918,0.039286584071865915,0.039286584071865915,0.039286584071865915,0.039286584071865915,37.10973916550549
cat-3400604,0.005,148.389556885,1.0,2.3265130519866943,2.3265130519866943,2.3265130519866943,2.3265130519866943,3,8,2.503699493051798e-07,2.503699493051798e-07,2.503699493051798e-07,2.503699493051798e-07,0.05915190027133498,0.05915190027133498,0.05915190027133498,0.05915190027133498,0.26914891600608826,2.0,6.868885530960543,0.5707902529714441,0.5707902529714441,0.5707902529714441,0.5707902529714441,3.538438081741333,0.11897246539592743,0.4349719771379663,0.4349719771379663,0.4349719771379663,0.4349719771379663,0.05354298648762272,0.05354298648762272,0.05354298648762272,0.05354298648762272,34.20423199971084
cat-3400590,0.005,148.389556885,1.0,2.3265130519866943,2.3265130519866943,2.3265130519866943,2.3265130519866943,3,8,1.8348550319688016e-07,1.8348550319688016e-07,1.8348550319688016e-07,1.8348550319688016e-07,0.042450569058738515,0.042450569058738515,0.042450569058738515,0.042450569058738515,0.2691489160060882,2.0,6.910382726955782,0.5752688074869476,0.5752688074869476,0.5752688074869476,0.5752688074869476,3.538438081741333,0.11897246539592743,0.4353164433378296,0.4353164433378296,0.4353164433378296,0.4353164433378296,0.05445222889954238,0.05445222889954238,0.05445222889954238,0.05445222889954238,34.05822143054432
cat-3400611,0.005,148.389556885,1.0,2.3265130519866943,2.3265130519866943,2.3265130519866943,2.3265130519866943,3,8,1.6869057663643298e-07,1.6869057663643298e-07,1.6869057663643298e-07,1.6869057663643298e-07,0.035752037273514996,0.035752037273514996,0.035752037273514996,0.035752037273514996,0.2660416183286695,2.0,6.841793012592403,0.6035797414730995,0.6035797414730995,0.6035797414730995,0.6035797414730995,3.446707873169865,0.12502910512319923,0.4310444232930584,0.4310444232930584,0.4310444232930584,0.4310444232930584,0.046690840955579224,0.046690840955579224,0.046690840955579224,0.046690840955579224,34.15675298531196
cat-3400596,0.005,148.389556885,1.0,2.3265130519866943,2.3265130519866943,2.3265130519866943,2.3265130519866943,3,8,1.7693067663550918e-07,1.7693067663550918e-07,1.7693067663550918e-07,1.7693067663550918e-07,0.04093406714025747,0.04093406714025747,0.04093406714025747,0.04093406714025747,0.26914891600608826,2.0,6.857929451175392,0.6925768078609018,0.6925768078609018,0.6925768078609018,0.6925768078609018,3.538438081741333,0.11897246539592743,0.42593459120961547,0.42593459120961547,0.42593459120961547,0.42593459120961547,0.03900473059443267,0.03900473059443267,0.03900473059443267,0.03900473059443267,34.24278167534308
cat-3400577,0.005,148.389556885,1.0,2.3265130519866943,2.3265130519866943,2.3265130519866943,2.3265130519866943,3,14,6.562283446227594e-07,6.562283446227594e-07,6.562283446227594e-07,6.562283446227594e-07,0.0330356173735785,0.0330356173735785,0.0330356173735785,0.0330356173735785,0.26914891600608826,2.0,4.816903985042225,0.6000000238418579,0.6000000238418579,0.6000000238418579,0.6000000238418579,3.5384380817413335,0.11897246539592743,0.43137189745903026,0.43137189745903026,0.43137189745903026,0.43137189745903026,0.0469999983906746,0.0469999983906746,0.0469999983906746,0.0469999983906746,41.42426184156155
cat-3400624,0.005,148.389556885,1.0,2.3265130519866943,2.3265130519866943,2.3265130519866943,2.3265130519866943,3,8,2.580667251734339e-07,2.580667251734339e-07,2.580667251734339e-07,2.580667251734339e-07,0.058800246028241424,0.058800246028241424,0.058800246028241424,0.058800246028241424,0.26914891600608826,2.0,6.977726568688563,0.4788092403690772,0.4788092403690772,0.4788092403690772,0.4788092403690772,3.538438081741333,0.11897246539592743,0.4463085595366034,0.4463085595366034,0.4463085595366034,0.4463085595366034,0.0741467314903646,0.0741467314903646,0.0741467314903646,0.0741467314903646,33.82126776595474
cat-3400558,0.005,148.389556885,1.0,2.3265130519866943,2.3265130519866943,2.3265130519866943,2.3265130519866943,3,14,4.029057711837575e-06,4.029057711837575e-06,4.029057711837575e-06,4.029057711837575e-06,0.14924999624757554,0.14924999624757554,0.14924999624757554,0.14924999624757554,0.26914891600608826,2.0,5.782075192585979,0.6398879153131976,0.6398879153131976,0.6398879153131976,0.6398879153131976,3.538438081741333,0.11897246539592743,0.429265616297147,0.429265616297147,0.429265616297147,0.429265616297147,0.04405957181527694,0.04405957181527694,0.04405957181527694,0.04405957181527694,38.02824449685275
cat-3400592,0.005,148.389556885,1.0,2.3265130519866943,2.3265130519866943,2.3265130519866943,2.3265130519866943,3,14,3.042157982905888e-08,3.042157982905888e-08,3.042157982905888e-08,3.042157982905888e-08,0.0070382311022342894,0.0070382311022342894,0.0070382311022342894,0.0070382311022342894,0.26914891600608826,2.0,5.83824658826395,0.6000000238418579,0.6000000238418579,0.6000000238418579,0.6000000238418579,3.538438081741333,0.11897246539592743,0.4313718974590301,0.4313718974590301,0.4313718974590301,0.4313718974590301,0.04699999839067459,0.04699999839067459,0.04699999839067459,0.04699999839067459,37.83060180661508
cat-3400578,0.005,148.389556885,1.0,2.3265130519866943,2.3265130519866943,2.3265130519866943,2.3265130519866943,3,7,1.0509353991331609e-07,1.0509353991331609e-07,1.0509353991331609e-07,1.0509353991331609e-07,0.006106403521930219,0.006106403521930219,0.006106403521930219,0.006106403521930219,0.2691489160060883,2.0,6.535601413911533,0.600000023841858,0.600000023841858,0.600000023841858,0.600000023841858,3.538438081741333,0.11897246539592744,0.4313718974590301,0.4313718974590301,0.4313718974590301,0.4313718974590301,0.04699999839067459,0.04699999839067459,0.04699999839067459,0.04699999839067459,35.37691373054572
cat-3400591,0.005,148.389556885,1.0,2.3265130519866943,2.3265130519866943,2.3265130519866943,2.3265130519866943,3,14,2.513427225164924e-07,2.513427225164924e-07,2.513427225164924e-07,2.513427225164924e-07,0.05814977975752763,0.05814977975752763,0.05814977975752763,0.05814977975752763,0.26914891600608826,2.0,4.944223196059962,0.6002374000739377,0.6002374000739377,0.6002374000739377,0.6002374000739377,3.5384380817413335,0.11897246539592742,0.43135795565619234,0.43135795565619234,0.43135795565619234,0.43135795565619234,0.046979497715866625,0.046979497715866625,0.046979497715866625,0.046979497715866625,40.976280959463715
cat-3400603,0.005,148.389556885,1.0,2.3265130519866943,2.3265130519866943,2.3265130519866943,2.3265130519866943,3,8,1.6264406198825544e-07,1.6264406198825544e-07,1.6264406198825544e-07,1.6264406198825544e-07,0.037628765570748235,0.037628765570748235,0.037628765570748235,0.037628765570748235,0.26914891600608826,2.0,6.86927969635713,0.6816703476366824,0.6816703476366824,0.6816703476366824,0.6816703476366824,3.538438081741333,0.11897246539592743,0.4265751596303541,0.4265751596303541,0.4265751596303541,0.4265751596303541,0.03994665216932511,0.03994665216932511,0.03994665216932511,0.03994665216932511,34.20284510325867
cat-3400546,0.005,148.389556885,1.0,2.3265130519866943,2.3265130519866943,2.3265130519866943,2.3265130519866943,3,14,5.324875002290143e-07,5.324875002290143e-07,5.324875002290143e-07,5.324875002290143e-07,0.05577671108086986,0.05577671108086986,0.05577671108086986,0.05577671108086986,0.26914891600608826,2.0,6.109427277293667,0.6397869058188171,0.6397869058188171,0.6397869058188171,0.6397869058188171,3.538438081741333,0.11897246539592744,0.4290350971012477,0.4290350971012477,0.4290350971012477,0.4290350971012477,0.04356385854682539,0.04356385854682539,0.04356385854682539,0.04356385854682539,36.876435005640275
cat-3400589,0.005,148.389556885,1.0,2.3265130519866943,2.3265130519866943,2.3265130519866943,2.3265130519866943,3,14,2.0434372969191034e-07,2.0434372969191034e-07,2.0434372969191034e-07,2.0434372969191034e-07,0.036651006463035686,0.036651006463035686,0.036651006463035686,0.036651006463035686,0.26914891600608826,2.0,5.64127582483422,0.6000000238418579,0.6000000238418579,0.6000000238418579,0.6000000238418579,3.538438081741333,0.11897246539592743,0.43137189745903015,0.43137189745903015,0.43137189745903015,0.43137189745903015,0.04699999839067459,0.04699999839067459,0.04699999839067459,0.04699999839067459,38.52365618264667
cat-3400571,0.005,148.389556885,1.0,2.3265130519866943,2.3265130519866943,2.3265130519866943,2.3265130519866943,3,14,2.465989585040821e-07,2.465989585040821e-07,2.465989585040821e-07,2.465989585040821e-07,0.017303876369502237,0.017303876369502237,0.017303876369502237,0.017303876369502237,0.26914891600608826,2.0,4.762934355361949,0.6000000238418579,0.6000000238418579,0.6000000238418579,0.6000000238418579,3.5384380817413326,0.11897246539592743,0.4313718974590302,0.4313718974590302,0.4313718974590302,0.4313718974590302,0.04699999839067459,0.04699999839067459,0.04699999839067459,0.04699999839067459,41.61415747567205
cat-3400623,0.005,148.389556885,1.0,2.3265130519866943,2.3265130519866943,2.3265130519866943,2.3265130519866943,3,14,1.8295437842089518e-07,1.8295437842089518e-07,1.8295437842089518e-07,1.8295437842089518e-07,0.04232768987434012,0.04232768987434012,0.04232768987434012,0.04232768987434012,0.26914891600608826,2.0,4.785345151534749,0.6000000238418579,0.6000000238418579,0.6000000238418579,0.6000000238418579,3.5384380817413335,0.11897246539592743,0.4313718974590301,0.4313718974590301,0.4313718974590301,0.4313718974590301,0.04699999839067459,0.04699999839067459,0.04699999839067459,0.04699999839067459,41.535303639257634
cat-3400572,0.005,148.389556885,1.0,2.3265130519866943,2.3265130519866943,2.3265130519866943,2.3265130519866943,3,14,1.62378671147841e-07,1.62378671147841e-07,1.62378671147841e-07,1.62378671147841e-07,0.011394129430355192,0.011394129430355192,0.011394129430355192,0.011394129430355192,0.2691489160060883,2.0,5.46960978041317,0.5991123611009843,0.5991123611009843,0.5991123611009843,0.5991123611009843,3.538438081741333,0.11897246539592743,0.43148130114484967,0.43148130114484967,0.43148130114484967,0.43148130114484967,0.047198834827064565,0.047198834827064565,0.047198834827064565,0.047198834827064565,39.12767426751583
cat-3400575,0.005,148.389556885,1.0,2.3265130519866943,2.3265130519866943,2.3265130519866943,2.3265130519866943,3,14,3.314259377491332e-07,3.314259377491332e-07,3.314259377491332e-07,3.314259377491332e-07,0.03309278228247914,0.03309278228247914,0.03309278228247914,0.03309278228247914,0.26914891600608826,2.0,5.189117113878005,0.6000000238418579,0.6000000238418579,0.6000000238418579,0.6000000238418579,3.538438081741333,0.11897246539592743,0.43137189745903015,0.43137189745903015,0.43137189745903015,0.43137189745903015,0.04699999839067459,0.04699999839067459,0.04699999839067459,0.04699999839067459,40.114605863870835
cat-3400576,0.005,148.389556885,1.0,2.3265130519866943,2.3265130519866943,2.3265130519866943,2.3265130519866943,3,7,3.4843005039950905e-07,3.4843005039950905e-07,3.4843005039950905e-07,3.4843005039950905e-07,0.021559531124221022,0.021559531124221022,0.021559531124221022,0.021559531124221022,0.26914891600608826,2.0,6.550076208535238,0.6000000238418579,0.6000000238418579,0.6000000238418579,0.6000000238418579,3.5384380817413326,0.11897246539592743,0.43137189745903015,0.43137189745903015,0.43137189745903015,0.43137189745903015,0.04699999839067459,0.04699999839067459,0.04699999839067459,0.04699999839067459,35.32598322907718
cat-3400593,0.005,148.389556885,1.0,2.3265130519866943,2.3265130519866943,2.3265130519866943,2.3265130519866943,3,7,2.3455542143369947e-07,2.3455542143369947e-07,2.3455542143369947e-07,2.3455542143369947e-07,0.054265928055301955,0.054265928055301955,0.054265928055301955,0.054265928055301955,0.2691489160060882,2.0,5.974653362840243,0.6000000238418578,0.6000000238418578,0.6000000238418578,0.6000000238418578,3.5384380817413326,0.11897246539592743,0.4313718974590302,0.4313718974590302,0.4313718974590302,0.4313718974590302,0.04699999839067459,0.04699999839067459,0.04699999839067459,0.04699999839067459,37.350645744129785
cat-3400602,0.005,148.389556885,1.0,2.0909171104431152,2.0909171104431152,2.0909171104431152,2.0909171104431152,2,8,3.7623453323760217e-07,3.7623453323760217e-07,3.7623453323760217e-07,3.7623453323760217e-07,0.08704431553019086,0.08704431553019086,0.08704431553019086,0.08704431553019086,0.26914891600608826,2.0,6.643102892774749,0.7772651189007576,0.7772651189007576,0.7772651189007576,0.7772651189007576,3.5384380817413326,0.11897246539592743,0.42096059813188386,0.42096059813188386,0.42096059813188386,0.42096059813188386,0.03169074001731573,0.03169074001731573,0.03169074001731573,0.03169074001731573,34.998662821330974
cat-3400594,0.005,148.389556885,1.0,2.3265130519866943,2.3265130519866943,2.3265130519866943,2.3265130519866943,3,14,2.8498911089964917e-07,2.8498911089964917e-07,2.8498911089964917e-07,2.8498911089964917e-07,0.06593409137207377,0.06593409137207377,0.06593409137207377,0.06593409137207377,0.26914891600608826,2.0,5.8679120260755715,0.6283673713997341,0.6283673713997341,0.6283673713997341,0.6283673713997341,3.538438081741333,0.11897246539592743,0.4297057998753851,0.4297057998753851,0.4297057998753851,0.4297057998753851,0.044550091075384476,0.044550091075384476,0.044550091075384476,0.044550091075384476,37.72622204418616
cat-3400547,0.005,148.389556885,1.0,2.3265130519866943,2.3265130519866943,2.3265130519866943,2.3265130519866943,3,14,1.2348391501846887e-06,1.2348391501846887e-06,1.2348391501846887e-06,1.2348391501846887e-06,0.05464231695063194,0.05464231695063194,0.05464231695063194,0.05464231695063194,0.26914891600608826,2.0,4.766575200479033,0.5066108055579776,0.5066108055579776,0.5066108055579776,0.5066108055579776,3.5384380817413326,0.11897246539592744,0.4428820400228692,0.4428820400228692,0.4428820400228692,0.4428820400228692,0.06791918143820885,0.06791918143820885,0.06791918143820885,0.06791918143820885,41.60134692654836
cat-3400559,0.005,148.389556885,1.0,2.3265130519866943,2.3265130519866943,2.3265130519866943,2.3265130519866943,3,8,1.5490584100879724e-06,1.5490584100879724e-06,1.5490584100879724e-06,1.5490584100879724e-06,0.012611877099623412,0.012611877099623412,0.012611877099623412,0.012611877099623412,0.2571046973648111,2.0,6.050434702170927,0.6000000238418579,0.6000000238418579,0.6000000238418579,0.6000000238418579,3.1828819674772793,0.14244864974634502,0.43091751366020214,0.43091751366020214,0.43091751366020214,0.43091751366020214,0.0469999983906746,0.0469999983906746,0.0469999983906746,0.0469999983906746,36.53881661186957
cat-3400620,0.005,148.389556885,1.0,2.3265130519866943,2.3265130519866943,2.3265130519866943,2.3265130519866943,3,8,7.804287048416799e-08,7.804287048416799e-08,7.804287048416799e-08,7.804287048416799e-08,0.017665948328098195,0.017665948328098195,0.017665948328098195,0.017665948328098195,0.26914891600608826,2.0,6.976497142875489,0.6000000238418579,0.6000000238418579,0.6000000238418579,0.6000000238418579,3.538438081741333,0.11897246539592743,0.43137189745903015,0.43137189745903015,0.43137189745903015,0.43137189745903015,0.04699999839067459,0.04699999839067459,0.04699999839067459,0.04699999839067459,33.825593580227476
cat-3400560,0.005,148.389556885,1.0,4.010045051574707,4.010045051574707,4.010045051574707,4.010045051574707,9,8,1.4960983934753407e-06,1.4960983934753407e-06,1.4960983934753407e-06,1.4960983934753407e-06,0.052492517211732766,0.052492517211732766,0.052492517211732766,0.052492517211732766,0.26914891600608826,2.0,6.697339953031147,0.4596099528821454,0.4596099528821454,0.4596099528821454,0.4596099528821454,3.5384380817413335,0.11897246539592742,0.4486748555626283,0.4486748555626283,0.4486748555626283,0.4486748555626283,0.07844737150750763,0.07844737150750763,0.07844737150750763,0.07844737150750763,34.8078262154344
cat-3400587,0.005,148.389556885,1.0,2.3265130519866943,2.3265130519866943,2.3265130519866943,2.3265130519866943,3,8,2.781358971668434e-07,2.781358971668434e-07,2.781358971668434e-07,2.781358971668434e-07,0.028312506106920727,0.028312506106920727,0.028312506106920727,0.028312506106920727,0.26361569912744,2.0,6.704241808938317,0.6000000238418579,0.6000000238418579,0.6000000238418579,0.6000000238418579,3.3750925670717464,0.12975762492871837,0.4311631496622703,0.4311631496622703,0.4311631496622703,0.4311631496622703,0.04699999839067459,0.04699999839067459,0.04699999839067459,0.04699999839067459,34.56671550524583
cat-3400619,0.005,148.389556885,1.0,2.3265130519866943,2.3265130519866943,2.3265130519866943,2.3265130519866943,3,8,1.0496785281478886e-07,1.0496785281478886e-07,1.0496785281478886e-07,1.0496785281478886e-07,0.023723620198818164,0.023723620198818164,0.023723620198818164,0.023723620198818164,0.26914891600608826,2.0,7.109982967376709,0.6000000238418578,0.6000000238418578,0.6000000238418578,0.6000000238418578,3.538438081741333,0.11897246539592743,0.43137189745903015,0.43137189745903015,0.43137189745903015,0.43137189745903015,0.04699999839067459,0.04699999839067459,0.04699999839067459,0.04699999839067459,33.35591506958008
cat-3400588,0.005,148.389556885,1.0,4.010045051574707,4.010045051574707,4.010045051574707,4.010045051574707,9,7,2.0336361116869134e-07,2.0336361116869134e-07,2.0336361116869134e-07,2.0336361116869134e-07,0.04704949911322347,0.04704949911322347,0.04704949911322347,0.04704949911322347,0.26914891600608826,2.0,7.109982967376708,0.43729414504074277,0.43729414504074277,0.43729414504074277,0.43729414504074277,3.5384380817413335,0.11897246539592743,0.45142526009970224,0.45142526009970224,0.45142526009970224,0.45142526009970224,0.0834461120223801,0.0834461120223801,0.0834461120223801,0.0834461120223801,33.355915069580085
cat-3400621,0.005,148.389556885,1.0,2.3265130519866943,2.3265130519866943,2.3265130519866943,2.3265130519866943,3,14,3.6975817906127215e-07,3.6975817906127215e-07,3.6975817906127215e-07,3.6975817906127215e-07,0.08419890235666731,0.08419890235666731,0.08419890235666731,0.08419890235666731,0.26914891600608826,2.0,5.1340978619434505,0.4936782554948086,0.4936782554948086,0.4936782554948086,0.4936782554948086,3.538438081741333,0.11897246539592743,0.44447596593505073,0.44447596593505073,0.44447596593505073,0.44447596593505073,0.07081607239643985,0.07081607239643985,0.07081607239643985,0.07081607239643985,40.30819466179835
cat-3400561,0.005,148.389556885,1.0,2.3265130519866943,2.3265130519866943,2.3265130519866943,2.3265130519866943,3,14,4.454100546817011e-06,4.454100546817011e-06,4.454100546817011e-06,4.454100546817011e-06,0.13721939700001803,0.13721939700001803,0.13721939700001803,0.13721939700001803,0.26914891600608826,2.0,6.053889827079106,0.5612608792503724,0.5612608792503724,0.5612608792503724,0.5612608792503724,3.538438081741333,0.11897246539592743,0.4361464644298529,0.4361464644298529,0.4361464644298529,0.4361464644298529,0.055677566012568507,0.055677566012568507,0.055677566012568507,0.055677566012568507,37.07184711774579
cat-3400617,0.005,148.389556885,1.0,2.3265130519866943,2.3265130519866943,2.3265130519866943,2.3265130519866943,3,8,1.9701686466866026e-07,1.9701686466866026e-07,1.9701686466866026e-07,1.9701686466866026e-07,0.045581137875394334,0.045581137875394334,0.045581137875394334,0.045581137875394334,0.26914891600608826,2.0,7.0916921990895885,0.600000023841858,0.600000023841858,0.600000023841858,0.600000023841858,3.5384380817413326,0.11897246539592742,0.4313718974590302,0.4313718974590302,0.4313718974590302,0.4313718974590302,0.0469999983906746,0.0469999983906746,0.0469999983906746,0.0469999983906746,33.42027232129419
cat-3400565,0.005,148.389556885,1.0,2.3265130519866943,2.3265130519866943,2.3265130519866943,2.3265130519866943,3,7,1.834944860991357e-06,1.834944860991357e-06,1.834944860991357e-06,1.834944860991357e-06,0.0390257157680243,0.0390257157680243,0.0390257157680243,0.0390257157680243,0.26420838569289845,2.0,6.989684580419934,0.6000000238418579,0.6000000238418579,0.6000000238418579,0.6000000238418579,3.3925892049581368,0.12860238028503232,0.4311855095331053,0.4311855095331053,0.4311855095331053,0.4311855095331053,0.0469999983906746,0.0469999983906746,0.0469999983906746,0.0469999983906746,33.55975969046125
cat-3400616,0.005,148.389556885,1.0,2.3265130519866943,2.3265130519866943,2.3265130519866943,2.3265130519866943,3,7,3.96982858671849e-08,3.96982858671849e-08,3.96982858671849e-08,3.96982858671849e-08,0.014489785551548133,0.014489785551548133,0.014489785551548133,0.014489785551548133,0.2682483404582727,2.0,7.100695681761964,0.6000000238418578,0.6000000238418578,0.6000000238418578,0.6000000238418578,3.5118522855249528,0.12072783684937646,0.43133792207625643,0.43133792207625643,0.43133792207625643,0.43133792207625643,0.046999998390674584,0.046999998390674584,0.046999998390674584,0.046999998390674584,33.34521447699336
cat-3400618,0.005,148.389556885,1.0,2.3265130519866943,2.3265130519866943,2.3265130519866943,2.3265130519866943,3,14,1.295958625114258e-07,1.295958625114258e-07,1.295958625114258e-07,1.295958625114258e-07,0.029982848864986516,0.029982848864986516,0.029982848864986516,0.029982848864986516,0.26914891600608826,2.0,5.812365473349888,0.6000000238418579,0.6000000238418579,0.6000000238418579,0.6000000238418579,3.5384380817413335,0.11897246539592743,0.4313718974590301,0.4313718974590301,0.4313718974590301,0.4313718974590301,0.04699999839067459,0.04699999839067459,0.04699999839067459,0.04699999839067459,37.92166618406603
cat-3400566,0.005,148.389556885,1.0,2.3265130519866943,2.3265130519866943,2.3265130519866943,2.3265130519866943,3,7,4.444108758303265e-06,4.444108758303265e-06,4.444108758303265e-06,4.444108758303265e-06,0.040024662685682784,0.040024662685682784,0.040024662685682784,0.040024662685682784,0.26914891600608826,2.0,6.6076100306938725,0.4755408401433183,0.4755408401433183,0.4755408401433183,0.4755408401433183,3.5384380817413326,0.11897246539592743,0.4467113871139777,0.4467113871139777,0.4467113871139777,0.4467113871139777,0.0748788530762571,0.0748788530762571,0.0748788530762571,0.0748788530762571,35.12354675311211
cat-3400582,0.005,148.389556885,1.0,4.010045051574707,4.010045051574707,4.010045051574707,4.010045051574707,9,7,1.5884938881035057e-07,1.5884938881035057e-07,1.5884938881035057e-07,1.5884938881035057e-07,0.031833001162882055,0.031833001162882055,0.031833001162882055,0.031833001162882055,0.26914891600608826,2.0,7.034276080550233,0.3719445388265847,0.3719445388265847,0.3719445388265847,0.3719445388265847,3.538438081741333,0.11897246539592743,0.45947954407206887,0.45947954407206887,0.45947954407206887,0.45947954407206887,0.09808442252116517,0.09808442252116517,0.09808442252116517,0.09808442252116517,33.74413327223322
cat-3400622,0.005,148.389556885,1.0,2.3265130519866943,2.3265130519866943,2.3265130519866943,2.3265130519866943,3,14,2.066114853561704e-07,2.066114853561704e-07,2.066114853561704e-07,2.066114853561704e-07,0.04676901043810486,0.04676901043810486,0.04676901043810486,0.04676901043810486,0.26914891600608826,2.0,5.110635540858658,0.6122070458126484,0.6122070458126484,0.6122070458126484,0.6122070458126484,3.538438081741333,0.11897246539592743,0.43196613394989114,0.43196613394989114,0.43196613394989114,0.43196613394989114,0.04874299766543008,0.04874299766543008,0.04874299766543008,0.04874299766543008,40.390748356654065
cat-3400601,0.005,148.389556885,1.0,4.010045051574707,4.010045051574707,4.010045051574707,4.010045051574707,9,7,1.1816715335179894e-07,1.1816715335179894e-07,1.1816715335179894e-07,1.1816715335179894e-07,0.027338742388016504,0.027338742388016504,0.027338742388016504,0.027338742388016504,0.26914891600608826,2.0,7.109982967376709,0.3499999940395355,0.3499999940395355,0.3499999940395355,0.3499999940395355,3.538438081741333,0.11897246539592744,0.46218419075012207,0.46218419075012207,0.46218419075012207,0.46218419075012207,0.10300000011920929,0.10300000011920929,0.10300000011920929,0.10300000011920929,33.98569753711367
cat-3400562,0.005,148.389556885,1.0,4.010045051574707,4.010045051574707,4.010045051574707,4.010045051574707,9,14,2.9131601947647235e-06,2.9131601947647235e-06,2.9131601947647235e-06,2.9131601947647235e-06,0.16203739277755191,0.16203739277755191,0.16203739277755191,0.16203739277755191,0.26914891600608826,2.0,5.720267858949515,0.4847279890847743,0.4847279890847743,0.4847279890847743,0.4847279890847743,3.5384380817413326,0.11897246539592744,0.4474907847742657,0.4474907847742657,0.4474907847742657,0.4474907847742657,0.07689928945985251,0.07689928945985251,0.07689928945985251,0.07689928945985251,38.2457175994682
cat-3400600,0.005,148.389556885,1.0,2.3265130519866943,2.3265130519866943,2.3265130519866943,2.3265130519866943,3,7,2.6652841751642637e-07,2.6652841751642637e-07,2.6652841751642637e-07,2.6652841751642637e-07,0.06166308943631964,0.06166308943631964,0.06166308943631964,0.06166308943631964,0.25661658985338887,2.0,6.980741958469043,0.5264081920749271,0.5264081920749271,0.5264081920749271,0.5264081920749271,3.168472596867749,0.14340005242859957,0.439949575764885,0.439949575764885,0.439949575764885,0.439949575764885,0.0634845672501775,0.0634845672501775,0.0634845672501775,0.0634845672501775,33.207006611373316
cat-3400563,0.005,148.389556885,1.0,2.3265130519866943,2.3265130519866943,2.3265130519866943,2.3265130519866943,3,7,1.4129527586212229e-06,1.4129527586212229e-06,1.4129527586212229e-06,1.4129527586212229e-06,0.14427592497066777,0.14427592497066777,0.14427592497066777,0.14427592497066777,0.26914891600608826,2.0,6.66002870121439,0.536793679420946,0.536793679420946,0.536793679420946,0.536793679420946,3.538438081741333,0.11897246539592742,0.43916202621899414,0.43916202621899414,0.43916202621899414,0.43916202621899414,0.061158218290184946,0.061158218290184946,0.061158218290184946,0.061158218290184946,35.53519812955972
cat-3400581,0.005,148.389556885,1.0,2.3265130519866943,2.3265130519866943,2.3265130519866943,2.3265130519866943,3,8,5.275594630048492e-07,5.275594630048492e-07,5.275594630048492e-07,5.275594630048492e-07,0.09104947847075945,0.09104947847075945,0.09104947847075945,0.09104947847075945,0.260069705061596,2.0,6.761695732502287,0.6000000238418579,0.6000000238418579,0.6000000238418579,0.6000000238418579,3.270411648466205,0.13666935684546913,0.43102937242837513,0.43102937242837513,0.43102937242837513,0.43102937242837513,0.04699999839067459,0.04699999839067459,0.04699999839067459,0.04699999839067459,34.145593228467796
cat-3400586,0.005,148.389556885,1.0,4.010045051574707,4.010045051574707,4.010045051574707,4.010045051574707,9,7,1.7369389564439224e-07,1.7369389564439224e-07,1.7369389564439224e-07,1.7369389564439224e-07,0.032864021329254374,0.032864021329254374,0.032864021329254374,0.032864021329254374,0.245965175922083,2.0,6.870898066281588,0.3499999940395355,0.3499999940395355,0.3499999940395355,0.3499999940395355,2.8540333242482747,0.16416142886085486,0.46124708041382156,0.46124708041382156,0.46124708041382156,0.46124708041382156,0.10300000011920929,0.10300000011920929,0.10300000011920929,0.10300000011920929,33.08044705595582
cat-3400564,0.005,148.389556885,1.0,4.010045051574707,4.010045051574707,4.010045051574707,4.010045051574707,9,7,1.8971479562268965e-06,1.8971479562268965e-06,1.8971479562268965e-06,1.8971479562268965e-06,0.1604603894632595,0.1604603894632595,0.1604603894632595,0.1604603894632595,0.26914891600608826,2.0,7.102429702484107,0.3499999940395355,0.3499999940395355,0.3499999940395355,0.3499999940395355,3.538438081741333,0.11897246539592742,0.46218419075012207,0.46218419075012207,0.46218419075012207,0.46218419075012207,0.1030000001192093,0.1030000001192093,0.1030000001192093,0.1030000001192093,33.38249172083528
cat-3400548,0.005,148.389556885,1.0,2.3265130519866943,2.3265130519866943,2.3265130519866943,2.3265130519866943,3,14,3.977142438898254e-07,3.977142438898254e-07,3.977142438898254e-07,3.977142438898254e-07,0.048588382680445984,0.048588382680445984,0.048588382680445984,0.048588382680445984,0.26914891600608826,2.0,5.569903534959224,0.5121396330444626,0.5121396330444626,0.5121396330444626,0.5121396330444626,3.538438081741333,0.11897246539592743,0.44220061668782346,0.44220061668782346,0.44220061668782346,0.44220061668782346,0.06668072419064472,0.06668072419064472,0.06668072419064472,0.06668072419064472,38.77478420268355
cat-3400585,0.005,148.389556885,1.0,4.010045051574707,4.010045051574707,4.010045051574707,4.010045051574707,9,7,1.4420095451184708e-07,1.4420095451184708e-07,1.4420095451184708e-07,1.4420095451184708e-07,0.022955103842811003,0.022955103842811003,0.022955103842811003,0.022955103842811003,0.25953943592913925,2.0,6.867963639668135,0.35120582000366535,0.35120582000366535,0.35120582000366535,0.35120582000366535,3.2547576290676914,0.13770293953602467,0.4616471487637598,0.4616471487637598,0.4616471487637598,0.4616471487637598,0.10272989512710598,0.10272989512710598,0.10272989512710598,0.10272989512710598,33.81328349422184
cat-3400549,0.005,148.389556885,1.0,4.010045051574707,4.010045051574707,4.010045051574707,4.010045051574707,9,7,1.1340893222348948e-06,1.1340893222348948e-06,1.1340893222348948e-06,1.1340893222348948e-06,0.14571436523708983,0.14571436523708983,0.14571436523708983,0.14571436523708983,0.26914891600608826,2.0,6.645513439353811,0.4237253723673043,0.4237253723673043,0.4237253723673043,0.4237253723673043,3.5384380817413335,0.11897246539592742,0.45309759991320037,0.45309759991320037,0.45309759991320037,0.45309759991320037,0.08648551683272142,0.08648551683272142,0.08648551683272142,0.08648551683272142,34.99018115721921
cat-3400631,0.005,148.389556885,1.0,2.3265130519866943,2.3265130519866943,2.3265130519866943,2.3265130519866943,3,14,3.119227903141439e-07,3.119227903141439e-07,3.119227903141439e-07,3.119227903141439e-07,0.07069778170700841,0.07069778170700841,0.07069778170700841,0.07069778170700841,0.26914891600608826,2.0,4.854054376456244,0.6000000238418579,0.6000000238418579,0.6000000238418579,0.6000000238418579,3.5384380817413326,0.11897246539592743,0.4313718974590302,0.4313718974590302,0.4313718974590302,0.4313718974590302,0.04699999839067459,0.04699999839067459,0.04699999839067459,0.04699999839067459,41.29354578557206
cat-3400608,0.005,148.389556885,1.0,2.3265130519866943,2.3265130519866943,2.3265130519866943,2.3265130519866943,3,8,3.0417140666022065e-07,3.0417140666022065e-07,3.0417140666022065e-07,3.0417140666022065e-07,0.014694668550697709,0.014694668550697709,0.014694668550697709,0.014694668550697709,0.2691489160060882,2.0,5.9531940109152135,0.5972066887325577,0.5972066887325577,0.5972066887325577,0.5972066887325577,3.5384380817413335,0.11897246539592744,0.4317161736605815,0.4317161736605815,0.4317161736605815,0.4317161736605815,0.047625705399881244,0.047625705399881244,0.047625705399881244,0.047625705399881244,37.42615186239565
cat-3400615,0.005,148.389556885,1.0,4.010045051574707,4.010045051574707,4.010045051574707,4.010045051574707,9,7,1.4336191538231882e-07,1.4336191538231882e-07,1.4336191538231882e-07,1.4336191538231882e-07,0.07025547320391722,0.07025547320391722,0.07025547320391722,0.07025547320391722,0.26474277665674806,2.0,6.98756340396711,0.3885687985065245,0.3885687985065245,0.3885687985065245,0.3885687985065245,3.4083649045085407,0.12756076345988313,0.45725251742574846,0.45725251742574846,0.45725251742574846,0.45725251742574846,0.0943605886818318,0.0943605886818318,0.0943605886818318,0.0943605886818318,33.61462799177411
cat-3400550,0.005,148.389556885,1.0,2.3265130519866943,2.3265130519866943,2.3265130519866943,2.3265130519866943,3,8,1.537320369203186e-07,1.537320369203186e-07,1.537320369203186e-07,1.537320369203186e-07,0.021252795407188337,0.021252795407188337,0.021252795407188337,0.021252795407188337,0.26618956903284857,2.0,6.512582700559658,0.5138313377473539,0.5138313377473539,0.5138313377473539,0.5138313377473539,3.4510755103779975,0.12474072460558085,0.4418804702967874,0.4418804702967874,0.4418804702967874,0.4418804702967874,0.0663017823706738,0.0663017823706738,0.0663017823706738,0.0663017823706738,35.32027229681451
cat-3400609,0.005,148.389556885,1.0,2.3265130519866943,2.3265130519866943,2.3265130519866943,2.3265130519866943,3,14,6.903735209895414e-08,6.903735209895414e-08,6.903735209895414e-08,6.903735209895414e-08,0.004844358681986587,0.004844358681986587,0.004844358681986587,0.004844358681986587,0.26914891600608826,2.0,4.948094369867036,0.6000000238418579,0.6000000238418579,0.6000000238418579,0.6000000238418579,3.538438081741333,0.11897246539592742,0.43137189745903015,0.43137189745903015,0.43137189745903015,0.43137189745903015,0.04699999839067459,0.04699999839067459,0.04699999839067459,0.04699999839067459,40.96265998394099
cat-3400567,0.005,148.389556885,1.0,2.3265130519866943,2.3265130519866943,2.3265130519866943,2.3265130519866943,3,14,4.6746357921672995e-06,4.6746357921672995e-06,4.6746357921672995e-06,4.6746357921672995e-06,0.04210084202155073,0.04210084202155073,0.04210084202155073,0.04210084202155073,0.26914891600608826,2.0,5.693091967645106,0.6000000238418579,0.6000000238418579,0.6000000238418579,0.6000000238418579,3.538438081741332,0.11897246539592744,0.4313718974590302,0.4313718974590302,0.4313718974590302,0.4313718974590302,0.046999998390674584,0.046999998390674584,0.046999998390674584,0.046999998390674584,38.3413377314265
cat-3400595,0.005,148.389556885,1.0,2.3265130519866943,2.3265130519866943,2.3265130519866943,2.3265130519866943,3,8,2.563642091422314e-07,2.563642091422314e-07,2.563642091422314e-07,2.563642091422314e-07,0.059311533471414955,0.059311533471414955,0.059311533471414955,0.059311533471414955,0.2691489160060883,2.0,5.9857507163879875,0.6000000238418579,0.6000000238418579,0.6000000238418579,0.6000000238418579,3.538438081741333,0.11897246539592746,0.43137189745903015,0.43137189745903015,0.43137189745903015,0.43137189745903015,0.04699999839067459,0.04699999839067459,0.04699999839067459,0.04699999839067459,37.3115989876228
cat-3400632,0.005,148.389556885,1.0,2.3265130519866943,2.3265130519866943,2.3265130519866943,2.3265130519866943,3,8,1.857850705484003e-07,1.857850705484003e-07,1.857850705484003e-07,1.857850705484003e-07,0.042146579727296,0.042146579727296,0.042146579727296,0.042146579727296,0.26914891600608826,2.0,6.7721288489369345,0.6000000238418579,0.6000000238418579,0.6000000238418579,0.6000000238418579,3.538438081741333,0.11897246539592743,0.4313718974590301,0.4313718974590301,0.4313718974590301,0.4313718974590301,0.04699999839067459,0.04699999839067459,0.04699999839067459,0.04699999839067459,34.54467664600823
cat-3400568,0.005,148.389556885,1.0,2.3265130519866943,2.3265130519866943,2.3265130519866943,2.3265130519866943,3,14,2.2105205140285657e-06,2.2105205140285657e-06,2.2105205140285657e-06,2.2105205140285657e-06,0.027973858322028027,0.027973858322028027,0.027973858322028027,0.027973858322028027,0.26914891600608826,2.0,5.870896682999538,0.5884398130335325,0.5884398130335325,0.5884398130335325,0.5884398130335325,3.538438081741333,0.11897246539592743,0.4327966837129143,0.4327966837129143,0.4327966837129143,0.4327966837129143,0.049589485382977486,0.049589485382977486,0.049589485382977486,0.049589485382977486,37.71572033567831
cat-3400614,0.005,148.389556885,1.0,4.010045051574707,4.010045051574707,4.010045051574707,4.010045051574707,9,8,2.2767075037535505e-07,2.2767075037535505e-07,2.2767075037535505e-07,2.2767075037535505e-07,0.03282477568214029,0.03282477568214029,0.03282477568214029,0.03282477568214029,0.26914891600608826,2.0,7.109982967376709,0.3499999940395355,0.3499999940395355,0.3499999940395355,0.3499999940395355,3.538438081741333,0.11897246539592743,0.46218419075012207,0.46218419075012207,0.46218419075012207,0.46218419075012207,0.10300000011920929,0.10300000011920929,0.10300000011920929,0.10300000011920929,33.35591506958008
cat-3400551,0.005,148.389556885,1.0,4.010045051574707,4.010045051574707,4.010045051574707,4.010045051574707,9,8,9.374266564000582e-07,9.374266564000582e-07,9.374266564000582e-07,9.374266564000582e-07,0.12815937177334288,0.12815937177334288,0.12815937177334288,0.12815937177334288,0.26792207607876284,2.0,6.594564946040008,0.36411566790616806,0.36411566790616806,0.36411566790616806,0.36411566790616806,3.502220669024425,0.1213637803628973,0.4603948557080707,0.4603948557080707,0.4603948557080707,0.4603948557080707,0.09983808945241501,0.09983808945241501,0.09983808945241501,0.09983808945241501,35.121547401659235
cat-3400573,0.005,148.389556885,1.0,2.3265130519866943,2.3265130519866943,2.3265130519866943,2.3265130519866943,3,14,5.113424920461673e-07,5.113424920461673e-07,5.113424920461673e-07,5.113424920461673e-07,0.03588095958926608,0.03588095958926608,0.03588095958926608,0.03588095958926608,0.26914891600608826,2.0,5.216431721501816,0.5157955050381345,0.5157955050381345,0.5157955050381345,0.5157955050381345,3.538438081741333,0.11897246539592743,0.44175003354112224,0.44175003354112224,0.44175003354112224,0.44175003354112224,0.06586180893640733,0.06586180893640733,0.06586180893640733,0.06586180893640733,40.01849764956713
cat-3400599,0.005,148.389556885,1.0,4.010045051574707,4.010045051574707,4.010045051574707,4.010045051574707,9,8,1.014509866211115e-07,1.014509866211115e-07,1.014509866211115e-07,1.014509866211115e-07,0.023471348082554515,0.023471348082554515,0.023471348082554515,0.023471348082554515,0.26775392330282405,2.0,7.059517993899478,0.3499999940395355,0.3499999940395355,0.3499999940395355,0.3499999940395355,3.4972566485764225,0.12169153807674728,0.4621278037272968,0.4621278037272968,0.4621278037272968,0.4621278037272968,0.10300000011920929,0.10300000011920929,0.10300000011920929,0.10300000011920929,33.46628597843248
cat-3400552,0.005,148.389556885,1.0,4.010045051574707,4.010045051574707,4.010045051574707,4.010045051574707,9,8,6.933941224375184e-07,6.933941224375184e-07,6.933941224375184e-07,6.933941224375184e-07,0.0731734947186594,0.0731734947186594,0.0731734947186594,0.0731734947186594,0.26585110880690876,2.0,6.667937133137393,0.3499999940395356,0.3499999940395356,0.3499999940395356,0.3499999940395356,3.4410838615751715,0.12540043985121865,0.4620508900315029,0.4620508900315029,0.4620508900315029,0.4620508900315029,0.10300000011920929,0.10300000011920929,0.10300000011920929,0.10300000011920929,34.78252615161036
cat-3400633,0.005,148.389556885,1.0,4.010045051574707,4.010045051574707,4.010045051574707,4.010045051574707,9,14,3.5706169321542906e-07,3.5706169321542906e-07,3.5706169321542906e-07,3.5706169321542906e-07,0.06419828495877057,0.06419828495877057,0.06419828495877057,0.06419828495877057,0.26914891600608826,2.0,4.828506219369702,0.3499999940395355,0.3499999940395355,0.3499999940395355,0.3499999940395355,3.538438081741333,0.11897246539592743,0.46218419075012207,0.46218419075012207,0.46218419075012207,0.46218419075012207,0.10300000011920929,0.10300000011920929,0.10300000011920929,0.10300000011920929,41.38343862936299
cat-3400553,0.005,148.389556885,1.0,4.010045051574707,4.010045051574707,4.010045051574707,4.010045051574707,9,14,9.132425608373619e-08,9.132425608373619e-08,9.132425608373619e-08,9.132425608373619e-08,0.05775811857816571,0.05775811857816571,0.05775811857816571,0.05775811857816571,0.26259069374500177,2.0,5.434599933956675,0.3499999940395355,0.3499999940395355,0.3499999940395355,0.3499999940395355,3.344833490768492,0.13175553081493524,0.4619191007410747,0.4619191007410747,0.4619191007410747,0.4619191007410747,0.10300000011920929,0.10300000011920929,0.10300000011920929,0.10300000011920929,38.97371501615924
cat-3400579,0.005,148.389556885,1.0,2.3265130519866943,2.3265130519866943,2.3265130519866943,2.3265130519866943,3,14,7.992621592649059e-07,7.992621592649059e-07,7.992621592649059e-07,7.992621592649059e-07,0.04644069719515046,0.04644069719515046,0.04644069719515046,0.04644069719515046,0.26914891600608826,2.0,4.844495142918275,0.5033765157246498,0.5033765157246498,0.5033765157246498,0.5033765157246498,3.5384380817413335,0.11897246539592742,0.4432806635230811,0.4432806635230811,0.4432806635230811,0.4432806635230811,0.06864366229687177,0.06864366229687177,0.06864366229687177,0.06864366229687177,41.32718056730128
cat-3400634,0.005,148.389556885,1.0,2.3265130519866943,2.3265130519866943,2.3265130519866943,2.3265130519866943,3,14,1.2149859118153035e-07,1.2149859118153035e-07,1.2149859118153035e-07,1.2149859118153035e-07,0.020601962307055844,0.020601962307055844,0.020601962307055844,0.020601962307055844,0.26914891600608826,2.0,4.782814921759603,0.48664472652018553,0.48664472652018553,0.48664472652018553,0.48664472652018553,3.538438081741333,0.11897246539592743,0.4453428424622609,0.4453428424622609,0.4453428424622609,0.4453428424622609,0.07239158274757074,0.07239158274757074,0.07239158274757074,0.07239158274757074,41.54420641643886
cat-3400580,0.005,148.389556885,1.0,4.010045051574707,4.010045051574707,4.010045051574707,4.010045051574707,9,14,1.6640994772667657e-07,1.6640994772667657e-07,1.6640994772667657e-07,1.6640994772667657e-07,0.028321199793217823,0.028321199793217823,0.028321199793217823,0.028321199793217823,0.2691489160060883,2.0,5.335418219035604,0.3499999940395355,0.3499999940395355,0.3499999940395355,0.3499999940395355,3.538438081741333,0.11897246539592744,0.46218419075012207,0.46218419075012207,0.46218419075012207,0.46218419075012207,0.10300000011920929,0.10300000011920929,0.10300000011920929,0.10300000011920929,39.59983595902703
cat-3400554,0.005,148.389556885,1.0,4.010045051574707,4.010045051574707,4.010045051574707,4.010045051574707,9,14,5.097660083564797e-07,5.097660083564797e-07,5.097660083564797e-07,5.097660083564797e-07,0.02567095329069678,0.02567095329069678,0.02567095329069678,0.02567095329069678,0.26914891600608826,2.0,5.535775108829481,0.3499999940395355,0.3499999940395355,0.3499999940395355,0.3499999940395355,3.538438081741333,0.11897246539592743,0.46218419075012207,0.46218419075012207,0.46218419075012207,0.46218419075012207,0.10300000011920929,0.10300000011920929,0.10300000011920929,0.10300000011920929,38.89486727828542
cat-3400613,0.005,148.389556885,1.0,4.010045051574707,4.010045051574707,4.010045051574707,4.010045051574707,9,14,1.20240659086196e-07,1.20240659086196e-07,1.20240659086196e-07,1.20240659086196e-07,0.05234605265207354,0.05234605265207354,0.05234605265207354,0.05234605265207354,0.2691489160060883,2.0,5.442096671824953,0.3537165197825282,0.3537165197825282,0.3537165197825282,0.3537165197825282,3.538438081741333,0.11897246539592743,0.461726132079859,0.461726132079859,0.461726132079859,0.461726132079859,0.10216749842632429,0.10216749842632429,0.10216749842632429,0.10216749842632429,39.2244809203067
